path	baseline_blob	bytes	lines	kind	status	review_depth	finding_ids	evidence
crates/beryl-app/src/backend_failure.rs	031c33a4c7f58d4d34a4913674ac1ee8068e90b6	2030	69	source	audited	full_bodies		Examined 1-69. Bounded user-detail formatting; character limits intentionally differ from byte-limited diagnostics.
crates/beryl-app/src/branch_discussion_dynamic_tools.rs	85e91eb57cd41a3480624f725c931b8d65b79169	5545	170	source	audited	full_bodies		Examined 1-170. Shared streaming object sink already enforces nonempty scalar and byte bounds; move-only feature dispatch retained.
crates/beryl-app/src/cas_projection/accepted_delivery_recovery.rs	80bf47ca64a07ec58a419badd0e80c13b72f9623	14975	374	source	audited	full_bodies		Examined 1-374, all bodies/types/cfg; Bounded startup scan, one drift restart, exact abandonment and terminal convergence retained.
crates/beryl-app/src/cas_projection/accepted_input_scheduler.rs	4a2966785e5a48e92e482125d4173e4cfb8f5d5f	878	27	source	audited	declarations_only		Examined 1-27, all bodies/types/cfg; All scheduler module declarations and visibility exports retained.
crates/beryl-app/src/cas_projection/accepted_input_scheduler/completion.rs	1a0bd601b25d26a751330a6615a43e31bcb890fd	1377	52	source	audited	full_bodies		Examined 1-52, all bodies/types/cfg; Bounded completion publication/drain remains tied to worker permits.
crates/beryl-app/src/cas_projection/accepted_input_scheduler/context.rs	80acadd539731885c7f006a8b3d3e1cb267e34df	4588	144	source	audited	full_bodies		Examined 1-144, all bodies/types/cfg; Separate renewable steering and terminal ordinary cancellation retained.
crates/beryl-app/src/cas_projection/accepted_input_scheduler/failure.rs	ac113207159262850411a4b4185c06fd6f512783	918	22	source	audited	declarations_only		Examined 1-22, all bodies/types/cfg; All failure modules and typed reexports examined.
crates/beryl-app/src/cas_projection/accepted_input_scheduler/failure/gate.rs	c050f2545b0ca430f66d62c106ed35a5347cbf0e	1791	43	source	audited	full_bodies		Examined 1-43, all bodies/types/cfg; Exact command-gate shutdown/failure election retained.
crates/beryl-app/src/cas_projection/accepted_input_scheduler/failure/health.rs	4c727bef5744a9b2ce08a4642fa9e0d25b9ece44	4183	126	source	audited	full_bodies	AI-002	Examined 1-126, all bodies/types/cfg; AI-002 shares closed traversal while preserving matching-generation unhealthy versus Failed-cut predicates.
crates/beryl-app/src/cas_projection/accepted_input_scheduler/failure/provenance.rs	c0a59364129f6359b31f0e9c0f26e137d97a8eaf	6966	192	source	audited	full_bodies	AI-002	Examined 1-192, all bodies/types/cfg; AI-002 preserves coordinator/admission/publication error provenance and explicit cut evidence while sharing traversal.
crates/beryl-app/src/cas_projection/accepted_input_scheduler/failure/reconciliation.rs	df92979eabd7ba0c18e03af8ad4cb3c2bc353730	2011	51	source	audited	full_bodies		Examined 1-51, all bodies/types/cfg; Persistent failure reconciliation observes then rechecks gate; no timer or retry introduced.
crates/beryl-app/src/cas_projection/accepted_input_scheduler/failure/settlement.rs	0cdaf4d6e13d77c0a9b4bd4b0432ca2fa16dae96	12548	303	source	audited	full_bodies	AI-002	Examined 1-303, all bodies/types/cfg; AI-002 shares nested replay/steering/broker traversal without collapsing cut-only callers.
crates/beryl-app/src/cas_projection/accepted_input_scheduler/failure/types.rs	03ce55b80b137766cbd92efab70d3ab69d4d3c96	968	35	source	audited	full_bodies		Examined 1-35, all bodies/types/cfg; Fatal-dominant merge has redundant final condition; negligible local cleanup.
crates/beryl-app/src/cas_projection/accepted_input_scheduler/handle.rs	bdfbaffd5824beeeaa79efc43733c4c7639e6efb	4638	129	source	audited	full_bodies		Examined 1-129, all bodies/types/cfg; Startup gate, panic quiescence, shutdown and join ownership retained; unmounted lifecycle hooks are required architecture.
crates/beryl-app/src/cas_projection/accepted_input_scheduler/native_lineage.rs	9245dfce0e8eeb148e72616fed7ff03a1c1d3933	8611	214	source	audited	full_bodies	AI-004	Examined 1-214, all bodies/types/cfg; Ready permit-before-take and retained native recovery attempts preserved.
crates/beryl-app/src/cas_projection/accepted_input_scheduler/next_turn.rs	2c784f45b217b2bc40210a5b5d7c4815299b096d	15502	392	source	audited	full_bodies		Examined 1-392, all bodies/types/cfg; Full source/candidate paging and admission loop reviewed; compact cursor state and distinct wake causes retained.
crates/beryl-app/src/cas_projection/accepted_input_scheduler/next_turn/authority.rs	1765eaf919b72813e324d2e0bf6ce9052aba91a5	11669	295	source	audited	full_bodies		Examined 1-295, all bodies/types/cfg; Lease validation and promotion reservation differ in registry/gate linearization and cannot be blindly merged.
crates/beryl-app/src/cas_projection/accepted_input_scheduler/next_turn/worker.rs	93bfb996de7af49c0a58704b58490d74f8bd37bb	10968	281	source	audited	full_bodies	AI-001,AI-004	Examined 1-281, all bodies/types/cfg; Promotion reconciliation wraps every status in Some((true,status)); impossible None/false branches can be removed.
crates/beryl-app/src/cas_projection/accepted_input_scheduler/next_turn/worker/execution.rs	2e66f685121099a0838489f90cf82ab36afec9ed	7520	185	source	audited	full_bodies		Examined 1-185, all bodies/types/cfg; Pending projection/ordinary execution and recursive failure-chain classification retained.
crates/beryl-app/src/cas_projection/accepted_input_scheduler/next_turn/worker/preparation.rs	19ca335558bc43a8666d09d01c25bc042eec9afe	4780	135	source	audited	full_bodies		Examined 1-135, all bodies/types/cfg; One reconciliation reread, exact selected path and typed clock/random identities retained.
crates/beryl-app/src/cas_projection/accepted_input_scheduler/next_turn/worker/settlement.rs	76929ada4124413bca800f485e034632e1ebc3ab	6010	149	source	audited	full_bodies		Examined 1-149, all bodies/types/cfg; Projection release/disposal precedes typed failure settlement; all ordinary outcomes examined.
crates/beryl-app/src/cas_projection/accepted_input_scheduler/recovered_pending.rs	4475b4e8a6ffde213f1f0733ab52f00a83569337	18615	486	source	audited	full_bodies	AI-004	Examined 1-486. Full recovery cursor paging/rebase and worker execution reviewed; preserves continuation after stale or skipped sources, unlike accepted-next scans.
crates/beryl-app/src/cas_projection/accepted_input_scheduler/runtime.rs	efd08f8252da21122ea2e4ddd25b4dfbb6264a14	12145	274	source	audited	full_bodies	AI-004	Examined 1-274. All run, fail-closed, emergency-quiescence and injected-worker cfg bodies reviewed; lane wake logic and joins retained.
crates/beryl-app/src/cas_projection/accepted_input_scheduler/signal.rs	72530a49439945e6ef9f704fb66f1cc7e99bc942	359	11	source	audited	declarations_only		Examined 1-11. Every conditional module declaration and export examined.
crates/beryl-app/src/cas_projection/accepted_input_scheduler/signal/diagnostics.rs	6764314a16ed01e2d8ba2f4f67dc205031f92ce6	6590	265	source	audited	full_bodies		Examined 1-265. Every diagnostic getter/aggregate examined; lane domains and saturating sums retained; constant zero retry timers are observational only.
crates/beryl-app/src/cas_projection/accepted_input_scheduler/signal/handle.rs	a0271e3aea41b790971bb9e630e5d0359f568662	5169	162	source	audited	full_bodies		Examined 1-162. All atomic wake batching, recovery handoff, sticky shutdown and condvar waits examined; no new queue needed.
crates/beryl-app/src/cas_projection/accepted_input_scheduler/signal/state.rs	3d30ef86579b52a2adbb10ec90bc9da5872977fc	5467	129	source	audited	full_bodies	AI-005	Examined 1-129. All state declarations and initializers examined; zero/false diagnostics can use derived Default with Ineligible enum default.
crates/beryl-app/src/cas_projection/accepted_input_scheduler/signal/tests.rs	36079397fb108a25edf63a825f0b0b17fe2d868d	4042	102	test	audited	full_bodies	AI-005	Examined 1-102. All five tests read; duplicate/coalesced wakes, recovery, completion exclusion, simultaneous lane release and blocking shutdown scenarios retained.
crates/beryl-app/src/cas_projection/accepted_input_scheduler/signal/wake.rs	37890c9a5813086fc72eb5c7e206a4f7d69aedd3	4382	129	source	audited	full_bodies		Examined 1-129. All wake bits, reason mapping and masks examined; masks deliberately distinguish lanes and continuation causes.
crates/beryl-app/src/cas_projection/accepted_input_scheduler/steering.rs	7d6a45fdcdc7284c7aab61d7abf07488375dfbe4	18245	470	source	audited	full_bodies		Examined 1-470. All steering source/candidate scans, launch gate, worker batch and target lookup read; retry eligibility and one exact attempt retained.
crates/beryl-app/src/cas_projection/accepted_input_scheduler/workers.rs	14ce3aae8f14e3a04efa4c943a6ca40ef1bc6359	5338	142	source	audited	full_bodies	AI-004	Examined 1-142. All worker registration, completion join and disposition bodies read; physical joins and failure propagation retained.
crates/beryl-app/src/cas_projection/active_steering.rs	1d67e2ec59568c02ea654e2c75762d7faa15c6d7	824	30	source	audited	declarations_only	AI-003	Examined 1-30. All active-steering module/cfg declarations and include mount examined.
crates/beryl-app/src/cas_projection/active_steering/model.rs	7a73c0c68134439607bde4807928e270437b23ea	4981	136	source	audited	full_bodies		Examined 1-136. All typed outcomes/errors/retry policy read; cancellation nondispatch versus failed target policy remains distinct.
crates/beryl-app/src/cas_projection/active_steering/outcome.rs	cfdba83bc6c01e9948cfa14e5ae58b7261ceddda	5893	183	source	audited	full_bodies	AI-003,AI-006	Examined 1-183. All nonidempotent command classification, retry and loss bodies read; common current-attempt helpers duplicate siblings.
crates/beryl-app/src/cas_projection/active_steering/outcome/rejection.rs	e0fb0a9291cb75579101d041cd727762119dbb19	3499	107	source	audited	full_bodies	AI-003,AI-006	Examined 1-107. Full exact rejection body and guards read; structured ActiveTurnNotSteerable differs from unconfirmed rejection.
crates/beryl-app/src/cas_projection/active_steering/outcome/success.rs	8376b0f98f4f0db2343454887e2dd4fa2c009131	3587	112	source	audited	full_bodies	AI-003,AI-006	Examined 1-112. Full success/lifecycle equality and guard bodies read; completion mismatch must remain distinct from authority loss.
crates/beryl-app/src/cas_projection/active_steering/predispatch.rs	c82e476497620700bb0ca25d090407a830209e48	7758	226	source	audited	full_bodies	AI-003,AI-006	Examined 1-226. All replay preparation, armed/unarmed retry, authorization/lifecycle loss and guard bodies read; test pause cuts preserved.
crates/beryl-app/src/cas_projection/active_steering/publication.rs	b78be53bab5b27ef1aa616d681165b36b98a5347	3219	105	source	audited	full_bodies	AI-006	Examined 1-105. All four publication wrappers and terminal command match read; unused identity/generation/limit forwarding and consumed-request clones are removable.
crates/beryl-app/src/cas_projection/active_steering/settle.rs	b3c34e05957f7e5ccf34835ac0208db2c305c965	8884	257	source	audited	full_bodies	AI-003,AI-006	Examined 1-257. Every typed disposition and armed/unarmed release/loss path read; owner release then attempt finish/target convergence order retained.
crates/beryl-app/src/cas_projection/active_steering/target.rs	8ffb600fcb73b6ebaa170fa0fcf93a802f92b7eb	5024	142	source	audited	full_bodies	AI-003	Examined 1-142. All capability forwarding bodies read; acquire_attempt repeats identical branches differing only in boolean argument.
crates/beryl-app/src/cas_projection/active_steering/test_support.rs	c3abd319576c4b7ea746dddec6deb0bd1e036a43	3605	132	source	audited	full_bodies		Examined 1-132. All pause-key/token registry, bounded channels, timeout and Drop bodies read; exact-token removal preserves concurrent test isolation.
crates/beryl-app/src/cas_projection/active_steering/worker.rs	71a7ebe1746c77104ca99b13e3377332ad6f75dc	10812	346	source	audited	full_bodies	AI-003,AI-006	Examined 1-346. All test delivery and production claim, preparation, authorization and guard bodies read; retained worker borrow is custody despite unused binding.
crates/beryl-app/src/cas_projection/cancellation.rs	660ee33746d9d7cf9806951c0f452214a0ceea76	1266	40	source	audited	full_bodies		One-way release/acquire atomic cancellation observed at safe operation boundaries; no smaller contract-preserving owner needed.
crates/beryl-app/src/cas_projection/connection.rs	b178bc1a4bf67ee397838ea2aec109c671e80cd2	5897	147	source	audited	declarations_only		All imports/reexports/module/constant/enum declarations examined; no implementation bodies.
crates/beryl-app/src/cas_projection/connection/attachment.rs	0e211935fc693ab81c9d7b1ad1939546b4d60812	6113	165	source	audited	full_bodies	AC-003	Full bodies: immutable attachment; cancellation independent of runtime lock; poisoned handle still joined; exact terminal receipt.
crates/beryl-app/src/cas_projection/connection/authority.rs	f7f9107f22a9dc6e1c081a15a8cb2a9c23d20548	27328	764	source	audited	full_bodies	AC-001	All physical file bodies/types/macros/cfg examined; see linked file-level findings; all assigned source/test bodies reviewed.
crates/beryl-app/src/cas_projection/connection/driver.rs	6b94f86b39a0469a31cd2e01d4822e5580486a2b	51128	1408	source	audited	full_bodies	AC-002,BR-004	All physical file bodies/types/macros/cfg examined; see linked file-level findings; all assigned source/test bodies reviewed.
crates/beryl-app/src/cas_projection/connection/driver_outcome.rs	70233c6c3abe601e51987ffb2b6647cbd2018e7f	1148	45	source	audited	full_bodies		Full bodies: preserves operation result plus first routing failure; small typed envelope retained.
crates/beryl-app/src/cas_projection/connection/forwarding_hub.rs	7a11469a41069b862c482b55c5868cb98175eef1	11355	350	source	audited	full_bodies		Full bodies/cfg hooks: single attachment, inert barrier, thread-close routing and ownership-preserving sink forwarding retained pending larger topology review.
crates/beryl-app/src/cas_projection/connection/lease.rs	a7972133b93fd746e66e6410d17d044412d08382	9327	303	source	audited	full_bodies		Full bodies: raw seed unwind custody, exact lease tokens, release-before-unsubscribe, master-gate Drop settlement retained.
crates/beryl-app/src/cas_projection/connection/lease/terminal_disposition.rs	18c91a3ab18e9eb90cbcf20d4eebd5e117fa02f1	2465	81	source	audited	full_bodies		Full bodies: move-only terminal/local registry disposition wrappers preserve no-backend-I/O Drop.
crates/beryl-app/src/cas_projection/connection/lifecycle.rs	84d7eae042a88eb4f00583d4ea9535f986c47421	50339	1335	source	audited	full_bodies	AC-003,AC-005	All physical file bodies/types/macros/cfg examined; see linked file-level findings; all assigned source/test bodies reviewed.
crates/beryl-app/src/cas_projection/connection/persistent_failure.rs	7bfe4a526cf3287ea3aab0f99e6abdbdf5fce069	16867	519	source	audited	full_bodies		Full bodies including three source-local tests: exact-cut one-shot obligations, first result, attempted-on-unwind fallback retained.
crates/beryl-app/src/cas_projection/connection/provider_broker.rs	0e3014fee112d2ffd9691234b9583edb795c7ab6	1293	32	source	audited	declarations_only	AC-005	All imports/reexports/module/constant/enum declarations examined; no implementation bodies.
crates/beryl-app/src/cas_projection/connection/provider_broker/approval.rs	a14196f5a73896b40823263e9cbb7e9b21f2757c	4087	142	source	audited	full_bodies		Full bodies: reservation/close-after-install/Pending distinctions preserve concurrent cancellation.
crates/beryl-app/src/cas_projection/connection/provider_broker/channel.rs	c17e32d04229cbf3b0b9b00f9904ee76e177b542	13892	376	source	audited	full_bodies		Full bodies/cfg: ack preserves sole operation ownership through cancellation; typed special replies and metrics ordering retained.
crates/beryl-app/src/cas_projection/connection/provider_broker/consumer.rs	8a207027f8b768fe848eccd25f92f391dfc06b61	6045	187	source	audited	full_bodies		Full bodies: separate prepare/publication, route-bound frame/issue and typed custody/error classification retained.
crates/beryl-app/src/cas_projection/connection/provider_broker/consumer/lifecycle.rs	b8199716a7201cd814e96ae657e431c5c81dd83c	6659	182	source	audited	full_bodies		Full bodies: exact predecessor/lifecycle/kind/time classification retained.
crates/beryl-app/src/cas_projection/connection/provider_broker/consumer/staging.rs	d2544bf27fd7b12ef160d5c95be05d48b4c2c1c1	11966	319	source	audited	full_bodies	AC-004	All physical file bodies/types/macros/cfg examined; see linked file-level findings; all assigned source/test bodies reviewed.
crates/beryl-app/src/cas_projection/connection/provider_broker/ingester.rs	09d2ecfcf1fa70915a814077322c1cd0eb9e954b	10412	337	source	audited	full_bodies	AC-005,AC-006	All physical file bodies/types/macros/cfg examined; see linked file-level findings; all assigned source/test bodies reviewed.
crates/beryl-app/src/cas_projection/connection/provider_broker/ingester/activation.rs	4969d995ac54a2aca624c3fdc0e919a6de1171c0	6602	173	source	audited	full_bodies		Full bodies: exact source activation proof, current-home guard, publication panic and authority outcomes retained.
crates/beryl-app/src/cas_projection/connection/provider_broker/ingester/active.rs	5329cb053ae6cf16237c1db08bd331f85b1d3661	1586	46	source	audited	full_bodies		Full bodies: one closed ingress union; consuming abandonment retained.
crates/beryl-app/src/cas_projection/connection/provider_broker/ingester/approval.rs	036b49a787759e7666db3a720da8fbf133cca03c	6200	163	source	audited	full_bodies		Full bodies/cfg: reserved interruption installed before ack, typed target invalidation and permission-stop ordering retained.
crates/beryl-app/src/cas_projection/connection/provider_broker/ingester/compaction.rs	3dbca9f355193cf33e7e5f910642be711b74e262	10061	260	source	audited	full_bodies		Full bodies: compaction marker/control and ordinary activation retain separate typed target authority.
crates/beryl-app/src/cas_projection/connection/provider_broker/ingester/construction.rs	6d2db0fa9cdd865be59bf617b6427cdc9b129c61	13911	385	source	audited	full_bodies	AC-005,AC-006	All physical file bodies/types/macros/cfg examined; see linked file-level findings; all assigned source/test bodies reviewed.
crates/beryl-app/src/cas_projection/connection/provider_broker/ingester/control.rs	efa7d77c5c9b16d37587ecf41690a1c7591058a5	5410	154	source	audited	full_bodies		Full bodies/cfg: shared cancellation closes approval/steering and wakes ack without discarding operation custody.
crates/beryl-app/src/cas_projection/connection/provider_broker/ingester/core.rs	9b0932a76b241081ab893ac526c78ee0e681f3ed	13514	341	source	audited	full_bodies	AC-004	All physical file bodies/types/macros/cfg examined; see linked file-level findings; all assigned source/test bodies reviewed.
crates/beryl-app/src/cas_projection/connection/provider_broker/ingester/disposition.rs	77dde60a885ba27a155844175fe1f6540711c3c4	1724	54	source	audited	full_bodies	AC-005	Full bodies: exact service/home and clean-worker receipt checks retained; split construction candidate deferred.
crates/beryl-app/src/cas_projection/connection/provider_broker/ingester/dynamic.rs	4156efd5e1657fb94dcba6e5b4b92ec0aaeabb9d	6265	181	source	audited	full_bodies		Full bodies: exact dynamic target permit, bounded builder/page reuse and response admission retained.
crates/beryl-app/src/cas_projection/connection/provider_broker/ingester/lifecycle.rs	6a312f2ef76a7cc489f150f1f2afb6110ec802be	11696	381	source	audited	full_bodies	AC-005	All physical file bodies/types/macros/cfg examined; see linked file-level findings; all assigned source/test bodies reviewed.
crates/beryl-app/src/cas_projection/connection/provider_broker/ingester/operations.rs	f1b8d0a066056d0c5b15bf344a26faa95172f5d3	614	24	source	audited	full_bodies		Module/include declarations inspected; included test bodies reviewed at their separate physical paths.
crates/beryl-app/src/cas_projection/connection/provider_broker/ingester/operations/publication.rs	32dbcc494dea4219a0a76f3e4b87e128359d8137	9863	266	source	audited	full_bodies		Full bodies: route-bound permit, consuming seal custody installed before reply, publication/authority failure distinctions retained.
crates/beryl-app/src/cas_projection/connection/provider_broker/ingester/operations/staging.rs	1f175c1f7a67e07978830b6f5a27b1f6aa5b9c0f	11442	297	source	audited	full_bodies		Full bodies: begin/control/fragment, immediate Indeterminate installation, sole stager/page ownership retained.
crates/beryl-app/src/cas_projection/connection/provider_broker/ingester/state.rs	06f4c922aa51718f78c41d309a8bcdf74b385c0a	1960	73	source	audited	full_bodies		Full bodies: first whole-connection failure and cancellation-aware bounded receive retained.
crates/beryl-app/src/cas_projection/connection/provider_broker/ingester/steering_user.rs	793c34efa0ab87a2d169bef9a8b9c3b5b3b0c618	17657	496	source	audited	full_bodies		Full bodies/cfg: exact route selection, range replay, checked lifecycle handoff and loss distinction retained.
crates/beryl-app/src/cas_projection/connection/provider_broker/ingester/steering_user/replay.rs	92626678d1b41e8297222e4f9e4409409be97395	1792	62	source	audited	full_bodies		Full bodies: small typed home/cancellation adapter over shared AcceptedInputReplaySource retained.
crates/beryl-app/src/cas_projection/connection/provider_broker/ingester/steering_user/tests.rs	649b78f1c0e666381e3c72bb13fd0bd931475cc8	105	4	test	audited	full_bodies		Include expression inspected; physical included steering test source fully reviewed separately.
crates/beryl-app/src/cas_projection/connection/provider_broker/ingester/submitted_user.rs	b35ca68e9a62f65ff45880e3730e6fd4091d70fd	15044	380	source	audited	full_bodies		Full bodies/cfg: exact submitted user source, first/completed frame, permit and current-home checks retained.
crates/beryl-app/src/cas_projection/connection/provider_broker/ingester/terminal.rs	eac80adbb1d9f692bc5a48b290a16164eac2ddd5	17149	469	source	audited	full_bodies		Full bodies: bounded terminal item audit, exact durable outcome and publication-before-ack retained; repair target remains paused planned work.
crates/beryl-app/src/cas_projection/connection/provider_broker/loss.rs	dac58b539b266fc2ef28a94653d6ef85beade4b8	19212	512	source	audited	full_bodies		Full bodies: ordinary/owned steering loss preserve publication and owner-release ordering; common finish helper only a tentative lead.
crates/beryl-app/src/cas_projection/connection/provider_broker/loss/abandonment.rs	c298c89109563de3efc7cddd4638962865693916	9039	197	source	audited	full_bodies		Full bodies: revision-stabilized exact active binding proof and accepted-route loss disposition retained.
crates/beryl-app/src/cas_projection/connection/provider_broker/staging.rs	426196d291709475f67dfd9433f7ca27aff3d20d	1964	51	source	audited	full_bodies	AC-004	All physical file bodies/types/macros/cfg examined; see linked file-level findings; all assigned source/test bodies reviewed.
crates/beryl-app/src/cas_projection/connection/provider_broker/steering_result.rs	79ce9542176f151ea7701687c6c3a9e85df1c786	22975	685	source	audited	full_bodies		Full bodies: distinct arm/select/publish/consume/seal states and exact two-result ownership retained.
crates/beryl-app/src/cas_projection/connection/provider_broker/translation.rs	0bd29c3a3b91d2a2c165a363822c509450d66528	10758	349	source	audited	full_bodies	AC-007	All physical file bodies/types/macros/cfg examined; see linked file-level findings; all assigned source/test bodies reviewed.
crates/beryl-app/src/cas_projection/connection/recovery_source_broker.rs	2b5c2bde5c0d889ae4da02bbc3dd54cdc5d33c1e	12557	406	source	audited	full_bodies		Full bodies: one page/two capacity-one rings, ownership-return completion and weak diagnostics retained.
crates/beryl-app/src/cas_projection/connection/recovery_source_broker/tests.rs	61824248f20d669f73d81f523b56d4f80e8a13b9	1643	50	test	audited	full_bodies		Full tests: dropped service releases leased page; typed cancellation closes both broker sides.
crates/beryl-app/src/cas_projection/connection/registry.rs	4645e62fedc8d9955544409aad257daf6ca194e5	11393	357	source	audited	full_bodies		Full bodies: process-wide exact lease/generation indexes, per-connection authority counts and collision classification retained.
crates/beryl-app/src/cas_projection/connection/router.rs	286f0fd6b185c6272007c99cbeeecf0a1c9c2b10	27665	829	source	audited	full_bodies		All bodies/types/cfg reviewed: typed target envelopes, bounded router state and separate receiver/proof roles retained; all router implementation and source-local tests reviewed.
crates/beryl-app/src/cas_projection/connection/router/activation.rs	34c92f5e893c0e73103b83f49cac1f11ae8f557a	4912	134	source	audited	full_bodies		Full bodies: wait for publication without holding drain permit, reacquire exact response authority and preserve terminal reason.
crates/beryl-app/src/cas_projection/connection/router/active_steering.rs	9a93b3c0d49f75fef11002acf6d61880b43e19bd	22015	588	source	audited	full_bodies		All bodies: exact connection-wide steering attempt, one-shot dispatch, delayed-lifecycle protection and loss handoff retained.
crates/beryl-app/src/cas_projection/connection/router/approval.rs	7a72dbdb56afd9610f6ed85ee0f6bcc72789b335	15426	392	source	audited	full_bodies		All bodies: queue admission preserves sole approval request and independent permission-stop obligation across target failure.
crates/beryl-app/src/cas_projection/connection/router/close_reason.rs	39dce370640b89a43fffab692567967d88bff940	1926	40	source	audited	declarations_only		All imports/reexports/module/constant/enum declarations examined; no implementation bodies.
crates/beryl-app/src/cas_projection/connection/router/command.rs	92e7c7ea70f0641ac8ef3806fc4b78f791aea128	5909	134	source	audited	full_bodies		Full bodies: turn-start one-shot authorization and not-started/terminal handoff retain queue/response fences.
crates/beryl-app/src/cas_projection/connection/router/compaction.rs	d02026eee3a9527e205edb6cafce146ae7c822c6	10420	271	source	audited	full_bodies		All bodies: compact-control publication retains exact provider-operation target and first-turn state transition; distinct finish gate retained.
crates/beryl-app/src/cas_projection/connection/router/consumer.rs	afaf9e7ae77514808fef11f9c0483fc223e4fdfc	14821	409	source	audited	full_bodies		All bodies/cfg: move-only live target, typed handoff gates and queue-drain-before-terminal polling retained.
crates/beryl-app/src/cas_projection/connection/router/delayed_steering.rs	19088ebb0951382b89943985734a5bda7e470ac1	12832	337	source	audited	full_bodies		All bodies: delayed checked lifecycle reservation and publication under active steering protection; exact loss cleanup retained.
crates/beryl-app/src/cas_projection/connection/router/dynamic_tool.rs	5d992a8b825c57e26c511b9ef0f9359a98f08aa7	16340	379	source	audited	full_bodies		All bodies: dynamic response Arc identity, capacity bound, non-cloneable call ownership and remove-before-response authorization retained.
crates/beryl-app/src/cas_projection/connection/router/loss.rs	a4fbb08f788236aa3360d8808976a04a040c3ce7	20662	548	source	audited	full_bodies		All bodies/cfg: target loss waits without drain-counted permit, preserves terminal-winner result and transfers steering ownership exactly.
crates/beryl-app/src/cas_projection/connection/router/permit.rs	eb37d34deb55e35c01768f8af0596653753a553d	25071	674	source	audited	full_bodies		All bodies/cfg: source/terminal admission, stop-election deadline, held post-commit permit, authority-loss release and wake ordering retained.
crates/beryl-app/src/cas_projection/connection/router/persistent_failure.rs	7b976d6cf99451e2dc7a3073328d999d56fecf41	19350	537	source	audited	full_bodies		All bodies/types: deterministic bounded freeze, exact failed-admission eligibility, frozen/spent guards and dispatch revalidation retain one-use failure authority.
crates/beryl-app/src/cas_projection/connection/router/process.rs	128bf3058e438255d2feeb4023c814b4092d6910	8190	269	source	audited	full_bodies		All bodies: unique connection fact owner distinct from read-only observations; weak process registry and one-time retirement retained.
crates/beryl-app/src/cas_projection/connection/router/registration.rs	bac72c240577dcaf43b4c7d30334978ed258a966	5899	146	source	audited	full_bodies		Full body: exact registration/master gate, bounded targets, lane fences and non-cloneable receiver admission retained.
crates/beryl-app/src/cas_projection/connection/router/snapshot.rs	a2496858fcb8ecbcb0bc1c8afebb35da54dd5d06	2149	51	source	audited	full_bodies		Full bodies: bounded content-free queue/response aggregate facts retained.
crates/beryl-app/src/cas_projection/connection/router/state.rs	a8e4f9d5800b24ebef6327b206af98295e3aa1e5	15744	413	source	audited	full_bodies		All bodies/cfg: master-gate settlement, preserved failure projection custody, ordinary close and source-ordered thread-close mutation retained.
crates/beryl-app/src/cas_projection/connection/router/stop.rs	4e0676fd762662328d5b8ee65c6e6b890f024685	18602	515	source	audited	full_bodies		All bodies/cfg: permit-free deadline wait, final reauthorization, persistent-only transfer, volatile proof preservation and exact Drop settlement retained.
crates/beryl-app/src/cas_projection/connection/router/target.rs	1bc2a88712bb493d8da3023af2adbaa1e47358cd	5344	152	source	audited	full_bodies		All bodies: defer closure to in-flight owners; preserve pending activation for loss; bounded retired lanes and distinct terminal publication retained.
crates/beryl-app/src/cas_projection/connection/router/tests.rs	88f4725e6ecc3c71e5a4880f7a3ac4dbbc59e87a	9634	288	test	audited	full_bodies		All bodies/modules: exact router registration and ownership fixtures, approval queue handoff, terminal ordering and nondispatch requirements retained.
crates/beryl-app/src/cas_projection/connection/router/tests/active_steering.rs	ebeb46de934d94814c1eaaac729eac994d7a2d59	12478	374	test	audited	full_bodies	AC-008	All test/helper bodies: active-attempt global exclusion, deferred close/loss, terminal winner and Drop behavior retained; shared setup/wait opportunity.
crates/beryl-app/src/cas_projection/connection/router/tests/compaction.rs	21e2ce3acc9fb50bc77e406c4507d92805965b09	3802	118	test	audited	full_bodies		All test/helper bodies: distinct compaction admission without ordinary pending activation and durable terminal-before-loss evidence retained.
crates/beryl-app/src/cas_projection/connection/router/tests/delayed_steering.rs	3cd311bb067ad1f1fba45f9902a596312d856940	14523	411	test	audited	full_bodies	AC-008	All test/helper bodies: durable exact target, callback under lock, close/loss suppression and unfinished Drop failure retained; shared setup/wait opportunity.
crates/beryl-app/src/cas_projection/connection/router/tests/persistent_failure.rs	9fd25a9f8a1e9b7c32742e8c1dac5efa8186d471	27290	726	test	audited	full_bodies		All bodies/types: eligibility case matrix, failure/command races, drain-safe stop wait, bounded deterministic targets and frozen proof invalidation retained.
crates/beryl-app/src/cas_projection/connection/router/tests/provider_publication.rs	2658b8fbf76ae3e87ead4ee97c7104a4f135e321	11969	341	test	audited	full_bodies	AC-008	All test/helper bodies: source activation, close/retirement deferral, terminal winner and held postcommit fence retained; shared setup/wait opportunity.
crates/beryl-app/src/cas_projection/connection/router/tests/queue_capacity.rs	6d6aaa4984e2f491ef2d5484a657425ed46de638	4817	140	test	audited	full_bodies		All bodies: exact one-over approval ownership return, accepted queue drain and later capacity reuse; no scenario reduction proposed.
crates/beryl-app/src/cas_projection/connection/router/tests/retirement.rs	67bd86c9d0806b20c92d26132507e89dd4939920	1845	54	test	audited	full_bodies		All bodies: present/absent closed-thread lane exhaustion both prove bounded connection retirement; retain distinct cases.
crates/beryl-app/src/cas_projection/connection/router/tests/stop_election.rs	ec42b24bddb45051ca3959b1890ad14d6356c6d2	7177	221	test	audited	full_bodies	AC-008	All test/helper bodies: stop/steering and terminal ordering, stale proof rejection and Drop release retained; shared activation setup opportunity.
crates/beryl-app/src/cas_projection/connection/source_broker.rs	b1fa3b847ec58c21bf83933de95eede77b809485	5266	170	source	audited	full_bodies		Full bodies: capacity-one per-request source exchange and typed Finished ownership retained; included test file fully reviewed separately.
crates/beryl-app/src/cas_projection/connection/target_command.rs	870a5737380170d027dabe39ab1e55c1d9c81d35	13912	354	source	audited	full_bodies	AC-002	All physical file bodies/types/macros/cfg examined; see linked file-level findings; all assigned source/test bodies reviewed.
crates/beryl-app/src/cas_projection/connection/thread_closed.rs	07b44189002ab8d9441010498e4a7db2fd854f34	4636	137	source	audited	full_bodies		Full bodies/cfg hook: router mutation before registry invalidation; registry still revoked on router failure.
crates/beryl-app/src/cas_projection/context_compaction/coordinator.rs	292600f2d03611d237a84bbb412a4f6fc44f50e8	22198	613	source	audited	full_bodies	AX-001,AX-002,AX-019,AX-020	All coordinator construction, queue and worker bounds, shutdown/join poison tests, counters, nonce/time, and shared deadline bodies reviewed; admission duplication tracked in AX-001 and high-water CAS in AX-002.
crates/beryl-app/src/cas_projection/context_compaction/coordinator/admission.rs	d5127175cc83f32400940e5ed9d1c7743f083556	11994	304	source	audited	full_bodies	AX-001,AX-019	Manual/lifecycle admission duplicates exact durable admission, reread, target conversion and enqueue cleanup; AX-001. Projection scan keeps exact runtime/lease/binding identity and duplicate-owner rejection.
crates/beryl-app/src/cas_projection/context_compaction/coordinator/dispatch.rs	1aa2698af41fa316c8fbe418ef660b43c44411e0	14414	351	source	audited	full_bodies		Dispatch/classification/terminal wait bodies and cfg branches reviewed; retain terminal-before-response distinction, no resend and original target reclamation; AX-002 counter call site.
crates/beryl-app/src/cas_projection/context_compaction/coordinator/model.rs	8b9bf6e3104b3979c4c88ba64309006dd8dd4501	4666	154	source	audited	full_bodies		Request timeout, outcomes, error/source fields and diagnostics accessors reviewed; whole-second bounded wait contract retained.
crates/beryl-app/src/cas_projection/context_compaction/coordinator/settlement.rs	743d07e69d194bdbe294ed0c943656f92275a01e	16444	422	source	audited	full_bodies		Provider publication, lifecycle content staging, fence, terminal success and settlement bodies reviewed; preserve exact marker plus terminal, user-work election and custody installation.
crates/beryl-app/src/cas_projection/context_compaction/coordinator/test_faults.rs	d5794b277733958e5184266e64c06e67c8168635	12629	380	source	audited	full_bodies		All test-fault and lifecycle harness bodies reviewed; distinct post-staging/worker capacity cuts retained; possible small common pause mechanics folded into later test support synthesis.
crates/beryl-app/src/cas_projection/context_compaction/mod.rs	915da51009a88a153bede1c38e81f3f1b6ffff45	695	19	source	audited	declarations_only		Only module declarations and cfg reexports; all examined.
crates/beryl-app/src/cas_projection/context_compaction/target.rs	e2781d7e87a6a8cea0d4ab70a0cb384e5b3ecca1	863	29	source	audited	full_bodies		Exact operation/provider-turn identity wrapper bodies reviewed; retained because typed router authority differs from generic ids.
crates/beryl-app/src/cas_projection/error.rs	2a120d92cbda686091bc62aa452f2b58d43d4f93	15325	358	source	audited	full_bodies		All error variants, thiserror attributes, constructors and match accessors reviewed; source-preserving classified error API retained.
crates/beryl-app/src/cas_projection/execute.rs	f8fceaf3775751b236b3eb73134e61e28c99f70d	18742	522	source	audited	full_bodies	AX-003,AX-010	All plan dispatch, current/resume acquisition and retirement/replan paths reviewed; shared mechanics AX-003, exact binding publication and recovered-generation rejection retained.
crates/beryl-app/src/cas_projection/execute/cleanup.rs	fee41a230fc8ac25852d8b8df4b4e35e95d8c67a	5213	156	source	audited	full_bodies	AX-004	All stale observation constructors and cleanup publication/release bodies reviewed; unused parameters and repetitive call plumbing AX-004; unknown/partial/exact provenance remains distinct.
crates/beryl-app/src/cas_projection/execute/decision.rs	c259da19c34f700de4b0313d244666a7701134aa	13147	346	source	audited	full_bodies	AX-003,AX-010	All public/internal retry/preflight/recovery and exact-decision validation/retirement bodies reviewed; AX-003 shares mechanics without changing consuming authorization.
crates/beryl-app/src/cas_projection/execute/fresh.rs	2f431b288dd2a476ce7545d9d36d250f21e962aa	5472	149	source	audited	full_bodies	AX-004,AX-010	Fresh creation, registry admission, idle check, durable publication and abandonment reviewed; explicit lease/unknown provenance and cleanup retained; AX-004.
crates/beryl-app/src/cas_projection/execute/native.rs	b51ef6cbb2a34ef397de6602c8b8b31f6d2d2599	19015	480	source	audited	full_bodies	AX-003,AX-004,AX-010	Full resume/fork/retirement/replan/helpers reviewed; cross-thread source flight and independent source/target revision preserved; AX-003.
crates/beryl-app/src/cas_projection/execute/native_retry.rs	1f39f635fed2b74d6f07bc493a55dcfac92f47f6	2769	78	source	audited	full_bodies		Full bounded three-attempt rejection retry and 10-ms cancellation wait reviewed; no generic retry crate warranted for this narrow classified protocol.
crates/beryl-app/src/cas_projection/execute/recovery.rs	5ec90fd31fa7ae2c84af5809ce1db426dd58965c	19723	485	source	audited	full_bodies	AX-004,AX-010	All recovery preparation, single-page source transfer, injection outcomes, completion-time/proof/publication and abandonment paths reviewed; AX-004 removes mechanical duplication only.
crates/beryl-app/src/cas_projection/execute/recovery/source.rs	90b1516f51ae6b21e9a8514ae99c17203d3ae523	4510	114	source	audited	full_bodies		All page adaptation, closed role/error mapping and domain-separated complete source identity hashing reviewed; retain no-copy page lease and exact identity fields.
crates/beryl-app/src/cas_projection/execute/support.rs	39531427c67e4b863e55fd35ba0b723788c1d8d0	2797	81	test_support	audited	full_bodies		Point bound, post-success completion timestamp, process-generation predicate, load options and capability construction reviewed; no independent reduction beyond execution helper scope.
crates/beryl-app/src/cas_projection/execution_error.rs	6f4c189e249465fb535d0435ae9de585127b31af	7372	180	source	audited	full_bodies		All execution/publication error variants, source fields and boxed conversions reviewed; current thiserror already handles presentation.
crates/beryl-app/src/cas_projection/initial_start.rs	790d589a92b7933067207affb15f7aa80b8b51c5	556	18	source	audited	full_bodies		Examined 1-18. All declarations and constant-ready methods read; unfinished startup fence is required architecture, no deletion savings.
crates/beryl-app/src/cas_projection/input_replay.rs	d7c18035e30996dfd75fe7298d16f226da1e4743	1235	33	source	audited	full_bodies	AI-014	Examined 1-33. All module/cfg exports and fixed point limit reviewed; shared replay boundary retained.
crates/beryl-app/src/cas_projection/input_replay/accepted.rs	42fbf9a6341819d03e1c4d623b5432b83beda2a3	14391	358	source	audited	full_bodies	AI-007	Examined 1-358. All factories/source wrappers, strict lowercase correlation codec, errors and one-to-one conversion reviewed; duplicate preparation error domain can collapse.
crates/beryl-app/src/cas_projection/input_replay/authority.rs	789522911fb94de5fcb8421bd35804146253203a	10125	276	source	audited	full_bodies		Examined 1-276. Full preparation before/after fences, fresh cursor variants and broker dispatch/cfg diagnostics reviewed; no whole-content residency.
crates/beryl-app/src/cas_projection/input_replay/diagnostics.rs	073e100303caef9d70b333f55653c7ae5e325606	6778	220	source	audited	full_bodies		Examined 1-220. All request-local atomic diagnostics, scheduled failure injection and snapshots reviewed; count/byte facts and failure timing retained.
crates/beryl-app/src/cas_projection/input_replay/diagnostics/barrier.rs	2bf41b0a1a70f8a8a21955b2b5acb0d88586311c	3652	124	source	audited	full_bodies		Examined 1-124. All source handoff barrier installation, wait/release and Drop bodies reviewed; exact one-based target and release-on-drop retained.
crates/beryl-app/src/cas_projection/input_replay/error.rs	1aa0a13c05973591514a8820e58d69bf52206dd1	2387	86	source	audited	full_bodies	AI-007	Examined 1-86. All preparation error variants and From bodies reviewed; equivalent accepted error and lossless conversion identified.
crates/beryl-app/src/cas_projection/input_replay/marker.rs	d7d4a623a944eb2005ec3654fc0f5f626fc87a4d	155	9	source	audited	declarations_only	AI-014	Examined 1-9. Every marker module declaration and typed export examined.
crates/beryl-app/src/cas_projection/input_replay/marker/authority.rs	e9e8011975e3ca4c4e9abe5a9c03537aa5d79a04	11115	335	source	audited	full_bodies	AI-014	Examined 1-335. Every marker factory/pass, descriptor dispatch and count/digest scan examined; two bounded scans required by count-prefixed digest.
crates/beryl-app/src/cas_projection/input_replay/marker/error.rs	2e85724937017237db8ef244dc4189131c8f3f54	6305	151	source	audited	full_bodies		Examined 1-151. All marker preparation/source error mappings and From bodies reviewed; mapping differs from text-only malformed-segmentation outcome.
crates/beryl-app/src/cas_projection/input_replay/marker/identity.rs	294fb6599082377b222c7a6aafbc8432883af56f	9565	242	source	audited	full_bodies	AI-014	Examined 1-242. All label rendering and domain-separated record/content/boundary/proof hashes reviewed; distinct ordinal and exact-byte inputs retained.
crates/beryl-app/src/cas_projection/input_replay/marker/page.rs	20c916d4ece534a619488add3f5f6e8d8deb9685	12142	348	source	audited	full_bodies	AI-014	Examined 1-348. Full generated/authored page state machine reviewed, including four-byte scalar room, sequential offsets and exact run-end validation.
crates/beryl-app/src/cas_projection/input_replay/marker/path.rs	2cbbeec627070904eb596cc82ad22dc13b7bd421	2106	62	source	audited	full_bodies	AI-014	Examined 1-62. Full host/WSL path projection and Windows test include reviewed; rejects non-Unicode and unsupported prefix/component shapes explicitly.
crates/beryl-app/src/cas_projection/input_replay/marker/source.rs	9e9662ce4d8ada3f39a2eb70773549ce4f72404d	14825	406	source	audited	full_bodies	AI-014	Examined 1-406. All marker source checks, sealed proofs, one-entry pages, label origins, metadata, sidecar verification and generation fences reviewed.
crates/beryl-app/src/cas_projection/input_replay/marker/walk.rs	d2a28c033d2ac5cab3ab9afecac4dfc756df7afe	4458	123	source	audited	full_bodies	AI-014	Examined 1-123. Full bounded descriptor walk and checked ordinal counters reviewed; one pending image plus one text run preserves first/repeated ordering.
crates/beryl-app/src/cas_projection/input_replay/page.rs	57dd370860797ec2c179cd25785c0dcc8f4eb8dd	3763	107	source	audited	full_bodies	AI-014	Examined 1-107. Full marker-free page assembly reviewed; source, size, offset, exact EOF and transport proof distinctions retained.
crates/beryl-app/src/cas_projection/input_replay/prepared.rs	ea2a3bec888b40c59832cfb99991f487405b9443	13599	391	source	audited	full_bodies	AI-014	Examined 1-391. All text-only preparation/pass/service/cancellation/hash bodies reviewed; single descriptor cursor and immutable authority retained.
crates/beryl-app/src/cas_projection/input_replay/record.rs	c9c4cf1bf94d316adaec6e28e0ecf7b99b7c683e	7541	213	source	audited	full_bodies	AI-014	Examined 1-213. All context/home checks, submitted/accepted record validation and canonical hashing reviewed; preparation and streaming errors remain distinct.
crates/beryl-app/src/cas_projection/live_source.rs	8f4f27f40209e4755ce3821698abb89f02964592	13293	374	source	audited	full_bodies	AX-007,AX-008,AX-010	All target/frontier reads, guarded provider publication, unused private status helper and monotonic timestamp bodies reviewed; possible dead status helper pending complete reference validation.
crates/beryl-app/src/cas_projection/mod.rs	abbfd07803486e94476e439760f9eb3efae62c61	5839	135	source	audited	declarations_only		All modules, cfg gates and typed reexports examined; declarations only, unmounted live architecture is not dead.
crates/beryl-app/src/cas_projection/model.rs	3384a94d50a4b37f6f6a4110c2c169a1aea85401	14757	449	source	audited	full_bodies	AX-005	All request/decision/capability fields, accessors, exact-plan matching, redacted Debug, lease consumption and Drop reviewed; AX-005 direct owner representation.
crates/beryl-app/src/cas_projection/native_lineage_recovery.rs	def005b4c5006001a11a174fce11682a126420c3	25211	824	source	audited	full_bodies	AX-005,AX-006	All production/test cfg route methods, capacity reservations/wakes, parked work, attempts and Drop bodies reviewed; AX-005 owner representation and AX-006 tuple take defect.
crates/beryl-app/src/cas_projection/ordinary.rs	81ace4c40b5038029fe2eb41ff0268b28bc3a402	727	22	source	audited	declarations_only		Examined 1-22. All ordinary module/cfg exports reviewed.
crates/beryl-app/src/cas_projection/ordinary/converge/command.rs	51b1dd60d71850ba4c60962b6adcab181833ac15	1348	39	source	audited	full_bodies		Examined 1-39. Full typed command dispatch reviewed; installs indeterminate custody before returning failure.
crates/beryl-app/src/cas_projection/ordinary/converge/gate.rs	784e6aa38c29f188100d7528494fbab2ff26d734	2333	71	source	audited	full_bodies		Examined 1-71. Full terminal gate snapshot and complete command reviewed; durable state and transcript generation fence retained.
crates/beryl-app/src/cas_projection/ordinary/converge/item.rs	3a376452f33ee9a30d78d2824405e29a0667a3da	15738	408	source	audited	full_bodies	AI-008	Examined 1-408. All convergence and exact-freeze helper bodies reviewed; unreferenced freeze-comparison island confirmed by semantic and exact-text search.
crates/beryl-app/src/cas_projection/ordinary/converge/mod.rs	83de13789adf7beee1cb8010f2d6ae41fa5e29f7	1589	49	source	audited	full_bodies		Examined 1-49. Full ordered item/transcript/gate convergence plus every fault pause reviewed; fixed-point publication precedes wake and gate release.
crates/beryl-app/src/cas_projection/ordinary/converge/snapshot.rs	404f126cb2ed4f81feded2ed0bf7eec2ee660801	18000	488	source	audited	full_bodies		Examined 1-488. All snapshot reads, confirmation reads, assembly, missing/corrupt states and generation rules reviewed; no broad scan substitution.
crates/beryl-app/src/cas_projection/ordinary/converge/transcript.rs	bbaab1dd1ac9c5149495ae8c3ec624557cebb916	4348	110	source	audited	full_bodies		Examined 1-110. All transcript state validation and bounded start/advance loop reviewed; only shared pure equality predicates are possible minor cleanup.
crates/beryl-app/src/cas_projection/ordinary/error.rs	0f48756d9266ea9de96377e44c5e561d2ee3d065	7446	161	source	audited	full_bodies	AI-007	Examined 1-161. All ordinary errors and conversions reviewed; ordinary public error domain differs from exact duplicate accepted/preparation pair.
crates/beryl-app/src/cas_projection/ordinary/execute.rs	0b974dee9414fbf4b2baead0e576cc968360efd7	2418	76	source	audited	full_bodies		Examined 1-76. Both public and in-flight execution adapters reviewed; distinct flight acquisition remains necessary.
crates/beryl-app/src/cas_projection/ordinary/execute/capture_loop.rs	a46340f8ac369df1c0e7c6ecb2bb3cd4fea8e30d	13208	357	source	audited	full_bodies	AI-010	Examined 1-357. Full begin/capture/loss/terminal/tool paths reviewed; begin_capture has sole ExactResponse caller and redundant completion_unknown state.
crates/beryl-app/src/cas_projection/ordinary/execute/identity.rs	f1f883b6ad54a6d9800090dcd48b6beb4bf9f3e5	2024	47	source	audited	full_bodies		Examined 1-47. Both exact execution-identity hash and clock floor/error bodies reviewed; distinct hash domain and typed clock failures retained.
crates/beryl-app/src/cas_projection/ordinary/execute/start.rs	3776bd64e9a7e9578220ccdbc05659e19923fa0c	11524	326	source	audited	full_bodies	AI-010	Examined 1-326. Full activation macro, pre/post activation custody, ordinary dispatch and nondispatch cancellation reviewed; no automatic replay after possible dispatch.
crates/beryl-app/src/cas_projection/ordinary/model.rs	f9c06349824fd22a501d74bb46279d6d9880a16a	7138	208	source	audited	full_bodies		Examined 1-208. All request options/equality, tool dispatch and outcome/error declarations reviewed; equality deliberately excludes test diagnostics.
crates/beryl-app/src/cas_projection/ordinary/preflight.rs	dce8ba01cc3e95416c13f9d297d5081693c3659a	11932	270	source	audited	full_bodies		Examined 1-270. Full pending witness/read/confirmation/cfg hook reviewed; exact state/asset proof validation retained.
crates/beryl-app/src/cas_projection/persistent_failure.rs	2fedf43fe7c9d2b50962c81d1851b3d31ebff5bf	1466	39	source	audited	full_bodies		All reexports and cfg test notification constructor reviewed; helper intentionally retains exact home and allocated service generation.
crates/beryl-app/src/cas_projection/persistent_failure/coordinator.rs	2b632514c2df67e72b355f738fb0906ef4343b1c	1108	41	source	audited	declarations_only	AX-012	All imports, cfg import and module/type reexports reviewed; declarations only.
crates/beryl-app/src/cas_projection/persistent_failure/coordinator/lifecycle.rs	5f06ae16e9853cbdf2ea4cbd049613398f44711e	5182	149	source	audited	full_bodies	AX-012	All worker construction, initial gate, snapshot, terminal disposer, shutdown and poison-aware join bodies reviewed; exact service/home ownership retained.
crates/beryl-app/src/cas_projection/persistent_failure/coordinator/terminal_disposer.rs	636713fd8605407e00b7e18360420421c4a4b247	1358	36	source	audited	full_bodies	AX-012	Loaded and target disposers intentionally take different exact lease/registry owners; counter mutation retained.
crates/beryl-app/src/cas_projection/persistent_failure/coordinator/types.rs	a845b62fc09ef154f4ff0ea5d75460446bbe0424	6020	185	source	audited	full_bodies	AX-012	All cut state/snapshot/evidence fields and accessors, worker/disposer ownership and redacted Debug reviewed; unused pending wrapper and notify-only Condvar investigated.
crates/beryl-app/src/cas_projection/persistent_failure/coordinator/worker.rs	0bb2d66f008d294c6d776ee13c449e45c0d376fb	7737	228	source	audited	full_bodies	AX-012	All worker cut/freeze/obligation install/wait/finalization and bounded Drop bodies reviewed; preserve all-target freeze before dispatch and exact result classification.
crates/beryl-app/src/cas_projection/persistent_failure/gate.rs	613f75e6d02a4025c9bc0fdb64c60f82183fb03d	13762	411	source	audited	full_bodies	AX-008	All election/status/frontier/closure/drain/poison bodies and cfgs reviewed; constant-false health retry protocol removable; sticky ordinary owner and local failure precedence retained.
crates/beryl-app/src/cas_projection/persistent_failure/gate/authorizer.rs	d8a5df37182c3abe4c97791da06221a200af0c2e	4761	128	source	audited	full_bodies	AX-009	All admission, frontier, status, notification and gate-held bounded authority callback bodies reviewed; retained exact permit counts and callback order.
crates/beryl-app/src/cas_projection/persistent_failure/gate/permit.rs	505f5c885f8af1536a088feef23bfcdc5844203c	8116	211	source	audited	full_bodies	AX-008,AX-009	All permit transfer/current checks, home before/after health fence, typed loss release and destructor notification bodies reviewed; duplicate matches simplifiable with local failure semantics distinct.
crates/beryl-app/src/cas_projection/persistent_failure/gate/tests.rs	1711f9d54bcef3f5067237f0a4f9939c372e6946	11007	336	test	audited	full_bodies		All fourteen exact gate election/concurrency scenarios and cfgs examined; keep callback ordering, stale permit and close-owner precedence assertions.
crates/beryl-app/src/cas_projection/persistent_failure/model.rs	ccf3e1f9f24bbe2b2eb7c3c43e492f62737a7a7e	2458	76	source	audited	full_bodies		All nonzero service/failure generations, atomic exhaustion and exact cut identity bodies reviewed; typed identities retained.
crates/beryl-app/src/cas_projection/persistent_failure/notification.rs	23d57745af948430fcc0f9c99f91ccad65f2e84c	4652	135	source	audited	full_bodies		All exact failure observation/notification/disposer attachment/channel bodies reviewed; one-way coalescing and weak home ownership retained.
crates/beryl-app/src/cas_projection/persistent_failure/notification/test_support.rs	bb036f93ec2c6c2a2ac0c6948f912a1adfd7b89e	3008	84	source	audited	full_bodies		All faulted-home creation, settings commit panic and retained fixture bodies reviewed; intentional persistent failure independent oracle retained.
crates/beryl-app/src/cas_projection/provider_frame.rs	7e4cdadb9e255f9558a67f2e6fbabdd7b2d2ed75	19234	560	source	audited	full_bodies	AX-007,AX-008	All frame preparation/begin/stage/compare/publication/read/id paths, errors and unused dispatch helper reviewed; obsolete staging/status machinery candidate, single-pass health read candidate.
crates/beryl-app/src/cas_projection/provider_identity.rs	aa33042a15ac9b73069fc0bbc44a1e2d09645000	1443	42	source	audited	full_bodies		Complete domain-separated item/content identity hashing reviewed; preserve separators, input scope and truncation semantics.
crates/beryl-app/src/cas_projection/publication.rs	cb500b9cbe30d909089e26abb7704ba6a26f2edc	6347	205	source	audited	full_bodies	AX-010	All publication wrappers, current-domain dispatch, custody outcome mapping and checked revision returns reviewed; AX-010 removes forwarding and unused arguments.
crates/beryl-app/src/cas_projection/runtime.rs	f014af5d190f06e1b7717022fc7b28a7b97e2d99	6053	170	source	audited	full_bodies		All session accessors, generic serialized call, loaded-thread adapters and destructor reviewed; session-owner release is real lifecycle work and remains.
crates/beryl-app/src/cas_projection/scheduled_ordinary.rs	e05fb40398546f90a095d741f2632ae7bb3aea4e	15485	467	source	audited	full_bodies	AI-009	Examined 1-467. All lease/admission/policy/error bodies reviewed; parked execution repeats complete lease payload except worker and can share one private payload.
crates/beryl-app/src/cas_projection/service.rs	b2e5c922a38a42b5e203f6a7bcc050912978409f	6585	170	source	audited	full_bodies		All owned service/coordinator types, error variants, cfg include mounts and LiveHomeCommand accessor reviewed; distinct store borrow/permit lifetime remains.
crates/beryl-app/src/cas_projection/service/admission.rs	af155c2ca1db4c1b226d984cbccd6e738e2dc80e	9627	250	source	audited	full_bodies		All production/test candidate admission, permit-before-connect, launch identity and registry methods reviewed; separate nonauthorizing fixture path retained.
crates/beryl-app/src/cas_projection/service/commands.rs	f7dfecc1a4d89fbeb8fa0bc9f0a4b78905e90d97	11672	316	source	audited	full_bodies		All lifecycle/compaction/stop/window-close command preparation, exact target scan and live-home borrowing reviewed; exact cause and primary/join semantics retained.
crates/beryl-app/src/cas_projection/service/construction.rs	192f084e4aa58f0fa1085d160f73f7f768b3c983	6346	163	source	audited	full_bodies	AX-020	Entire new/construct startup sequence reviewed; partial-construction join gaps remain zero-savings lifecycle observations, not deletion of target fresh startup gating.
crates/beryl-app/src/cas_projection/service/flight_registry.rs	9c2997e8d68def53aa1e8213c12fa04ca7e9a6e6	6657	192	source	audited	full_bodies		Full process-wide flight acquire/acquire-or-arm/release and home fencing reviewed; single optional wake fact retained with exact home/thread generation.
crates/beryl-app/src/cas_projection/service/scheduling.rs	f8f6dfcfb50ca236e2a5fe911cc01a5346a3226f	13109	361	source	audited	full_bodies		All diagnostics, test-fault controls, worker/flight acquisition, provider/session lease validation and cfg test methods reviewed; source boundaries remain typed and exact.
crates/beryl-app/src/cas_projection/service/shutdown.rs	06ab48837e2cf7d40bf6e05f81ccd805e074a607	10929	274	source	audited	full_bodies	AX-011	Both explicit shutdown modes, implicit request path and Drop reviewed; AX-011 shares only mechanics, preserves join completion/error precedence and home outcome.
crates/beryl-app/src/cas_projection/service_config.rs	4d2f966a4742a8d7aa336d6adb7fa9dac193df9f	16457	460	source	audited	full_bodies	AX-005	Full config derivation/bounds, worker-role reservation/acquisition/release, waiters and permit pair bodies reviewed; candidate direct worker permit avoids unshared Arc; retain atomic pair acquisition and protected steering reserve.
crates/beryl-app/src/cas_projection/service_registry.rs	2e361f266bb30f88690fe33f56a8fe3429859446	2781	77	source	audited	full_bodies		All registry locks, bounded completed-retirement reaping, poison test and content-free Debug reviewed; no registry lock held across connection lifecycle cleanup.
crates/beryl-app/src/cas_projection/service_supervisor.rs	16ba529277cc3710d958e84f1ab1578c9086c245	6758	196	source	audited	full_bodies		Full terminal-supervisor start, diagnostics, shutdown and bounded Drop bodies reviewed; target mounted lifecycle remains required despite current unmounted source.
crates/beryl-app/src/cas_projection/service_supervisor/slot.rs	3839e530551897e274926f5ceaa40ea7208e0637	7515	235	source	audited	full_bodies		All slot owner/lease/acquire/withdraw/diagnostics/shutdown/drop bodies reviewed; exact Arc release-before-zero-lease notification must remain.
crates/beryl-app/src/cas_projection/service_supervisor/tests.rs	ca1f7e16d6b6c80132527e64d9789c02f87606d3	3537	104	test	audited	full_bodies		Complete terminal failure/provider probe scenario reviewed; persistent failure cut and once-only provider shutdown assertions retained.
crates/beryl-app/src/cas_projection/service_supervisor/worker.rs	96e5e49402f823d7b14999a8d288f6fbc04f6f95	6506	176	source	audited	full_bodies		All worker spawn cleanup, run loop, cut withdrawal, unleased wait, close/outcome and error presentation reviewed; do not erase terminal-vs-ordinary close distinction.
crates/beryl-app/src/cas_projection/stop.rs	ecbcd8518aa0094acc9ffa2a5eae026663dbaa2a	51589	1430	source	audited	full_bodies	AX-013	Complete stop owner/local election, refresh, abort, claim execution and settlement bodies reviewed; preserve claim uncertainty and local-vs-persistent failure precedence.
crates/beryl-app/src/cas_projection/stop/persistent_failure.rs	e2ee7865ce32deb499dfad0e96b37a89904f802e	1728	47	source	audited	full_bodies		All stop persistent-failure cut/election bodies reviewed; typed pending command ownership retained.
crates/beryl-app/src/cas_projection/test_faults.rs	853edd81a231a582babe41a29798893a9d620db4	12258	363	source	audited	full_bodies	AX-014	All exact approval/install/submit/slot barrier bodies reviewed; pause-core duplication candidate preserves token cleanup and distinct channel semantics.
crates/beryl-app/src/cas_projection/test_faults/promotion.rs	02f8242d1309eaf73afc7d38c034b1bd5c4328ab	7470	233	source	audited	full_bodies		All exact promotion barrier install/pause/release/Drop bodies reviewed; local latch sharing candidate.
crates/beryl-app/src/cas_projection/test_faults/provider.rs	c08805d8118b293faac7e75aa70b523e84600115	17241	551	source	audited	full_bodies		All provider ingress/metric/fault bodies reviewed; retain staged-custody diagnostics; constant retained-item flag overlaps BR004.
crates/beryl-app/src/cas_projection/test_faults/provider/checked_user.rs	8f1418412628b3403f2f0af78fa8bb5d7c1649e8	8247	270	source	audited	full_bodies		All checked-user pause/selection/install/release bodies reviewed; typed lifecycle and per-key filter remain.
crates/beryl-app/src/cas_projection/test_faults/provider/receiver_loss.rs	aec6a896ce23a1e6d410f92716f61fd5312f68e4	1666	51	source	audited	full_bodies		All receiver-loss arm/take/token-checked cleanup bodies reviewed; no independent saving.
crates/beryl-app/src/cas_projection/test_faults/provider/steering.rs	8591266b334d8f53559835eb9ac0840bb80f02ce	3153	110	source	audited	full_bodies		All steering selection channel barrier bodies reviewed; single arrival semantics differ from reusable Condvar latch.
crates/beryl-app/src/cas_projection/test_faults/recovery.rs	25dd802514c0441b7eeb22b7e39e4216de45cb19	4141	139	source	audited	full_bodies		All recovery boundary and page-handoff barrier bodies reviewed; exact thread/page/stage custody retained.
crates/beryl-app/src/cas_projection/test_faults/scheduler.rs	a22a0e8f565793783a4679c5a37168a8d9ea220f	8672	289	source	audited	full_bodies		All scheduler panic/worker injection, observation and token-checked cleanup bodies reviewed; no new finding.
crates/beryl-app/src/cas_projection/test_faults/target.rs	328df27a547d5984acc2fa6eda8f31f2b4f78d28	3690	119	source	audited	full_bodies		All target registration abandonment seam bodies reviewed; timeout and disconnection remain distinct.
crates/beryl-app/src/cas_projection/test_faults/terminal_history.rs	0f6de8394cd049c59e1d87a6a0f5596577a4dd80	2756	107	source	audited	full_bodies		All terminal-history stage barrier bodies reviewed; duplicated single-use channel handshake may share helper only preserving exact stage registry.
crates/beryl-app/src/cas_projection/turn_activation.rs	c9ebfd0db08f9666c039a94ad89dbee9402340ab	3840	125	source	audited	full_bodies	AX-010	All turn activation/compaction authorization/enqueue bodies reviewed; unused publication inputs covered AX-010.
crates/beryl-app/src/catalog_projection.rs	4334fe8b1e205f738812db65a23868612cdb4194	9956	259	source	audited	full_bodies	AU-007	Examined 1-259. One typed atomic cross-domain join; stable home fence and exact-current no-op are required. AU-007 consolidates duplicated pure execution-binding validation and fact projection with window_acquisition.
crates/beryl-app/src/composer_host/activation.rs	e100faaf61476ce0d95c0469ba5fc811b6a5b2ac	12351	314	source	audited	full_bodies	AP-003	Examined 1-314. Opened/replay/selector/cancellation/restoration/initial-range paths and test fault cuts; conditional open custody cleanup is repeated.
crates/beryl-app/src/composer_host/error.rs	b00dfad1f1da2f4ecd34340f8ad36742022be126	6355	131	source	audited	full_bodies		Examined 1-131. All thiserror variants and source conversions; already uses existing derive, no additional error framework proposed.
crates/beryl-app/src/composer_host/history.rs	867b6e7753fbaacc87300a00ff7a008284b08c6f	18643	506	source	audited	full_bodies	AP-007	Examined 1-506. Begin identity replay, live/detached custody, durable reconciliation and committed position repair; request-sequence reset conflicts with current authority.
crates/beryl-app/src/composer_host/history/position.rs	5cc549563eba2adf2d596ae4e29d9c9c02aa0932	3570	101	source	audited	full_bodies		Examined 1-101. Exact UTF-8 position validation and bounded one-neighbor marker gap reconstruction; retain.
crates/beryl-app/src/composer_host/lifecycle/autosave.rs	8d6e7c2f32ac21537be83827efd2fdda7d3a55e2	9536	238	source	audited	full_bodies	AP-002	Examined 1-238. Timer/settings generations, capture and failure rearm, publication completion; shared classification candidate only.
crates/beryl-app/src/composer_host/lifecycle/close.rs	33381c2e1899da43a1914737fd79f72824e94abc	2657	78	source	audited	full_bodies		Examined 1-78. Exact close gate authorization/release and autosave custody transfer; distinct gate lifetime required.
crates/beryl-app/src/composer_host/lifecycle/flush.rs	a137960945dc2c3e0bba4dde1b9246c9f52e56ee	19047	457	source	audited	full_bodies	AP-002	Examined 1-457. Join/capture/publication/disposal and checkpoint fences; shared publication failure classification candidate.
crates/beryl-app/src/composer_host/lifecycle/mod.rs	861f03d8074af8e0932215cd076d11546f2c47b1	13300	444	source	audited	full_bodies		Examined 1-444. All lifecycle types/timer arithmetic/diagnostics/callback checks; unused dirty argument and duplicated completion plumbing inspected.
crates/beryl-app/src/composer_host/lifecycle/service.rs	caab4ace4bf709872c4ed6d5289a043de80347e2	3826	93	source	audited	full_bodies		Examined 1-93. Service disposal releases or reconciles precise publication/disposal stage; do not collapse lifecycle with ordinary close.
crates/beryl-app/src/composer_host/lifecycle/settlement.rs	b830fd561e399216e5e89a4d0c80e5457020a356	8478	209	source	audited	full_bodies		Examined 1-209. Stage dispatch, cancellation, release and completion/error mappings; custody preserved.
crates/beryl-app/src/composer_host/mod.rs	c973cdee9e5d1d02d183268a28c3c05bb14214c2	12943	353	source	audited	full_bodies		Examined 1-353. All host state/accessors/admission accounting/test hooks and generation allocator; compact restoration versus live custody retained.
crates/beryl-app/src/composer_host/model.rs	8ca78c3a00a41503e66d3b78c071526ad91b82f1	12179	419	source	audited	full_bodies		Examined 1-419. All exact identities, bounded demand/request/response types and conversions; candidate/current/historical distinction retained.
crates/beryl-app/src/composer_host/mutation.rs	e15ae9de2a109dabbaa0602b6ebd51b771032a93	12843	400	source	audited	full_bodies	AP-001	Examined 1-400. Both page frontiers, canonical replay validation, retained intent/phase/custody models and checked totals; shared progress payload candidate.
crates/beryl-app/src/composer_host/mutation/drive.rs	a1bae23c68507b94e281cff525a273161fad10ab	22403	554	source	audited	full_bodies	AP-001	Examined 1-554. Every build/staging/page/rollback/settlement body including test-fault and normal cfg branches; duplicate translated batch preparation found.
crates/beryl-app/src/composer_host/mutation/execution.rs	e43a34c34d71d78c3fcdbf3b888af931f3154124	22914	560	source	audited	full_bodies	AP-001	Examined 1-560. Begin/stage/finish/current and detached execution, terminal custody, fault branches and key conversions; no scenario sampling.
crates/beryl-app/src/composer_host/mutation/settlement.rs	d19d3e24fd01480a807f8faccad3f8d6d509982a	5385	122	source	audited	full_bodies	AP-007	Examined 1-122. Staging/build cancellation, exact committed binding adoption, all reconciliation alternatives; request-sequence reset observed.
crates/beryl-app/src/composer_host/mutation/translation.rs	deef6cefcf6a47712593e470cce51c5d83878c86	19101	480	source	audited	full_bodies	AP-001	Examined 1-480. Source/proposal translation, every object operation, metadata intake/map, scalar chunks and canonical positions; exact marker proof retained.
crates/beryl-app/src/composer_host/publication.rs	12058e29b4fdd5208d12e5477e74af1ae63a3153	14894	452	source	audited	full_bodies		Examined 1-452. All capture/authentication/evidence/Asset-plan and lane/custody definitions; captured/published and opaque source responsibilities remain distinct.
crates/beryl-app/src/composer_host/publication/disposal.rs	2c7b6af5f913857aade7f5378d81e529232cba32	9617	241	source	audited	full_bodies		Examined 1-241. Exact clean-disposal ticket, admitted/reconciling/terminal custody and noncommit/collision mapping; retain.
crates/beryl-app/src/composer_host/publication/execution.rs	1fac1afb79b481241bad1910061b8c2a1cf493db	14547	337	source	audited	full_bodies		Examined 1-337. Execution/reconciliation/convergence reads, exact or same-session successor classification, Asset contributions and fault cut; preserve.
crates/beryl-app/src/composer_host/publication/lane.rs	65b62193d05e3db32b6c5c7a464a8b0e7b231279	18581	435	source	audited	full_bodies		Examined 1-435. All clean/captured/sealing/releasing/terminal paths and cfg diagnostics; retained sealed evidence prevents losing proof on preparation error.
crates/beryl-app/src/composer_host/request.rs	fd0d5dee8d24e32f27c0eac5476e92c87ab90840	13265	342	source	audited	full_bodies	AP-007	Examined 1-342. All admission/cancel/execute/complete read cases and target/root/restoration checks, including independent before/after observations.
crates/beryl-app/src/composer_host/submission.rs	c5c0ba930fdbad66fa28862e366869e3335f2c14	20955	503	source	audited	full_bodies	AP-002	Examined 1-503. Entire flush/capture/materializer/acceptance-transition flow including restoring original stage on errors and cfg cuts; shared flush-result application candidate.
crates/beryl-app/src/composer_host/submission/acceptance.rs	730f690755dd1aa3812f3bdae459cd270a6bf5e8	5642	139	source	audited	full_bodies		Examined 1-139. Every cancellation/free-space/final-command/reconciliation outcome and test fault cut; retain exact send-and-clear boundary.
crates/beryl-app/src/composer_host/submission/diagnostics.rs	06bb3e330536f95a1fed17c1c628af462c1d8da4	2273	63	source	audited	full_bodies		Examined 1-63. All bounded stage diagnostics and test acceptance projection; no independent reduction identified.
crates/beryl-app/src/composer_host/submission/disposal.rs	4e2eed17b7027764942b3ffb49c2211a5f891e88	1368	35	source	audited	full_bodies		Examined 1-35. Exact outstanding reconciliation settlement before dropping submission; result-discard match can be direct call but no material saving.
crates/beryl-app/src/composer_host/submission/model.rs	aec117420df008dec9a502bc19ad83f1f835bf2b	6738	216	source	audited	full_bodies		Examined 1-216. All opaque submission identities, captured selector versus live candidate, stage/error/diagnostics models and cfg variants; retain.
crates/beryl-app/src/composer_marker_seal.rs	b5cf7fa14d68ed0c21b04c343420b9f84333b8e0	15637	473	source	audited	full_bodies	AP-008	Examined 1-473. All construction/global registry, lock-release-drive-lock completion, retirement, clone/drop and cfg fault bodies; registry removal already mandated by architecture, not new savings.
crates/beryl-app/src/composer_marker_seal/admission.rs	afc5b30fef4aaa484260c92d53524f2b6c316fc4	5750	148	source	audited	full_bodies		Examined 1-148. All exact candidate/supersession validation, same-operation/staging conflict, coalescing, limits and locked recheck paths; retain.
crates/beryl-app/src/composer_marker_seal/drive.rs	aef39f65823b1945dc1ea4dd0610e68c46001722	13391	320	source	audited	full_bodies	AP-004	Examined 1-320. All begin/page/Asset seal/replay and EOF paths; begin Sealed-nonempty branch duplicates existing completed_nonempty helper.
crates/beryl-app/src/composer_marker_seal/durability.rs	042c9d7c82370eb1f08fd7c8b19d41f6a5620af6	4986	156	source	audited	full_bodies		Examined 1-156. Cross-domain frontier validation, exact command resolution, generation retirement and both cfg fault types; retain.
crates/beryl-app/src/composer_marker_seal/terminal.rs	3d65c973c0f9eb98712f20cccaa1274be7ae2a91	11523	286	source	audited	full_bodies	AP-004	Examined 1-286. All release/active-drive race, exact intent, disposal and durable status mapping bodies; release-admission tail can be shared without deleting checks.
crates/beryl-app/src/composer_marker_seal/types.rs	02b530565620760346427757275ce95bd8a3f2c6	11455	347	source	audited	full_bodies		Examined 1-347. Every request, outcome, typed error, limit clamp and redacted Debug implementation; no error-derive saving (already derives).
crates/beryl-app/src/conversation_tools.rs	31b286fb2fede4558f7ed1fef3d8df29cdcc364f	9746	274	source	audited	full_bodies		Examined 1-274. Canonical ordered registry and exact SHA-256 profile; rejecting sink retains no request payload.
crates/beryl-app/src/conversation_tools/arguments.rs	c78fb11f6cd60e9fea447a582f65bc523d0ddccf	7551	209	source	audited	full_bodies		Examined 1-209. Already shared streaming closed-object state machine; whole-Value replacement violates ingress contract.
crates/beryl-app/src/diagnostic_child_control.rs	d6f98edfdd01c8b30bfce7fbf2879a54ae229829	5040	150	source	audited	full_bodies		Examined 1-150. Bounded normalization and exact stop/optional wait identities serve different admission semantics.
crates/beryl-app/src/diagnostic_child_dynamic_tools.rs	a408cdaa0e21dafc13c114a5df7978d21237c94a	40854	1085	source	audited	full_bodies	AU-001	Examined 1-1085. Repeated bounded wire utilities and limited-read schemas; child-specific target/wait/namespace policy remains.
crates/beryl-app/src/diagnostic_child_protocol.rs	3df1ebc4d1741aa38b0dd82c3c181e79eb19fd87	13503	404	source	audited	full_bodies	AU-009	Examined 1-404. Bounded newline drain, request correlation and response-size fallback retained; generic RPC package not smaller.
crates/beryl-app/src/diagnostic_child_supervisor.rs	7b93bfe528751cda8e4fa612c200c1c741de7157	32093	928	source	audited	full_bodies	AU-009	Examined 1-928. Exact process ownership, handshake and failed-cleanup custody remain; inspected process-wrap std JobObject cannot preserve kernel kill-on-close.
crates/beryl-app/src/diagnostic_child_supervisor/launch.rs	3702d8bf2eefaa8dc0fd3d5783ff26180ff25655	3135	105	source	audited	full_bodies	AU-009	Examined 1-105. Absolute explicit executable, metadata and Unix execute-bit validation are deliberate launcher boundary.
crates/beryl-app/src/diagnostic_child_target.rs	28f786500de6068f35c612328dfa08917b1b819d	6906	210	source	audited	full_bodies	AU-009	Examined 1-210. Bounded bridge and atomic pending/claimed/cancelled transition prevent late execution.
crates/beryl-app/src/diagnostic_dynamic_tools.rs	a8f4a52b9b353705eb871b61b4900616772a5333	51929	1466	source	audited	full_bodies	AU-001;AU-002;AU-004	Examined 1-1466. Repeated wire helpers and three equivalent sequenced ring mechanics; typed snapshots/redaction remain.
crates/beryl-app/src/dynamic_tool_namespace.rs	8a5ec67aee7b88b96dc3189f0a0939e488870a27	142	3	source	audited	declarations_only		Examined 1-3. Single namespace constant.
crates/beryl-app/src/gui_control_dynamic_tools.rs	3b9f50bfddbd84eab77c3874700c02a889587dad	15521	506	source	audited	full_bodies	AU-001;AU-004	Examined 1-506. Repeated bounded wire utilities; exact child control conversion and scroll finite bounds remain.
crates/beryl-app/src/input_admission.rs	d4b8ec1387138d4ac87b55d75fd4bd7f5e1c970d	12560	353	source	audited	full_bodies		Examined 1-353. Already shared owner-transfer command; first-acceptance and promotion reconciliation preserve distinct statuses.
crates/beryl-app/src/lib.rs	0d93e83956a72a84cb4068cf740eed061e913b30	10364	199	source	audited	declarations_only		Examined 1-199. Exports and module composition only; historical doc examples examined, not removal work.
crates/beryl-app/src/lifecycle_dynamic_tools.rs	877ca9e3c3f23c3fb8ce4c6673c3777604d70942	6806	219	source	audited	full_bodies		Examined 1-219. Allocation-free closed enum matcher shares product sink; no substantial smaller alternative.
crates/beryl-app/src/main_window/composer_slot.rs	184338c786543cbe479dbf19f13aa47f6905eb64	27892	704	source	audited	full_bodies	AM-009	Examined lines 1-704, all bodies, types, macros and cfg. Reviewed slot installation, selection and host/service transition ownership; separate pending/selected/retiring custody remains necessary.
crates/beryl-app/src/main_window/composer_slot/close.rs	6bedd2814ceb9f4bee0f8d570ca2dd5447c7aaf2	2646	78	source	audited	full_bodies		Examined lines 1-78, all bodies, types, macros and cfg. Reviewed close admission and exact selected-attempt checks; no independent reduction beyond retained close protocol.
crates/beryl-app/src/main_window/composer_slot/dispatch.rs	1e479549502cb282bc3d211c3b656c1579446261	21560	547	source	audited	full_bodies	AM-007	Examined lines 1-547, all bodies, types, macros and cfg. Reviewed request dispatch, mutation/proof admission, stale binding checks and numbering; same-host allocator observation coordinated with AP-007.
crates/beryl-app/src/main_window/composer_slot/dispatch/proof.rs	0d6a9a074f3c01c9050301719cd740f6e457499f	9139	237	source	audited	full_bodies		Examined lines 1-237, all bodies, types, macros and cfg. Reviewed bounded successor and historical proof dispatch and authentication; stale binding and proof limits are retained.
crates/beryl-app/src/main_window/composer_slot/dispatch/terminal.rs	e4c2dc0d79f05e30dfd6de0d8f359ec196a6d223	6511	188	source	audited	full_bodies		Examined lines 1-188, all bodies, types, macros and cfg. Reviewed terminal dispatch/mutation outcome conversion and pending state cleanup; typed error/custody distinctions remain necessary.
crates/beryl-app/src/main_window/composer_slot/dispatch/translate.rs	4d099eb29c5af1c181a358c2f167a585071b0652	14758	390	source	audited	full_bodies	AM-001	Examined lines 1-390, all bodies, types, macros and cfg. Reviewed all page/object/proof request and response conversions; common pure request mappings can serve seed matching.
crates/beryl-app/src/main_window/composer_slot/lifecycle.rs	5317781349989273b1a172cd3aa6037646657d61	11228	301	source	audited	full_bodies		Examined lines 1-301, all bodies, types, macros and cfg. Reviewed activation/publication/disposal lifecycle transitions and exact capture identity; no new savings beyond host-owned findings.
crates/beryl-app/src/main_window/composer_slot/model.rs	5d70def68540fc498c391cbe790344b9f14031ea	4923	161	source	audited	full_bodies		Examined lines 1-161, all bodies, types, macros and cfg. Reviewed every selection, binding, transition, receipt and error type; distinct identity/custody moments retained.
crates/beryl-app/src/main_window/composer_slot/native_lineage.rs	d84a505331602a2cffd8b726c825a8f73d98d42f	5027	131	source	audited	full_bodies		Examined lines 1-131, all bodies, types, macros and cfg. Reviewed native suspension, restoration and prepublication bridge; exact generation/seed checks retained.
crates/beryl-app/src/main_window/composer_slot/retirement.rs	2523a53a5a235a35c4bb1ea04ab097014085d24d	12130	299	source	audited	full_bodies	AM-009	Examined lines 1-299, all bodies, types, macros and cfg. Reviewed selected/pending retirement preparation, reconciliation and source custody; no safe lifecycle collapse established.
crates/beryl-app/src/main_window/composer_slot/state.rs	0685fa6fb7255c77514b88d081ddedd3fdb7d39d	1549	46	source	audited	full_bodies		Examined lines 1-46, all bodies, types, macros and cfg. Reviewed all slot state/snapshot fields and error variants; different pending/selected/retiring states have live behavior.
crates/beryl-app/src/main_window/composer_slot/submission.rs	f2bd2830a42aae150e11e62d6d75ef7f684ca211	10429	256	source	audited	full_bodies		Examined lines 1-256, all bodies, types, macros and cfg. Reviewed exact selected submission ticket routing and successor handoff; no independent simplification beyond AP submission classification.
crates/beryl-app/src/main_window/conversation_composer.rs	617efb73cddf3983420069e2bbff8bfdad81a7ea	18111	491	source	audited	full_bodies	AM-003	Examined lines 1-491, all bodies, types, macros and cfg. Reviewed configuration, admission arithmetic, saved-versus-adopted identity and every getter; shared residency quantities preserve typed roles.
crates/beryl-app/src/main_window/conversation_composer_mount.rs	4f099bb98965490c823835d8de811f48930ab175	39992	980	source	audited	full_bodies	AM-009	Examined lines 1-980, all bodies, types, macros and cfg. Reviewed mount construction, render, submission/close/activation routes and disposal lifecycle; retain asynchronous cleanup boundaries.
crates/beryl-app/src/main_window/conversation_composer_mount/autosave.rs	0b4ccd08fea3a00f760e01fba4d1a427f262ea34	18707	483	source	audited	full_bodies		Examined lines 1-483, all bodies, types, macros and cfg. Reviewed timer/fire/publication joins, captured dirty frontier and close interactions; success tails alone do not justify a new framework.
crates/beryl-app/src/main_window/conversation_composer_mount/autosave/model.rs	3f53cf00aa5ff1cc645c0c9063c650e3d656ad33	4708	155	source	audited	full_bodies		Examined lines 1-155, all bodies, types, macros and cfg. Reviewed all autosave timer, flight, retained publication and generation values; distinct ownership/capture moments retained.
crates/beryl-app/src/main_window/conversation_composer_mount/close.rs	82f37b89fe2c9d8954f928a3b53f9494f4f43a7a	15724	428	source	audited	full_bodies	AM-009	Examined lines 1-428, all bodies, types, macros and cfg. Reviewed resident close gating, asynchronous completion and failure restoration; independent disabled state must survive close failure.
crates/beryl-app/src/main_window/conversation_composer_mount/close/work.rs	d3e190cee5cb13ab6c9344ca7bb89233d56dadca	14534	346	source	audited	full_bodies	AM-009	Examined lines 1-346, all bodies, types, macros and cfg. Reviewed background close work, exact attempt identity and late result handling; no removal of worker-held custody justified.
crates/beryl-app/src/main_window/conversation_composer_mount/native_disposal.rs	94e11ca902030d6a68853d29ac2b7f0792afad3d	7258	172	source	audited	full_bodies	AM-009	Examined lines 1-172, all bodies, types, macros and cfg. Reviewed native disposal step/result handling and status projection; terminal cleanup remains distinct from widget lifetime.
crates/beryl-app/src/main_window/conversation_composer_mount/native_lineage.rs	c1ad5b04a5a44b10c34fc65b80aea3b94775d442	24114	608	source	audited	full_bodies	AM-009	Examined lines 1-608, all bodies, types, macros and cfg. Reviewed prompt entry, suspension seed, cancellation, restoration and cleanup ordering; no counted aggregate-state rewrite.
crates/beryl-app/src/main_window/conversation_composer_mount/native_lineage/prompt.rs	db92402b63c061b2675d7751a8fe14a0e982ccbb	21691	522	source	audited	full_bodies	AM-002	Examined lines 1-522, all bodies, types, macros and cfg. Reviewed prompt rendering, actions, tooltip and test diagnostics; duplicate status presentation is a concrete shared projection candidate.
crates/beryl-app/src/main_window/conversation_composer_mount/native_lineage/realization.rs	f698efa30e7432af9734b23cfb20d45583473df9	19992	472	source	audited	full_bodies	AM-009	Examined lines 1-472, all bodies, types, macros and cfg. Reviewed native source polling, validation, page/object requests and terminal result custody; no generic future substitution established.
crates/beryl-app/src/main_window/conversation_composer_mount/pending_presentation.rs	e0d5d4925c9f8cb09186208a5ad9d20b5bc316ca	8583	215	source	audited	full_bodies	AM-009	Examined lines 1-215, all bodies, types, macros and cfg. Reviewed pending presentation state, first demands, estimates and route-loss handling; bounded pending ownership retained.
crates/beryl-app/src/main_window/conversation_composer_mount/realization.rs	3e40168e90eab434533b5cd1c97e18e3dc40d304	1893	58	source	audited	full_bodies		Examined lines 1-58, all bodies, types, macros and cfg. Reviewed mount realization and binding/identity checks; thin integration already reflects the required boundary.
crates/beryl-app/src/main_window/conversation_composer_mount/submission.rs	859b4d495008844765d70e8447d0a480fd275f94	28425	739	source	audited	full_bodies		Examined lines 1-739, all bodies, types, macros and cfg. Reviewed all submission capture, advance, successor, reconciliation and failure paths; exact root/readiness custody retained.
crates/beryl-app/src/main_window/conversation_composer_mount/submission/test_faults.rs	0359cdf8d142feba666ef7c5b3965b05689e6754	8216	250	source	audited	full_bodies	AM-004	Examined lines 1-250, all bodies, types, macros and cfg. Reviewed every injected submission outcome, gate, token and diagnostics branch; gate plumbing can reuse the service primitive.
crates/beryl-app/src/main_window/conversation_composer_owner.rs	c728d4b7cb97171409a0bc51292d06a962462071	24135	644	source	audited	full_bodies	AM-001,AM-009	Examined lines 1-644, all bodies, types, macros and cfg. Reviewed owner fields and state, release/generation mechanics and seed representation; redundant response tag can be removed locally.
crates/beryl-app/src/main_window/conversation_composer_owner/clipboard.rs	4dede5e3daf006ebd6d92c1a42bafa855534fa23	12988	358	source	audited	full_bodies	AM-009	Examined lines 1-358, all bodies, types, macros and cfg. Reviewed clipboard begin/finish/cut behavior and caller limits; existing coordinator and exact selection authentication retained.
crates/beryl-app/src/main_window/conversation_composer_owner/clipboard/collection.rs	e35feca39bddcf47fc2320a2d8a3edbf8a1371ab	7616	189	source	audited	full_bodies	AM-009	Examined lines 1-189, all bodies, types, macros and cfg. Reviewed bounded clipboard page collection and terminal/failure cleanup; no flattening or whole-draft shortcut proposed.
crates/beryl-app/src/main_window/conversation_composer_owner/clipboard/paging.rs	a975a26410676968930f81f93e365d0700a33ea7	9442	248	source	audited	full_bodies	AM-009	Examined lines 1-248, all bodies, types, macros and cfg. Reviewed forward/backward clipboard paging and marker-tail handling; cross-page marker gap authentication requires retained tail.
crates/beryl-app/src/main_window/conversation_composer_owner/close.rs	dc05e87c351f467bb0b19b14e711896060f59d6d	2234	62	source	audited	full_bodies		Examined lines 1-62, all bodies, types, macros and cfg. Reviewed owner close-read-only capture/release behavior; semantic close state is distinct from ordinary disabled state.
crates/beryl-app/src/main_window/conversation_composer_owner/construction.rs	73f6fe731b8473b7592477e60d180d06c6ad2fe4	19527	479	source	audited	full_bodies	AM-001	Examined lines 1-479, all bodies, types, macros and cfg. Reviewed all constructors, seed compatibility and subscription installation; request translations duplicate mounted dispatch mappings.
crates/beryl-app/src/main_window/conversation_composer_owner/dispatch.rs	f78f8262a03557076f7c25d361aa426cc0d255b3	30016	727	source	audited	full_bodies	AM-009	Examined lines 1-727, all bodies, types, macros and cfg. Reviewed widget effect dispatch, pending completion, proof/edit/cut handling and result application; typed boundaries retained.
crates/beryl-app/src/main_window/conversation_composer_owner/lifecycle.rs	09c6b606e49501d3ee6458eecbfcbfb1a978b606	17202	459	source	audited	full_bodies	AM-009	Examined lines 1-459, all bodies, types, macros and cfg. Reviewed pending/selected activation consumption, binding updates and release/cancellation; no counted universal lifecycle rewrite.
crates/beryl-app/src/main_window/conversation_composer_owner/prepublication.rs	f184da877eeafdf986a8b5afedeccba4499b12b7	15272	428	source	audited	full_bodies	AM-009	Examined lines 1-428, all bodies, types, macros and cfg. Reviewed prepublication capture/advance and native current/proof acquisition; exact root and cleanup custody retained.
crates/beryl-app/src/main_window/conversation_composer_owner/realization.rs	744973b74f13e4fcdc32930a3b43a4d405604b24	4381	115	source	audited	full_bodies		Examined lines 1-115, all bodies, types, macros and cfg. Reviewed bounded owner realization ownership and native environment reporting; no logical draft cap inferred.
crates/beryl-app/src/main_window/conversation_composer_owner/render.rs	e96d7f05351629aee3df7188904f0834578a3991	11962	282	source	audited	full_bodies		Examined lines 1-282, all bodies, types, macros and cfg. Reviewed contribution rendering, bounds, image marker commands and observer behavior; thin composition and bounded geometry retained.
crates/beryl-app/src/main_window/conversation_composer_owner/selected_preparation.rs	875dfd68ff78faf9bd87b58cde9858c902e20990	3229	96	source	audited	full_bodies	AM-001	Examined lines 1-96, all bodies, types, macros and cfg. Reviewed prepared activation consumption and seed construction; redundant seed wrapper is the only local counted simplification.
crates/beryl-app/src/main_window/conversation_composer_owner/service.rs	0c1d567fe25108a56284772fb1b44e7fed69e3de	53945	1373	source	audited	full_bodies	AM-004,AM-009	Examined lines 1-1373, all bodies, types, macros and cfg. Reviewed all service methods, cfg fault controls, mutex access and native cleanup driver/source capacity; only shared gate plumbing counted.
crates/beryl-app/src/main_window/conversation_composer_owner/service/close.rs	597668c77e6364e6d27acd1795429588ca01deeb	7019	181	source	audited	full_bodies	AM-009	Examined lines 1-181, all bodies, types, macros and cfg. Reviewed service close routing and ticket/attempt checks; no merging foreground and worker ownership.
crates/beryl-app/src/main_window/conversation_composer_owner/service/close_cleanup.rs	362c84a96577f834fd4773724161a722b7b36088	5133	127	source	audited	full_bodies	AM-009	Examined lines 1-127, all bodies, types, macros and cfg. Reviewed retained close cleanup/retry and detached work handoff; required cleanup owner survives widget disposal.
crates/beryl-app/src/main_window/conversation_composer_owner/service/native_disposal.rs	17882e9e150e5cd6595e830c01e13422adf54303	5910	141	source	audited	full_bodies	AM-009	Examined lines 1-141, all bodies, types, macros and cfg. Reviewed service native disposal requests, capture and terminal ownership; no generic task replacement preserves this for free.
crates/beryl-app/src/main_window/creation.rs	ab17e9f3e2109008e009dfcd3c1292bf30c8127b	3390	112	source	audited	full_bodies	AW-006	Examined 1-112: service closure contracts, reserved admission, cancellation and abandon constructors; no blanket removal of prepared-versus-settled ownership.
crates/beryl-app/src/main_window/creation/command.rs	cf3a011dd7b391103f91cd187b6233277b6cb991	7726	214	source	audited	full_bodies	AW-001	Examined 1-214: button rendering, live tooltip observer, role color/font extraction and pointer/keyboard invocation.
crates/beryl-app/src/main_window/creation/owner.rs	7aa525b4d9af4b87ae1fb555fbca6fcdf5baf57d	16671	473	source	audited	full_bodies	AW-006	Examined 1-473 including actions macro and every test-faults branch: source release, timeout, generation fence, hidden publication and retained retry custody.
crates/beryl-app/src/main_window/creation/work.rs	481adcbceceba4d4c1bca99483e58ec1e52c5878	19012	394	source	audited	full_bodies	AW-006	Examined 1-394: every CreationState transition and all acquisition/repair/retirement/abandonment outcomes; fixed per-advance work bound retained.
crates/beryl-app/src/main_window/image_marker_surface.rs	30d1cfa43e74565f042f63d18ff6d81cd42c1087	7788	267	source	audited	full_bodies	AM-009	Examined lines 1-267, all bodies, types, macros and cfg. Reviewed menu/preview state, live owner checks, disabled copy/save and dismissal; required image surface is not dead architecture.
crates/beryl-app/src/main_window/initial_composer.rs	652e71d8abf343e65dae36b681a713852f4965f3	9915	280	source	audited	full_bodies	AM-009	Examined lines 1-280, all bodies, types, macros and cfg. Reviewed initial composer config, host activation/pending states and generation identity; no duplicate owner removal supported.
crates/beryl-app/src/main_window/initial_composer/activation.rs	848b5ede72114854e0b4fab6896ba27a517d69ad	10766	259	source	audited	full_bodies	AM-009	Examined lines 1-259, all bodies, types, macros and cfg. Reviewed first presentation conversion, bounded page/object response admission and lifecycle installation; exact binding checks retained.
crates/beryl-app/src/main_window/initial_composer/retirement.rs	a43cfc62538e64f53fcf36bfb5691203a822611a	5985	148	source	audited	full_bodies	AM-009	Examined lines 1-148, all bodies, types, macros and cfg. Reviewed pending activation retirement and opened-host disposal/reconciliation; cleanup cannot be dropped with the mount.
crates/beryl-app/src/main_window/marker_metadata_authority.rs	8296f535c12e543bc82f3405b8398229f9c89194	3924	102	source	audited	full_bodies	AM-009	Examined lines 1-102, all bodies, types, macros and cfg. Reviewed image marker metadata authentication, storage lookup and sealed response types; removing the wrapper yields insufficient supported savings.
crates/beryl-app/src/main_window/mod.rs	a8fc9c2a7ded727666c3922488c1131205722311	529	21	source	audited	declarations_only		Examined 1-21: module declarations and reexports only; required target composition modules are not inferred dead.
crates/beryl-app/src/main_window/notices.rs	60ecccd175ffcf877c68efe9ec8abf930b9d6982	10233	301	source	audited	full_bodies	AW-007	Examined 1-301: admission, exact update/replacement/removal/dismissal, FIFO preemption, protected capacity, diagnostics and disposal.
crates/beryl-app/src/main_window/notices/model.rs	c30ca240053374e0f77e65a2373a8a5ec1b6aee3	9081	367	source	audited	full_bodies	AW-007	Examined 1-367: opaque identities, UTF-8 byte truncation, fixed command storage, token equality/debug and all content constructors.
crates/beryl-app/src/main_window/notices/widget.rs	a70ab536d9ac33a041be8ebd9e3bd7f911881340	23414	659	source	audited	full_bodies	AW-003,AW-005	Examined 1-659 including test delegate: replacement, inert/appearance fences, focus, scrollbar ownership, callback/event emission, copy and keyboard selection/activation.
crates/beryl-app/src/main_window/notices/widget/detail.rs	341fcbd0db971afcc5f90058f6aba73af1f90118	14030	446	source	audited	full_bodies	AW-003,AW-004	Examined 1-446: all shared detail state, hit testing, word/grapheme selection, caret navigation, scroll-anchor geometry and selection painting.
crates/beryl-app/src/main_window/notices/widget/detail/element.rs	e108e33fba72fdec267eb3ac97b9c5eb238f3fc2	8078	226	source	audited	full_bodies	AW-003	Examined 1-226: measured shaping, prefix/geometry scroll validation, guarded pointer routes and text/background/selection paint.
crates/beryl-app/src/main_window/notices/widget/frame.rs	23e4fbed130b913e19d3b64277aedf734f1b0d4e	1533	68	source	audited	full_bodies		Examined 1-68: complete Element delegation plus measured frame size for required content-free diagnostics; no smaller established replacement.
crates/beryl-app/src/main_window/notices/widget/model.rs	09257401d7eec8edf01b50d8c116b57241cd896a	3208	129	source	audited	full_bodies		Examined 1-129: allocation/record projection, opaque diagnostic key, event and finite focus/visibility diagnostics; bounded owned copy preserves widget lifetime.
crates/beryl-app/src/main_window/notices/widget/render.rs	590c434c93f3d7ee223c2eabc9af1866b2286958	23922	568	source	audited	full_bodies	AW-001,AW-003,AW-005	Examined 1-568: one bounded detail record and at most three full-rendered commands; all stale-generation guards, tooltip types and theme helpers.
crates/beryl-app/src/main_window/shell.rs	e0794609b9083d4b87ef4a1a2c6a5d31705a8451	8290	237	source	audited	full_bodies	AW-006	Examined 1-237: reserved shell preparation, selection/home validation, prepared/unpublished transfer and host failure variants.
crates/beryl-app/src/main_window/shell/appearance.rs	fc41a617975d441dd5bd3486678af3b61e351497	5595	141	source	audited	full_bodies	AW-001,AW-006	Examined 1-141: strict role projection and prepare/validate/commit appearance adapter; atomic same-home composer/notice adoption retained.
crates/beryl-app/src/main_window/shell/custody.rs	26f44a12723823e7f43ab79f2ce07cfc8d80f011	8490	256	source	audited	full_bodies	AW-006	Examined 1-256: initial-composer retirement and every move-only abandonment/reconciliation wrapper keep exact reservation until settlement.
crates/beryl-app/src/main_window/shell/host.rs	835b661706d226f5bbcd382418ce1a3f199176fe	20723	548	source	audited	full_bodies	AW-006	Examined 1-548 including fault injection: hidden native construction, first-presentable publication, adapter registration/release and declared-slot root render.
crates/beryl-app/src/main_window/shell/notices.rs	f11d2d88a40fd4ef60e42ec5a167859050067a2c	13203	363	source	audited	full_bodies	AW-007	Examined 1-363: window/home/incarnation ingress validation, exact event routing, inert retirement, one projection and bounded overlay allocation.
crates/beryl-app/src/memory_diagnostics.rs	d9feb039b16c5593b722220083870732ac2cfc4e	34587	600	source	audited	full_bodies	AU-003	Examined 1-600. MemoryMilestone::log duplicates retained-state flat output in success/error branches after already logging whole retained snapshot.
crates/beryl-app/src/settings_dynamic_tools.rs	fa5b25af4788f5512624c6ea253cb3006cc2e7d1	3894	122	source	audited	full_bodies	AU-001	Examined 1-122. Shared diagnostic/tool wire helper candidate; keep typed settings update authority.
crates/beryl-app/src/settings_dynamic_tools/parser.rs	541521b07eb85aec21e82664a04cea129b9e3ccd	8010	232	source	audited	full_bodies	AU-001	Examined 1-232. Missing versus null and field-specific errors retained; borrowed deserialization can remove Value clone.
crates/beryl-app/src/settings_dynamic_tools/response.rs	b9e577eabdff188420ae67caa9b5cd5c0a64e0a4	1439	50	source	audited	full_bodies	AU-001	Examined 1-50. Repeated success/error envelope, compact serialization and UTF-8 byte truncation.
crates/beryl-app/src/settings_dynamic_tools/schema.rs	9a02ea8bc23f9f59fcd9fbd4634459c619c73065	2046	63	source	audited	full_bodies	AU-001	Examined 1-63. Closed empty-object schema can share helper; settings-specific update schema remains.
crates/beryl-app/src/shell/composer_input_chrome.rs	4b45dbec74a45943bdba89c6d3962787e6c330a4	1857	58	source	audited	full_bodies		Full 1-58; all symbols, callbacks, cfg branches and macros examined. Retain composer geometry/cache key and bounded viewport math; observed duplicate fixed-row geometry considered with navigator synthesis.
crates/beryl-app/src/shell/composer_measurement.rs	160d8d2276c5cbddf85070519af2c3f920a1b5d0	1948	73	source	audited	full_bodies		Full 1-73; all symbols, callbacks, cfg branches and macros examined. Retain composer geometry/cache key and bounded viewport math; observed duplicate fixed-row geometry considered with navigator synthesis.
crates/beryl-app/src/shell/image_preview_popup.rs	0102060e25e7a3ca6e2517537a3bb5966fea2abd	476	19	source	audited	full_bodies		Full 1-19; all symbols, callbacks, cfg branches and macros examined. Retain composer geometry/cache key and bounded viewport math; observed duplicate fixed-row geometry considered with navigator synthesis.
crates/beryl-app/src/shell/layout.rs	cac6cfd8a51ab1dc42a73ded32f90540e8bbc18b	10160	286	source	audited	full_bodies		Full 1-286; all symbols, callbacks, cfg branches and macros examined. Retain composer geometry/cache key and bounded viewport math; observed duplicate fixed-row geometry considered with navigator synthesis.
crates/beryl-app/src/shell/notification_policy.rs	4eceb92872009afe212e59b67c40b352d64a2fab	5275	182	source	audited	full_bodies		Full 1-182; all symbols, callbacks, cfg branches and macros examined. Retain four-state OR attention policy, Windows registration/cleanup and device-identity recovery; FIFO sound lane is existing baseline-to-target rework gap, not additive deletion saving.
crates/beryl-app/src/shell/notification_policy_adapter.rs	b0f9639d13f01954e6d37ee0f8d150b626264e1b	963	23	source	audited	full_bodies		Full 1-23; all symbols, callbacks, cfg branches and macros examined. Retain four-state OR attention policy, Windows registration/cleanup and device-identity recovery; FIFO sound lane is existing baseline-to-target rework gap, not additive deletion saving.
crates/beryl-app/src/shell/notifications.rs	e2d12e0684f1a1634c69c02610f7a28107c296cc	10269	335	source	audited	full_bodies		Full 1-335; all symbols, callbacks, cfg branches and macros examined. Retain four-state OR attention policy, Windows registration/cleanup and device-identity recovery; FIFO sound lane is existing baseline-to-target rework gap, not additive deletion saving.
crates/beryl-app/src/shell/platform_attention.rs	0ec8f6a0354e204a0a24d989354b8b60a930abdb	19389	573	source	audited	full_bodies		Full 1-573; all symbols, callbacks, cfg branches and macros examined. Retain four-state OR attention policy, Windows registration/cleanup and device-identity recovery; FIFO sound lane is existing baseline-to-target rework gap, not additive deletion saving.
crates/beryl-app/src/shell/render/code_panel.rs	a773f36b78198cc3e2f50d5144723f7bfdb09f1a	2449	74	source	audited	full_bodies	AS-002	Full 1-74; all module/type/style/projection/cache/render bodies reviewed; concrete candidate bookkeeping and range projection reductions recorded for synthesis, retain bounded realization and coherent old display.
crates/beryl-app/src/shell/render/code_panel/projection.rs	d06a966ff0801833e54872b3666267f4d7e929da	10136	336	source	audited	full_bodies	AS-002	Full 1-336; all module/type/style/projection/cache/render bodies reviewed; concrete candidate bookkeeping and range projection reductions recorded for synthesis, retain bounded realization and coherent old display.
crates/beryl-app/src/shell/render/code_panel/styled_text.rs	fc45a4d3ef07759deef65486b6cdeb8340e4d4c5	8873	288	source	audited	full_bodies		Full 1-288; all module/type/style/projection/cache/render bodies reviewed; concrete candidate bookkeeping and range projection reductions recorded for synthesis, retain bounded realization and coherent old display.
crates/beryl-app/src/shell/render/code_panel/syntax_projection.rs	64a21a21f7ed383b674173cccbb7c3c0eb045baa	5193	168	source	audited	full_bodies	AS-002	Full 1-168; all module/type/style/projection/cache/render bodies reviewed; concrete candidate bookkeeping and range projection reductions recorded for synthesis, retain bounded realization and coherent old display.
crates/beryl-app/src/shell/render/code_panel_projection_cache.rs	e456cdc3bdec539bcd04c74146a1463f98916629	18929	498	source	audited	full_bodies	AS-001	Full 1-498; all module/type/style/projection/cache/render bodies reviewed; concrete candidate bookkeeping and range projection reductions recorded for synthesis, retain bounded realization and coherent old display.
crates/beryl-app/src/shell/render/code_panel_projection_cache/accounting.rs	9f262e644254a677874cfca8d1ef790506a8042f	1705	53	source	audited	full_bodies	AS-001	Full 1-53; all module/type/style/projection/cache/render bodies reviewed; concrete candidate bookkeeping and range projection reductions recorded for synthesis, retain bounded realization and coherent old display.
crates/beryl-app/src/shell/render/code_panel_projection_cache/request.rs	3f56a12bb8dd5753dc56dfad1044e8c7b9ac5fe3	3683	124	source	audited	full_bodies	AS-001	Full 1-124; all module/type/style/projection/cache/render bodies reviewed; concrete candidate bookkeeping and range projection reductions recorded for synthesis, retain bounded realization and coherent old display.
crates/beryl-app/src/shell/render/code_panel_projection_cache/state.rs	5f38a6e730719b5112aab061415f01fabcd76700	2935	85	source	audited	full_bodies	AS-001	Full 1-85; all module/type/style/projection/cache/render bodies reviewed; concrete candidate bookkeeping and range projection reductions recorded for synthesis, retain bounded realization and coherent old display.
crates/beryl-app/src/shell/render/code_panel_syntax.rs	2d86ee75a3076ec9fd2ae75b154cfe39cdee6613	907	28	source	audited	full_bodies		Full 1-28; all module/type/style/projection/cache/render bodies reviewed; concrete candidate bookkeeping and range projection reductions recorded for synthesis, retain bounded realization and coherent old display.
crates/beryl-app/src/shell/render/common.rs	294562a55839c778d239338e9760aa3671af8843	9327	322	source	audited	full_bodies		Full 1-322; all module/type/style/projection/cache/render bodies reviewed; concrete candidate bookkeeping and range projection reductions recorded for synthesis, retain bounded realization and coherent old display.
crates/beryl-app/src/shell/render/status_operation.rs	6963655b31e385d068d252f4f691f0ca0b8ccbc5	13720	424	source	audited	full_bodies		Full 1-424; all definitions, bodies, callbacks, macros and applicable cfg paths read. Render typed status operation rows and popup actions; preserve selected model/reasoning and bounded scroll behavior.
crates/beryl-app/src/shell/render_theme.rs	d10e41ff57053c0d6b48c4253edebf81a05384df	10849	351	source	audited	full_bodies		Full 1-351; all symbols, callbacks, cfg branches and macros examined. Retain one coherent style snapshot and role schema mapping; getters/frame forwarding are boilerplate but broad public-field or macro rewrite alone is not a qualified responsibility reduction.
crates/beryl-app/src/shell/render_theme/button.rs	b6da40b408a6608bd2ba13a90cbc121992cddb56	3132	88	source	audited	full_bodies		Full 1-88; all symbols, callbacks, cfg branches and macros examined. Retain one coherent style snapshot and role schema mapping; getters/frame forwarding are boilerplate but broad public-field or macro rewrite alone is not a qualified responsibility reduction.
crates/beryl-app/src/shell/render_theme/frame.rs	aba52ef23219eb076310389b6d3a0dbeab34a8e5	2959	109	source	audited	full_bodies		Full 1-109; all symbols, callbacks, cfg branches and macros examined. Retain one coherent style snapshot and role schema mapping; getters/frame forwarding are boilerplate but broad public-field or macro rewrite alone is not a qualified responsibility reduction.
crates/beryl-app/src/shell/render_theme/role_style.rs	22985483f6515ffae85dca42af313fd4d158dd91	5386	168	source	audited	full_bodies		Full 1-168; all symbols, callbacks, cfg branches and macros examined. Retain one coherent style snapshot and role schema mapping; getters/frame forwarding are boilerplate but broad public-field or macro rewrite alone is not a qualified responsibility reduction.
crates/beryl-app/src/shell/settings.rs	00169d6a9b0a3dfa18e7d2c8e89e9675dd8f7084	23794	641	source	audited	full_bodies		Full 1-641; all definitions, bodies, callbacks, macros and applicable cfg paths read. Keep settings surface model/draft/action adapters and diagnostics. Staged valid/invalid theme drafts are feature-owned; broad adapter deletion is not justified.
crates/beryl-app/src/shell/settings/developer_instructions.rs	4763bfb440db0030f9d5c0d7e406c9a89102ee9c	1932	64	source	audited	full_bodies		Full 1-64; all definitions, bodies, callbacks, macros and applicable cfg paths read. Keep developer-instruction draft-to-widget contract and typed field/action conversion.
crates/beryl-app/src/shell/settings/notifications.rs	11bc63a41cbe1cf6d13b6c080724cddb6656c95a	3158	106	source	audited	full_bodies		Full 1-106; all definitions, bodies, callbacks, macros and applicable cfg paths read. Keep notification sound enable/name/volume draft projection and callbacks.
crates/beryl-app/src/shell/settings/operations.rs	4392a21cb2c353d84cedb58a1335e21570121ba9	1932	60	source	audited	full_bodies		Full 1-60; all definitions, bodies, callbacks, macros and applicable cfg paths read. Keep typed settings operation/action mapping.
crates/beryl-app/src/shell/settings/theme.rs	9a6364d0d2fce7fee286bbcf3e6aa04c8d340fb1	6597	202	source	audited	full_bodies		Full 1-202; all definitions, bodies, callbacks, macros and applicable cfg paths read. Keep draft preview/apply/export validity and exact theme identity checks.
crates/beryl-app/src/shell/settings/theme_editor.rs	ddff17f3658eb564ba779096ee81734afebbb986	4815	142	source	audited	full_bodies		Full 1-142; all definitions, bodies, callbacks, macros and applicable cfg paths read. Keep role editor composition and stable role selection across draft updates.
crates/beryl-app/src/shell/settings/theme_editor/draft.rs	7269eea20a6a0cf4cafbb08155135bc08150ad38	10462	300	source	audited	full_bodies		Full 1-300; all definitions, bodies, callbacks, macros and applicable cfg paths read. Keep staged invalid text, validation and coherent last-valid preview; do not flatten typed color/expression/border inputs.
crates/beryl-app/src/shell/settings/theme_editor/field_ids.rs	4677dc6bc255b14fa71493c83af20532b8820833	3325	110	source	audited	full_bodies		Full 1-110; all definitions, bodies, callbacks, macros and applicable cfg paths read. Keep deterministic typed role/field identity decoding.
crates/beryl-app/src/shell/settings/theme_editor/helpers.rs	4e69522716513663d3607dc993ce30a84fc6c6a1	9196	283	source	audited	full_bodies		Full 1-283; all definitions, bodies, callbacks, macros and applicable cfg paths read. Keep per-kind field access and draft fallback/preview construction; local helper duplication alone does not qualify for a material net reduction.
crates/beryl-app/src/shell/settings/theme_editor/navigator.rs	3646d731e0d1eef5b51a908b2e0e81a8c6961379	15059	446	source	audited	full_bodies		Full 1-446; all definitions, bodies, callbacks, macros and applicable cfg paths read. Keep bounded role-tree viewport rendering, cycle-safe ancestry selection and callbacks.
crates/beryl-app/src/shell/settings/theme_editor/navigator/chrome.rs	552cfc171da25095b1f02a89d4315726ad431900	1298	43	source	audited	full_bodies		Full 1-43; all definitions, bodies, callbacks, macros and applicable cfg paths read. Keep navigator chrome and scroll control styling.
crates/beryl-app/src/shell/settings/theme_editor/navigator/layout.rs	af8763945750e92d398fbddf1dd336c09ed9ef60	5186	166	source	audited	full_bodies		Full 1-166; all definitions, bodies, callbacks, macros and applicable cfg paths read. Keep fixed row-height bounded viewport-window layout.
crates/beryl-app/src/shell/settings/theme_editor/navigator/row_render.rs	95e2da546adf92e05a7eb6f4d49eadf5248b2363	3975	121	source	audited	full_bodies		Full 1-121; all definitions, bodies, callbacks, macros and applicable cfg paths read. Keep stable role IDs, selected row styling and activation callbacks.
crates/beryl-app/src/shell/settings/theme_editor/navigator/scroll_state.rs	9cad0e91588ace56199741c83e31c1beb31227f7	3405	105	source	audited	full_bodies		Full 1-105; all definitions, bodies, callbacks, macros and applicable cfg paths read. Keep keyed scroll position reconciliation across role-tree changes.
crates/beryl-app/src/shell/settings/theme_editor/role_tree.rs	b48f0ad9d972ae0ab31c72941c8ea15c85e54f38	8233	269	source	audited	full_bodies		Full 1-269; all definitions, bodies, callbacks, macros and applicable cfg paths read. Keep schema-derived hierarchy and selected-role ancestry.
crates/beryl-app/src/shell/settings/theme_editor/rows.rs	9d473ed7771e40c09bbc9e8516abf4bd7a6537ae	7153	191	source	audited	full_bodies		Full 1-191; all definitions, bodies, callbacks, macros and applicable cfg paths read. Keep typed role field rows and callbacks with staged draft values.
crates/beryl-app/src/shell/settings/themes.rs	024a225bb6aba452aff74c380975fa9aedd56d41	5336	164	source	audited	full_bodies		Full 1-164; all definitions, bodies, callbacks, macros and applicable cfg paths read. Keep theme catalog rows and activate/import/export/rename workflow state.
crates/beryl-app/src/shell/status_line.rs	135a42ae42d1fc365624c7e03815c6594648f367	17872	556	source	audited	full_bodies		Full 1-556; all symbols, callbacks, cfg branches and macros examined. Retain exact unknown status, backend identity and staged turn defaults; local duplicate wrappers/popup setup are subordinate to target exact-stop and progressive model-query replacement, not separately counted.
crates/beryl-app/src/shell/status_operation.rs	2898826810e4de74320961f5304246a369fd2642	14209	430	source	audited	full_bodies		Full 1-430; all definitions, bodies, callbacks, macros and applicable cfg paths read. Preserve operation state, model/reasoning selection callbacks, active operation cancellation and frame style projection; paged model query replacement is already pending.
crates/beryl-app/src/shell/status_operation_state.rs	ee98634ad0e81b9f173caa1fa2fe08ebd4ebcb00	3655	144	source	audited	full_bodies		Full 1-144; all symbols, callbacks, cfg branches and macros examined. Retain exact unknown status, backend identity and staged turn defaults; local duplicate wrappers/popup setup are subordinate to target exact-stop and progressive model-query replacement, not separately counted.
crates/beryl-app/src/shell/syndic_transcript/activation.rs	e5ed673d7d09fc795d1e2ee1e414b92cafc3a04d	3698	119	source	audited	full_bodies		Full 1-119; all definitions and implementation bodies/callbacks/cfg/macro paths read. Retain resident-only renderer/provider separation, stable revisions/provenance, exact scroll and action invalidation. Prototype deep clones and geometry scans require target immutable-page rework; no complete-prototype removal claimed. Interaction lookup duplication considered for shared validation finding.
crates/beryl-app/src/shell/syndic_transcript/command.rs	aa84fd3f327e346cd717e3a953d5d95bbd958a50	11601	384	source	audited	full_bodies		Full 1-384; all definitions and implementation bodies/callbacks/cfg/macro paths read. Retain resident-only renderer/provider separation, stable revisions/provenance, exact scroll and action invalidation. Prototype deep clones and geometry scans require target immutable-page rework; no complete-prototype removal claimed. Interaction lookup duplication considered for shared validation finding.
crates/beryl-app/src/shell/syndic_transcript/context_menu.rs	198049849c2ff47d99ceaf0988f755a994df7c04	6046	195	source	audited	full_bodies		Full 1-195; all definitions and implementation bodies/callbacks/cfg/macro paths read. Retain resident-only renderer/provider separation, stable revisions/provenance, exact scroll and action invalidation. Prototype deep clones and geometry scans require target immutable-page rework; no complete-prototype removal claimed. Interaction lookup duplication considered for shared validation finding.
crates/beryl-app/src/shell/syndic_transcript/core.rs	2c0a4454c39fa6fecc71efc4a343936ae1a3e99e	120570	3207	source	audited	full_bodies	AS-006,AS-007	Full 1-3207; every request/admission, activation, generation, selection/quote/menu/media, fallback, release, budget, sorting and bookkeeping body plus all types/defaults read. Pending immutable-page rework explicitly covers deep cloning and authority-key/retirement gaps; preserve budgets and owned exact request identity. Identified repeated action geometry validation and manually synchronized len counters for bounded simplification.
crates/beryl-app/src/shell/syndic_transcript/demand.rs	626d899027a3f1038edfb09ab621a92892070c47	3054	128	source	audited	full_bodies		Full 1-128; all definitions and implementation bodies/callbacks/cfg/macro paths read. Retain resident-only renderer/provider separation, stable revisions/provenance, exact scroll and action invalidation. Prototype deep clones and geometry scans require target immutable-page rework; no complete-prototype removal claimed. Interaction lookup duplication considered for shared validation finding.
crates/beryl-app/src/shell/syndic_transcript/diagnostics.rs	66d0c836a8f1f0a4b63a59b4c65c4a67941c9a71	6974	161	source	audited	full_bodies	AS-007	Full 1-161; all definitions and implementation bodies/callbacks/cfg/macro paths read. Retain resident-only renderer/provider separation, stable revisions/provenance, exact scroll and action invalidation. Prototype deep clones and geometry scans require target immutable-page rework; no complete-prototype removal claimed. Interaction lookup duplication considered for shared validation finding.
crates/beryl-app/src/shell/syndic_transcript/frame/geometry.rs	d0857882a5cbf280db06d51383a4cc10dcb95359	9309	299	source	audited	full_bodies		Full 1-299; all definitions and implementation bodies/callbacks/cfg/macro paths read. Retain resident-only renderer/provider separation, stable revisions/provenance, exact scroll and action invalidation. Prototype deep clones and geometry scans require target immutable-page rework; no complete-prototype removal claimed. Interaction lookup duplication considered for shared validation finding.
crates/beryl-app/src/shell/syndic_transcript/frame/mod.rs	3f6af55a384115defbc8375d7e1513d3ce7b2c87	15472	445	source	audited	full_bodies		Full 1-445; all definitions and implementation bodies/callbacks/cfg/macro paths read. Retain resident-only renderer/provider separation, stable revisions/provenance, exact scroll and action invalidation. Prototype deep clones and geometry scans require target immutable-page rework; no complete-prototype removal claimed. Interaction lookup duplication considered for shared validation finding.
crates/beryl-app/src/shell/syndic_transcript/frame/types.rs	a35f2b1df7d8caf0c8fe6fa5681b3a151228c3fa	5513	186	source	audited	full_bodies		Full 1-186; all definitions and implementation bodies/callbacks/cfg/macro paths read. Retain resident-only renderer/provider separation, stable revisions/provenance, exact scroll and action invalidation. Prototype deep clones and geometry scans require target immutable-page rework; no complete-prototype removal claimed. Interaction lookup duplication considered for shared validation finding.
crates/beryl-app/src/shell/syndic_transcript/host.rs	b7af1e32b03528fcbc48df83e1106e57cb3493cd	21443	554	source	audited	full_bodies	AS-007	Full 1-554; all definitions and implementation bodies/callbacks/cfg/macro paths read. Retain resident-only renderer/provider separation, stable revisions/provenance, exact scroll and action invalidation. Prototype deep clones and geometry scans require target immutable-page rework; no complete-prototype removal claimed. Interaction lookup duplication considered for shared validation finding.
crates/beryl-app/src/shell/syndic_transcript/media_action.rs	7e929c7482f5138f31e345e1769d2e9349430e9f	9686	300	source	audited	full_bodies		Full 1-300; all definitions and implementation bodies/callbacks/cfg/macro paths read. Retain resident-only renderer/provider separation, stable revisions/provenance, exact scroll and action invalidation. Prototype deep clones and geometry scans require target immutable-page rework; no complete-prototype removal claimed. Interaction lookup duplication considered for shared validation finding.
crates/beryl-app/src/shell/syndic_transcript/mod.rs	172e0e00107cde05e260ac29d78b777159af4df8	4227	94	source	audited	full_bodies		Full 1-94; all definitions and implementation bodies/callbacks/cfg/macro paths read. Retain resident-only renderer/provider separation, stable revisions/provenance, exact scroll and action invalidation. Prototype deep clones and geometry scans require target immutable-page rework; no complete-prototype removal claimed. Interaction lookup duplication considered for shared validation finding.
crates/beryl-app/src/shell/syndic_transcript/panel.rs	d2ccdb2c44259c0790abc30f37bef06c794eb1ea	31273	926	source	audited	full_bodies		Full 1-926; all definitions and implementation bodies/callbacks/cfg/macro paths read. Retain resident-only renderer/provider separation, stable revisions/provenance, exact scroll and action invalidation. Prototype deep clones and geometry scans require target immutable-page rework; no complete-prototype removal claimed. Interaction lookup duplication considered for shared validation finding.
crates/beryl-app/src/shell/syndic_transcript/provider.rs	dea364936f4db4b8c0c6bffdf37c2b992e41e1d1	9224	304	source	audited	full_bodies		Full 1-304; all definitions and implementation bodies/callbacks/cfg/macro paths read. Retain resident-only renderer/provider separation, stable revisions/provenance, exact scroll and action invalidation. Prototype deep clones and geometry scans require target immutable-page rework; no complete-prototype removal claimed. Interaction lookup duplication considered for shared validation finding.
crates/beryl-app/src/shell/syndic_transcript/renderer_context_menu.rs	531be9cf11592da0a874b7d8d62fcc8d12b59e78	5899	165	source	audited	full_bodies	AS-006	Full 1-165; all definitions and implementation bodies/callbacks/cfg/macro paths read. Retain resident-only renderer/provider separation, stable revisions/provenance, exact scroll and action invalidation. Prototype deep clones and geometry scans require target immutable-page rework; no complete-prototype removal claimed. Interaction lookup duplication considered for shared validation finding.
crates/beryl-app/src/shell/syndic_transcript/renderer_media_action.rs	a51c9a4eec9d251a39b827b0f782b0efc58848f1	8145	230	source	audited	full_bodies	AS-006	Full 1-230; all definitions and implementation bodies/callbacks/cfg/macro paths read. Retain resident-only renderer/provider separation, stable revisions/provenance, exact scroll and action invalidation. Prototype deep clones and geometry scans require target immutable-page rework; no complete-prototype removal claimed. Interaction lookup duplication considered for shared validation finding.
crates/beryl-app/src/shell/syndic_transcript/renderer_quote.rs	b5197b6bfca948657cead028d440c7214bd9738b	1509	36	source	audited	full_bodies		Full 1-36; all definitions and implementation bodies/callbacks/cfg/macro paths read. Retain resident-only renderer/provider separation, stable revisions/provenance, exact scroll and action invalidation. Prototype deep clones and geometry scans require target immutable-page rework; no complete-prototype removal claimed. Interaction lookup duplication considered for shared validation finding.
crates/beryl-app/src/shell/syndic_transcript/renderer_selection.rs	a361f40b43ec719c4fff2f3d16b833263d9b644f	6111	178	source	audited	full_bodies	AS-006	Full 1-178; all definitions and implementation bodies/callbacks/cfg/macro paths read. Retain resident-only renderer/provider separation, stable revisions/provenance, exact scroll and action invalidation. Prototype deep clones and geometry scans require target immutable-page rework; no complete-prototype removal claimed. Interaction lookup duplication considered for shared validation finding.
crates/beryl-app/src/shell/syndic_transcript/selection.rs	e8a889255dbebd75415bc4755fa3aac51d67a7b1	8446	296	source	audited	full_bodies	AS-006	Full 1-296; all definitions and implementation bodies/callbacks/cfg/macro paths read. Retain resident-only renderer/provider separation, stable revisions/provenance, exact scroll and action invalidation. Prototype deep clones and geometry scans require target immutable-page rework; no complete-prototype removal claimed. Interaction lookup duplication considered for shared validation finding.
crates/beryl-app/src/shell/syndic_transcript/snapshot.rs	5b33404f2ca3ddd16f3eac146254c83253eff1d8	4074	144	source	audited	full_bodies		Full 1-144; all definitions and implementation bodies/callbacks/cfg/macro paths read. Retain resident-only renderer/provider separation, stable revisions/provenance, exact scroll and action invalidation. Prototype deep clones and geometry scans require target immutable-page rework; no complete-prototype removal claimed. Interaction lookup duplication considered for shared validation finding.
crates/beryl-app/src/shell/syndic_transcript/status_facts.rs	1c116f243ecb1e62371772d232dd99caee6c5594	5963	153	source	audited	full_bodies	AS-007	Full 1-153; all definitions and implementation bodies/callbacks/cfg/macro paths read. Retain resident-only renderer/provider separation, stable revisions/provenance, exact scroll and action invalidation. Prototype deep clones and geometry scans require target immutable-page rework; no complete-prototype removal claimed. Interaction lookup duplication considered for shared validation finding.
crates/beryl-app/src/shell/syntax_highlighting.rs	eda4489ed0ab080b1e0591b7e444f35495d0d61b	1525	45	source	audited	full_bodies	AS-004	Full 1-45; all dispatch, types, scanners/builders, UTF-8 ranges and cache generation/admission/release bodies reviewed. Retain exact syntax roles and bounded asynchronous ownership; cache consolidation recorded in AS-001.
crates/beryl-app/src/shell/syntax_highlighting/cache.rs	246963cca665a6cfe0ede829da29c717a89e0020	16782	488	source	audited	full_bodies	AS-001	Full 1-488; all dispatch, types, scanners/builders, UTF-8 ranges and cache generation/admission/release bodies reviewed. Retain exact syntax roles and bounded asynchronous ownership; cache consolidation recorded in AS-001.
crates/beryl-app/src/shell/syntax_highlighting/cache/accounting.rs	e0e78049d8a7b6bb96949daf7657534a5b35db6b	1384	46	source	audited	full_bodies	AS-001	Full 1-46; all dispatch, types, scanners/builders, UTF-8 ranges and cache generation/admission/release bodies reviewed. Retain exact syntax roles and bounded asynchronous ownership; cache consolidation recorded in AS-001.
crates/beryl-app/src/shell/syntax_highlighting/cache/request.rs	b8155aa598ad1787419f92b376fc36a3e65b805f	2036	78	source	audited	full_bodies	AS-001	Full 1-78; all dispatch, types, scanners/builders, UTF-8 ranges and cache generation/admission/release bodies reviewed. Retain exact syntax roles and bounded asynchronous ownership; cache consolidation recorded in AS-001.
crates/beryl-app/src/shell/syntax_highlighting/ini.rs	b788ded96fb51c7dc26b0498ac6f8062552f9ff6	4143	111	source	audited	full_bodies	AS-004	Full 1-111; all dispatch, types, scanners/builders, UTF-8 ranges and cache generation/admission/release bodies reviewed. Retain exact syntax roles and bounded asynchronous ownership; cache consolidation recorded in AS-001.
crates/beryl-app/src/shell/syntax_highlighting/json.rs	ebc87bf77580dbf9c3449e0f08bc70650325eb7c	11088	361	source	audited	full_bodies	AS-004	Full 1-361; all dispatch, types, scanners/builders, UTF-8 ranges and cache generation/admission/release bodies reviewed. Retain exact syntax roles and bounded asynchronous ownership; cache consolidation recorded in AS-001.
crates/beryl-app/src/shell/syntax_highlighting/language.rs	3fc6c1bdf31d1eeb53759844c0e6028a638c0619	817	26	source	audited	full_bodies	AS-004	Full 1-26; all dispatch, types, scanners/builders, UTF-8 ranges and cache generation/admission/release bodies reviewed. Retain exact syntax roles and bounded asynchronous ownership; cache consolidation recorded in AS-001.
crates/beryl-app/src/shell/syntax_highlighting/markdown.rs	6572ea8b975a5a13664a42741151d8f31d0aa152	12970	392	source	audited	full_bodies	AS-004	Full 1-392; all dispatch, types, scanners/builders, UTF-8 ranges and cache generation/admission/release bodies reviewed. Retain exact syntax roles and bounded asynchronous ownership; cache consolidation recorded in AS-001.
crates/beryl-app/src/shell/syntax_highlighting/model.rs	e4fc8348cc558f5ed1ed34f43a401a4b357d2e37	2619	115	source	audited	full_bodies	AS-004	Full 1-115; all dispatch, types, scanners/builders, UTF-8 ranges and cache generation/admission/release bodies reviewed. Retain exact syntax roles and bounded asynchronous ownership; cache consolidation recorded in AS-001.
crates/beryl-app/src/shell/syntax_highlighting/toml.rs	d2377d6770e2b8a3c6aaf42386bb9619a5a953ac	8981	280	source	audited	full_bodies	AS-004	Full 1-280; all dispatch, types, scanners/builders, UTF-8 ranges and cache generation/admission/release bodies reviewed. Retain exact syntax roles and bounded asynchronous ownership; cache consolidation recorded in AS-001.
crates/beryl-app/src/shell/thread_title.rs	85f23980c8c6407f008bd8babb7675c62498360b	7157	245	source	audited	full_bodies		Full 1-245; all symbols, callbacks, cfg branches and macros examined. Retain bounded title prompt/acceptance, targeted cancellation and unsubscribe outcomes; per-task ownership is needed for late-result fencing.
crates/beryl-app/src/shell/thread_title/backend.rs	4bca933c7ef40b9c9d675cbaafb12048a5aadf9b	1794	62	source	audited	full_bodies		Full 1-62; all symbols, callbacks, cfg branches and macros examined. Retain bounded title prompt/acceptance, targeted cancellation and unsubscribe outcomes; per-task ownership is needed for late-result fencing.
crates/beryl-app/src/shell/thread_title/cleanup.rs	f7c0cc249a6e36396e6c504a451cc3396368df3b	1061	36	source	audited	full_bodies		Full 1-36; all symbols, callbacks, cfg branches and macros examined. Retain bounded title prompt/acceptance, targeted cancellation and unsubscribe outcomes; per-task ownership is needed for late-result fencing.
crates/beryl-app/src/shell/thread_title/task.rs	2c1ca28a436519f11fb31992ae07deda654078d0	3261	116	source	audited	full_bodies		Full 1-116; all symbols, callbacks, cfg branches and macros examined. Retain bounded title prompt/acceptance, targeted cancellation and unsubscribe outcomes; per-task ownership is needed for late-result fencing.
crates/beryl-app/src/shell/thread_title/types.rs	a6fc914fb108b2b7bb3969c31d0349c2a7fb0a21	271	13	source	audited	full_bodies		Full 1-13; all symbols, callbacks, cfg branches and macros examined. Retain bounded title prompt/acceptance, targeted cancellation and unsubscribe outcomes; per-task ownership is needed for late-result fencing.
crates/beryl-app/src/shell/tool_activity.rs	9cf922805e694377df9534b651864a23c3764679	36104	1021	source	audited	full_bodies		Full 1-1021; all types, records/rows/accounting/prune/ancestry walks, one-variant label priority, batch nickname validation and retry/cfg helpers examined. Activity retained prototype intentionally lacks event ingress (test confirms); target paged activity rework supersedes complete history/row clone model. Preserve bounded visible window, completion budgets and exact observed-child metadata; no double-counted dead-prototype deletion.
crates/beryl-app/src/shell/tool_activity_nickname.rs	90c36064df64a87b53a5423875320ac82af11f4c	11815	349	source	audited	full_bodies		Full 1-349; all types, records/rows/accounting/prune/ancestry walks, one-variant label priority, batch nickname validation and retry/cfg helpers examined. Activity retained prototype intentionally lacks event ingress (test confirms); target paged activity rework supersedes complete history/row clone model. Preserve bounded visible window, completion budgets and exact observed-child metadata; no double-counted dead-prototype deletion.
crates/beryl-app/src/shell/turn_view_status.rs	63dbc7d1c0d43d23e974a3aa0a6e7136495b7af3	2240	64	source	audited	full_bodies		Full 1-64; all definitions, bodies, callbacks, macros and applicable cfg paths read. Project content-free resident turn-view facts into status; preserve unknown/zero distinction and staged popup model.
crates/beryl-app/src/shell/virtual_list/element.rs	5e92df28ee9b6abd58307764d2813122a4258a1d	6861	184	source	audited	full_bodies	AS-005	Full 1-184; all measurement/layout/scroll/virtual-tail/focus and cfg(test) support bodies read. Retain exact pixel and virtual-tail anchor semantics; remove unused generalized sizing/measuring modes only if caller audit confirms.
crates/beryl-app/src/shell/virtual_list/item.rs	48cc48dab47700efbaddafae558d6514f22bddd2	2665	87	source	audited	full_bodies		Full 1-87; all measurement/layout/scroll/virtual-tail/focus and cfg(test) support bodies read. Retain exact pixel and virtual-tail anchor semantics; remove unused generalized sizing/measuring modes only if caller audit confirms.
crates/beryl-app/src/shell/virtual_list/layout_state.rs	38b3a6252337eb219b7044bec38554b0c8ac1a28	23669	595	source	audited	full_bodies	AS-005	Full 1-595; all measurement/layout/scroll/virtual-tail/focus and cfg(test) support bodies read. Retain exact pixel and virtual-tail anchor semantics; remove unused generalized sizing/measuring modes only if caller audit confirms.
crates/beryl-app/src/shell/virtual_list/mod.rs	d7e0e52971b98cbc10c7edd84ef65f3182ae67ea	12855	407	source	audited	full_bodies	AS-005	Full 1-407; all measurement/layout/scroll/virtual-tail/focus and cfg(test) support bodies read. Retain exact pixel and virtual-tail anchor semantics; remove unused generalized sizing/measuring modes only if caller audit confirms.
crates/beryl-app/src/shell/virtual_list/scroll_state.rs	e516fe6bd7c2b680c4f681d2202a472eb7242d8a	8882	239	source	audited	full_bodies		Full 1-239; all measurement/layout/scroll/virtual-tail/focus and cfg(test) support bodies read. Retain exact pixel and virtual-tail anchor semantics; remove unused generalized sizing/measuring modes only if caller audit confirms.
crates/beryl-app/src/shell/virtual_list/state.rs	15af8520041b5fe4c01c05cb2dd6141533e06ff1	18568	476	source	audited	full_bodies	AS-005	Full 1-476; all measurement/layout/scroll/virtual-tail/focus and cfg(test) support bodies read. Retain exact pixel and virtual-tail anchor semantics; remove unused generalized sizing/measuring modes only if caller audit confirms.
crates/beryl-app/src/text_input.rs	74ef50e1d996f08aa4a6b882d5e5a2dc1393e253	538	13	source	audited	full_bodies		Examined 1-13. Reexports and sole shared keybinding delegation; already minimal.
crates/beryl-app/src/theme_runtime.rs	777fd46dbb6348a5b2bdeee59cc14a58a7fa014a	2285	49	source	audited	declarations_only		Examined 1-49. Module/export boundary only; target theme runtime remains required.
crates/beryl-app/src/theme_runtime/adapter.rs	4e297e1f77498e9b2744d4e43bc96438ca80f748	1368	55	source	audited	full_bodies		Examined 1-55. Narrow publication trait and exact bounded snapshot; no smaller cross-thread replacement identified.
crates/beryl-app/src/theme_runtime/coordinator.rs	24380aa2bd220bb232bd42481bd9a1c801ec7549	10961	369	source	audited	full_bodies		Examined 1-369. Distinct durable/current/preview and attempt identities retain required precedence and retry behavior.
crates/beryl-app/src/theme_runtime/error.rs	7aad6bc68316180b6590e5874aab4574b5ec4a00	6138	179	source	audited	full_bodies	AU-004	Examined 1-179. Manual Display/Error boilerplate can use existing thiserror without changing redaction/source topology.
crates/beryl-app/src/theme_runtime/gpui_publication.rs	531e9886599575fc20456aeadeb4bb265ee2e2d2	12460	374	source	audited	full_bodies		Examined 1-374. One-slot bridge and prepare/validate/infallible commit retain retirement/reentrancy/window-epoch guarantees.
crates/beryl-app/src/theme_runtime/identity.rs	3df1403e5ba69eca1685f6a3acbf7fed6f981d22	4630	166	source	audited	full_bodies		Examined 1-166. Existing macro already shares monotonic identity mechanics while keeping domains distinct.
crates/beryl-app/src/theme_runtime/publication.rs	75b17c8310030be029807f7c4a84c6c44810b44a	18715	472	source	audited	full_bodies		Examined 1-472. Atomic publication already shared; durable versus external-rejected retention and preview precedence differ intentionally.
crates/beryl-app/src/theme_runtime/service.rs	7d4747e9b8f91e6f0a05bc3e91f3b613104af3ef	14558	487	source	audited	full_bodies	AU-005	Examined 1-487. Retirement duplicates lifecycle::retire; bounded hint reduction and service ownership otherwise retained.
crates/beryl-app/src/theme_runtime/service/lifecycle.rs	0a1ae815db7ec322af505df9d026762e01f3178e	6318	171	source	audited	full_bodies	AU-005	Examined 1-171. retire duplicates retire_with body and can delegate with Retired failure class.
crates/beryl-app/src/theme_runtime/service/load.rs	15ccdb06d058d70f3946ab5cdb2e698bfc12af31	7962	206	source	audited	full_bodies		Examined 1-206. Bounded manifest selection plus typed startup/live failure mapping; full manifest retention is not allowed.
crates/beryl-app/src/theme_runtime/service/operations.rs	552a602d80c089ccb016dd49d5945132ecd6695b	6454	157	source	audited	full_bodies		Examined 1-157. Settings/repository/reconciliation routing preserves exact durable result and appearance separation.
crates/beryl-app/src/theme_runtime/service/publication.rs	0a2675e6b1b9ac8d15187f36d51f04891ea84f80	9475	259	source	audited	full_bodies	AU-005	Examined 1-259. Discarded ThemeLiveEditOutcome::invalid constructors have no effects; preserve separate external rejection and durable retry semantics.
crates/beryl-app/src/window_acquisition.rs	82de7f749f2cc6603dac794e60f8da8dbae9cccc	48031	1329	source	audited	full_bodies	AU-007	Examined 1-1329. validate_execution and project_unclaimed_facts duplicate catalog projection helpers; retain bounded global-oldest scan/flight custody.
crates/beryl-app/src/window_acquisition/abandonment.rs	c5274a8651147c6e7868313db3fb81963676c47b	31424	836	source	audited	full_bodies		Examined 1-836. Move-only atomic abandonment and natural reconciliation retain precise acquired/abandoned/collision states; generic transaction wrapper not clearly smaller.
crates/beryl-app/tests/accepted_next_scheduler.rs	ac4f2a298d5bf406e91ab9464265bb285c8074ce	19019	529	test	audited	full_bodies	AI-011	Examined 1-529. All six scenario bodies and feature cfg read; repeated session/provider/server admission setup can share mechanics, preserve reserve and retirement cut assertions.
crates/beryl-app/tests/accepted_next_scheduler/shutdown.rs	937867b1c91036502b309fca349113e38790c9d3	2553	73	test	audited	full_bodies	AI-011	Examined 1-73. Full shutdown-reservation race and actual same-directory reopen read; promote before shutdown return and session release asserted.
crates/beryl-app/tests/accepted_next_scheduler/support.rs	29074f6f5291b66ff72fccccbc6edbdb9b50da60	5961	190	test_support	audited	full_bodies	AI-011	Examined 1-190. All seed/wake/route lookup/wait helpers read; explicit no-wake and after-direct-setup seams preserve fault placement.
crates/beryl-app/tests/accepted_next_scheduler/support/execution.rs	4c3cdc279656df0d0da390bcc51863d2ac527bd3	4937	169	test	audited	full_bodies	AI-011	Examined 1-169. All checkout session/Drop, dynamic handlers, provider issue/shutdown and policy bodies read; exact returning session ownership retained.
crates/beryl-app/tests/accepted_promotion.rs	c7c6083035a5a3016a0e769a9d1fd0b255089bdc	19475	603	test	audited	full_bodies	AI-012	Examined 1-603. All five promotion scenarios and fault matrix read; repeated committed/validation outcome assertion plumbing can share helper.
crates/beryl-app/tests/accepted_promotion/support.rs	65cafb5394bcb1ef6f2b138a5d12ad7609c22d3c	23824	724	test_support	audited	full_bodies	AI-012	Examined 1-724. All fixture constructors, composer-based admission/flush, terminalization, same-home recovery and command bodies read; preserve exact real fixture operations.
crates/beryl-app/tests/accepted_promotion/support/assets.rs	597aa18d812c34f120054c5797caf1d26f383302	3844	117	test	audited	full_bodies	AI-013	Examined 1-117. All 117 lines read; no module/include/caller references found in crate, detached old asset fixture builder.
crates/beryl-app/tests/accepted_promotion/support/records.rs	642cd3a0701e3267ed74310e2b75594dd5b48aff	9785	298	test	audited	full_bodies	AI-013	Examined 1-298. All 298 lines read; no module/include/caller references found in crate, detached old prepared/promotion record builder.
crates/beryl-app/tests/catalog_projection.rs	5c6dddc38b8d845e5f85c11e1f96c14f05e4a263	10185	277	test	audited	full_bodies	AU-007	Examined 1-277. Behavioral no-op, claim and execution mismatch checks; fixture setup may share outcome helper with window fixtures.
crates/beryl-app/tests/code_panel_projection_cache.rs	b37e973d4dc9ef27a07b013aa7193612e316f903	12968	393	test	audited	full_bodies	AS-001	Full 1-393; every fixture, helper and assertion read; retain language recovery, source-range, theme/selection, cache stale-completion and budget scenarios; repeated assertion/bootstrap plumbing can share support.
crates/beryl-app/tests/code_panel_syntax_boundary.rs	186fbd952750080d99adccd4c122354b92f472ea	6882	222	test	audited	full_bodies		Full 1-222; every fixture, helper and assertion read; retain language recovery, source-range, theme/selection, cache stale-completion and budget scenarios; repeated assertion/bootstrap plumbing can share support.
crates/beryl-app/tests/code_panel_syntax_projection.rs	e8ce666c226923f0dfe08bb1921bdc3b709afa7f	6739	205	test	audited	full_bodies	AS-002	Full 1-205; every fixture, helper and assertion read; retain language recovery, source-range, theme/selection, cache stale-completion and budget scenarios; repeated assertion/bootstrap plumbing can share support.
crates/beryl-app/tests/code_panel_syntax_rendering.rs	14ca9b4b8f4472515d5b80127cdf02122b49a179	10256	290	test	audited	full_bodies	AS-002	Full 1-290; every fixture, helper and assertion read; retain language recovery, source-range, theme/selection, cache stale-completion and budget scenarios; repeated assertion/bootstrap plumbing can share support.
crates/beryl-app/tests/composer_lifecycle.rs	5a174deb4fcd84807fdf73a4f859c51075a57f21	15890	442	test	audited	full_bodies		Examined lines 1-442, all bodies, types, macros and cfg. Reviewed complete lifecycle setup and scenarios; retain dirty adoption, barrier capture, mutation/publication and exact host identity assertions.
crates/beryl-app/tests/composer_lifecycle/admission.rs	24c9d097f5353ee59ce7307e78ae4229c69b3bb1	8377	209	test	audited	full_bodies		Examined lines 1-209, all bodies, types, macros and cfg. Reviewed autosave/flush admission cases and fault placement; distinct barrier, dirty and read-only transitions retained.
crates/beryl-app/tests/composer_lifecycle/common.rs	9ff96e75af9612650a4fdb6ffd6d8975149fb0cd	5130	144	test	audited	full_bodies		Examined lines 1-144, all bodies, types, macros and cfg. Reviewed lifecycle support constructors and explicit identities; excluded generic session/asset helper savings already owned by AP.
crates/beryl-app/tests/composer_lifecycle/edges.rs	5edc102c876e575af32506099920c02b01090b80	20975	464	test	audited	full_bodies		Examined lines 1-464, all bodies, types, macros and cfg. Reviewed all lifecycle edge cases including successor, stale timer, close/disposal and reconciliation; no scenario cuts proposed.
crates/beryl-app/tests/composer_lifecycle/failures.rs	c4509e07ed4a1cdac19512ef1c0931b0fed22f64	8805	192	test	audited	full_bodies		Examined lines 1-192, all bodies, types, macros and cfg. Reviewed failures and retry outcomes with exact intermediate state checks; typed publication errors remain observable.
crates/beryl-app/tests/composer_lifecycle/marker_noncommit.rs	ebb7a5d62b4a279c9913d57656e0035733e2d65f	5047	115	test	audited	full_bodies		Examined lines 1-115, all bodies, types, macros and cfg. Reviewed marker noncommit paths and readiness/asset custody assertions; fault timing retained.
crates/beryl-app/tests/composer_lifecycle/reconciliation.rs	9c8f77cc766e6b27879105f6e812ab76bdaa9919	1564	34	test	audited	full_bodies		Examined lines 1-34, all bodies, types, macros and cfg. Reviewed complete reconciliation test and host state assertions; concise distinct scenario retained.
crates/beryl-app/tests/composer_lifecycle/service_disposal.rs	37815b7c05d175457e82f22688516de0e856513c	3751	92	test	audited	full_bodies		Examined lines 1-92, all bodies, types, macros and cfg. Reviewed service disposal generation/release behavior; no test-body simplification identified.
crates/beryl-app/tests/composer_measurement_cache.rs	2e82e1f5251655011bfceea18c66f94aff5b5bec	3753	111	test	audited	full_bodies		Examined lines 1-111, all bodies, types, macros and cfg. Reviewed cache invalidation/snapshot tests and source checks against GUI authority; measurement identity cases remain distinct.
crates/beryl-app/tests/context_compaction.rs	9cdc13ea21b429350b9ad0acb7260e66a53cf6b8	22856	668	test	audited	full_bodies	AX-017	Complete compaction timeout/capacity/lifecycle/startup/provider terminal scenario bodies reviewed; repeated current-command matches can reuse strict fixture outcome helper.
crates/beryl-app/tests/context_compaction/support.rs	a233841e632567546e957aaa45f4766746754403	8278	234	test_support	audited	full_bodies	AX-017	Complete lifecycle fixture staging/admission/provider/close helper bodies reviewed; preserve exact lifecycle origin and terminal authority.
crates/beryl-app/tests/context_compaction_source_boundary.rs	a3b0ba6d1757f31c2764a465fa0a8e586d596a14	5926	135	test	audited	full_bodies	AX-018	All seven source-boundary assertions reviewed; positive spelling assertions are coupled to layout and overlap AS009 policy.
crates/beryl-app/tests/conversation_composer_gpui.rs	7157f023be7cd6dd4ce35ece555fdfac43f779d7	49373	1346	test	audited	full_bodies	AM-005	Examined lines 1-1346, all bodies, types, macros and cfg. Reviewed all GPUI rendering, bounds, input, clipboard, residency and lifecycle tests plus support; common widget configuration counted only.
crates/beryl-app/tests/conversation_tools.rs	91abd05969057a369da9efea38729acd5224d695	2984	73	test	audited	full_bodies		Examined 1-73. Wire shape and golden digest independently pin durable profile; do not replace with self-computed expected digest.
crates/beryl-app/tests/diagnostic_child_protocol.rs	274ae1067b1ec473a992d86012240ae1954f0794	5258	158	test	audited	full_bodies		Examined 1-158. Behavioral frame limits/drain/correlation and removed hard-stop denial retained.
crates/beryl-app/tests/diagnostic_child_supervisor.rs	285507163f09579370c018ca96774e50c39697f2	13881	398	test	audited	full_bodies	AU-009	Examined 1-398. Real process handshake and cleanup fault cases; platform fixtures preserve launch semantics.
crates/beryl-app/tests/draft_marker_seal_lifecycle.rs	069877e27caade182d3f4c9bc3444c87345002bf	31431	785	test	audited	full_bodies	AP-008	Examined 1-785. All terminal intent/replay/supersession drift, lock/construction, three command fault cuts and active/final drive release-dispose-retire races. Keep fault timelines; share only fixture mechanics.
crates/beryl-app/tests/draft_marker_seal_lifecycle/support.rs	45a51064174e2baf08d0800cebaa73f667eb368d	4661	159	test_support	audited	full_bodies	AP-005	Examined 1-159. Every session/text/marker and asset setup plus service/request/admitted helper; duplicates service-support mechanics with explicit text/page differences.
crates/beryl-app/tests/draft_marker_seal_service.rs	8309b6a6d8423ce06df5eaa55b86629afe17c3a3	27274	720	test	audited	full_bodies	AP-008	Examined 1-720. Every empty/nonempty atomic-page, delayed metadata, indeterminate, cap/coalescing, secret, resume, independent-home and 65-to-64 clamp case; retain assertions.
crates/beryl-app/tests/draft_marker_seal_service/support.rs	a56ae7a0e56a784273aa2b430ef6f145115751a4	5667	193	test_support	audited	full_bodies	AP-005	Examined 1-193. All marker/published-marker session, service/request/admitted and asset sidecar/publication helpers; shared fixture candidate.
crates/beryl-app/tests/exact_root_submission.rs	d96092a3bdb0992dac6eda91782e63030baf5f4e	13486	389	test	audited	full_bodies		Examined lines 1-389, all bodies, types, macros and cfg. Reviewed exact root submission setup and all capture/replay assertions; capture/selector/authentication semantics retained.
crates/beryl-app/tests/exact_root_submission/corrections.rs	6680db446a407adf86b9d5d6f78a8e559e360f36	12436	318	test	audited	full_bodies		Examined lines 1-318, all bodies, types, macros and cfg. Reviewed correction and successor submission cases with explicit expected roots/positions; no helper-derived test oracle proposed.
crates/beryl-app/tests/exact_root_submission/corrections/lifecycle.rs	f68b71e91c91daabd31962ae6cd58150a814392b	10363	315	test	audited	full_bodies		Examined lines 1-315, all bodies, types, macros and cfg. Reviewed submission correction lifecycle cases and fault timing; source/target custody and pending ticket assertions retained.
crates/beryl-app/tests/exact_root_submission/corrections/reconciliation.rs	325698b14ca510eec8fe45639e5de43dbe4d0fa1	13390	380	test	audited	full_bodies		Examined lines 1-380, all bodies, types, macros and cfg. Reviewed correction reconciliation outcomes and exact root identity assertions; no collapse of source/target/failed cuts.
crates/beryl-app/tests/exact_root_submission/legacy_reconciliation.rs	3c75c484c516cace10f44ee114fb6b7e1eb8fff9	8807	252	test	audited	full_bodies		Examined lines 1-252, all bodies, types, macros and cfg. Reviewed legacy reconciliation scenarios and fault timing; baseline behavior is required until authoritative replacement lands.
crates/beryl-app/tests/image_preview_popup.rs	0806134208b44a4032af62f752b7bb8616fb6992	830	28	test	audited	full_bodies		Examined lines 1-28, all bodies, types, macros and cfg. Reviewed popup size and outside-dismissal test bodies; shell implementation ownership is AS and not counted again.
crates/beryl-app/tests/initial_composer.rs	efd158e6977f9396ac9922748e5c0ff85687f915	11123	305	test	audited	full_bodies		Examined lines 1-305, all bodies, types, macros and cfg. Reviewed initial composer request/config/admission cases; preserved limits, policy rejection and binding identity.
crates/beryl-app/tests/initial_composer/gpui.rs	c536f483e65842aa41d0da42318f870295bcaa95	10841	253	test	audited	full_bodies		Examined lines 1-253, all bodies, types, macros and cfg. Reviewed initial GPUI mount, first-page and lifecycle behavior; exact UI mounting and focus assertions retained.
crates/beryl-app/tests/initial_composer/support.rs	960f4d48280b444fddcf072c48c653dc37783d23	9131	259	test_support	audited	full_bodies		Examined lines 1-259, all bodies, types, macros and cfg. Reviewed initial composer fixture/session/response support; no new savings beyond excluded shared host fixture work.
crates/beryl-app/tests/live_event_router.rs	7e4b5cd1ff4f9d735c8edc6104234452bf1470ab	4555	122	test	audited	full_bodies		All bodies/cfg/module declarations: raw foreground initialize timeout propagates exact identity/error, no further JSON and full worker release; no cut proposed.
crates/beryl-app/tests/main_window_composer.rs	f56805cc6d9b0f85152cdb59c75fbf4797b813c2	54100	1591	test	audited	full_bodies		Examined lines 1-1591, all bodies, types, macros and cfg. Reviewed all composer ownership, dispatch, clipboard, marker, cut and stale result cases; no scenario deletion or asset helper overlap counted.
crates/beryl-app/tests/main_window_composer_mount.rs	6c02d52be252174173c2992816e18f00d73dbe4a	108498	3074	test	audited	full_bodies	AM-005,AM-008	Examined lines 1-3074, all bodies, types, macros and cfg. Reviewed every mounted GPUI/autosave/native/close case and support body; common construction counted and duplicate support declarations separately recorded.
crates/beryl-app/tests/main_window_composer_slot.rs	6980680b7b33673ab4bfa7cc29c2192a81555a29	19011	531	test	audited	full_bodies		Examined lines 1-531, all bodies, types, macros and cfg. Reviewed slot activation, publication, retirement and stale identity scenarios; exact transition assertions retained.
crates/beryl-app/tests/main_window_composer_slot/support.rs	6a8e98ad059d24cba2200a2175b3364a18b12d75	10766	317	test_support	audited	full_bodies		Examined lines 1-317, all bodies, types, macros and cfg. Reviewed slot fixture, activation and command support mechanics; generic host/asset helper savings excluded from this cohort.
crates/beryl-app/tests/main_window_creation.rs	b8b23881efe0ec1621bfd54ab919989582748367	6076	174	test	audited	full_bodies	AW-006	Examined 1-174: cancellation, reused pristine preservation, wrong request identity, pre-admission cancellation and indeterminate acquisition scenarios.
crates/beryl-app/tests/main_window_creation/gpui.rs	853649b8191b9a68efca2d804440b8d0dbb5179e	18143	542	test	audited	full_bodies	AW-002,AW-006	Examined 1-542: mount/finish duplication plus real pointer/accelerator, hidden failure/deadline, capacity, repeated release, contention and late source-release tests.
crates/beryl-app/tests/main_window_creation/support.rs	07815f0b9cd76ffaa2c23c6cffd988542dee478c	4489	136	test_support	audited	full_bodies	AW-002	Examined 1-136: exact service requests, seal limits, worker settlement, explicit store-before-directory cleanup and bounded GPUI pumping.
crates/beryl-app/tests/main_window_reservations.rs	749c541fba079a30b96540516e6de37b9d727178	5322	156	test	audited	full_bodies	AW-006	Examined 1-156: exact 256 capacity, registry clone identity, independent scopes, concurrent admission and release cycles; preserve real contention.
crates/beryl-app/tests/main_window_shell.rs	ee973514021eaac9251005f76dd0dd373da323cf	16287	445	test	audited	full_bodies	AW-002,AW-006	Examined 1-445: new/additional acquisition-composer fixture duplication, fake failing host and real hidden publication/custody cases; TempDir ordering overlaps PRE-004.
crates/beryl-app/tests/main_window_shell/custody.rs	d203224ea0c806e48162c117cc6a828f702eeea6	4351	118	test	audited	full_bodies	AW-006	Examined 1-118: foreign matching identifiers, cancelled prepare/commit, acknowledgement loss, foreign pending reconcile and final exact release.
crates/beryl-app/tests/main_window_shell/gpui.rs	f8274599cacff9266e390c518d53a5e6d282ff4d	11280	328	test	audited	full_bodies	AW-002,AW-006	Examined 1-328: two-window atomic preview, released editor refusal, minimum geometry, post-native failure and stale selected editor publication refusal.
crates/beryl-app/tests/main_window_shell/support.rs	80777990906e62bf1aa59c37eecf8d9343e34730	3857	116	test_support	audited	full_bodies	AW-002	Examined 1-116: real registered home/runtime/session bootstrap and bounded large-stack worker/join; not replaced with generic sleeps or fake storage.
crates/beryl-app/tests/memory_diagnostics.rs	7d6d26dcbbb17edf9791b35153624a4e60d78fe2	1159	39	test	audited	full_bodies	AU-003	Examined 1-39. Small lazy-construction test distinguishes disabled diagnostic work.
crates/beryl-app/tests/mounted_composer_scale.rs	d1e00bc90e3dd670108b43934d25e9e538c01b8f	56824	1451	test	audited	full_bodies	AM-005	Examined lines 1-1451, all bodies, types, macros and cfg. Reviewed full multi-megabyte/marker/geometry/residency/route-loss suite and helpers; only common widget configuration counted here.
crates/beryl-app/tests/mounted_composer_scale/support.rs	510b4a9b8432255bd9c530ab23e438b66bad2ace	19389	575	test_support	audited	full_bodies	AM-006	Examined lines 1-575, all bodies, types, macros and cfg. Reviewed every scale seed, command, marker/asset and assertion helper; streamed durable seed duplication counted, independent data/oracles retained.
crates/beryl-app/tests/mounted_composer_submission.rs	d441c645aab4d65574956708345c0e43fcec7d08	34469	970	test	audited	full_bodies	AM-005	Examined lines 1-970, all bodies, types, macros and cfg. Reviewed all submission success/failure/gate/reconciliation/late completion cases and helpers; reusable construction counted without timing changes.
crates/beryl-app/tests/native_lineage_gui/support.rs	b9952762ed7ba980c2581b7f21e4940ea78ae01a	5210	144	test_support	audited	full_bodies		Complete GUI marker mutation helper reviewed including ready-writer custody, page finish, bounded execute and release.
crates/beryl-app/tests/native_lineage_scheduler.rs	1ba55b4d21f557407685a119bcc00d77f63777d9	35235	1024	test	audited	full_bodies	AX-006	All 11 scheduler tests and fixture helper bodies reviewed, including two-ready-route coalescing, capacity, cancellation and disposal; lacks waiting-route-plus-ready-route continuation retention coverage.
crates/beryl-app/tests/native_lineage_scheduler/scheduler.rs	f336d31108c9d48f5a1a0145d94af3541b1a4392	6967	225	test	audited	full_bodies		All scheduler support functions reviewed; retained route retries, selected runtime, explicit wake/scrub remain distinct.
crates/beryl-app/tests/native_lineage_scheduler/support.rs	1e295daaa024e9a7053e55d1732872b1a91edb11	14237	427	test_support	audited	full_bodies	AX-016	All native-lineage scripted server bodies reviewed; duplicate counted resume helper can delegate to optional-expected helper.
crates/beryl-app/tests/native_lineage_scheduler/support/execution.rs	c52363d5d7f90d431c09c3e4af1602c9c13211d1	7584	260	test	audited	full_bodies		All slot/pool return-custody and execution-provider bodies reviewed; Drop moves into returning owner and cannot use direct-field simplification.
crates/beryl-app/tests/native_lineage_scheduler/syndic.rs	9d7b4b03fed7a8cc2a8cc8ffe699b91b513e4572	18930	545	test	audited	full_bodies	AX-015	Complete fixture constructors/submission/native source/retirement/clock bodies reviewed; duplicate projection tree with needed scheduler extensions.
crates/beryl-app/tests/native_lineage_scheduler/syndic/assets.rs	1c1c6f2d8f0d0c18fc658a4c213c4c19e16d5fcd	15170	407	test	audited	full_bodies	AX-015	All image fixture, paged reference staging and mutation bodies reviewed; byte-identical copy in projection tree.
crates/beryl-app/tests/native_lineage_scheduler/syndic/exact.rs	26a3176c3abe7dd6a2ec2f212b2f3c7c57a63696	12927	404	test	audited	full_bodies	AX-015	All exact turn establishment/provider framing/correlation bodies reviewed; duplicate projection tree differs in runtime binding source and storage borrow.
crates/beryl-app/tests/native_lineage_scheduler/syndic/history.rs	92bc85680733d2eb1a2f7f7c575d061fd70c084e	14664	426	test	audited	full_bodies	AX-015	All activation/assistant lifecycle/finalization/terminal history/build bodies reviewed; duplicate projection tree plus explicit-thread wrappers.
crates/beryl-app/tests/native_lineage_scheduler/syndic/support.rs	45de5ca39cb98a506c7e2dd92fa8c4c1e0ee439f	1328	42	test_support	audited	full_bodies	AX-015	All item projection fixture helper bodies reviewed; duplicate projection support differs only borrowed storage parameter.
crates/beryl-app/tests/native_lineage_seed_publication.rs	b47bc6ac7232549cfdc18e2e79eadf7360358352	12724	376	test	audited	full_bodies		All GUI seed publication/readiness/config failure/replacement scenarios and fixture bodies reviewed; no reduction that erases preserved editor identity.
crates/beryl-app/tests/normal_terminal.rs	46fb174697619fc6996847edb9256642b44d8c68	10806	310	test	audited	full_bodies		All bodies/cfg/includes: ordinary durable terminal and capacity denial-before-connect/reuse scenarios retained; external included fixture counted by its physical owner.
crates/beryl-app/tests/normal_terminal/loss.rs	e55865c2a7a395a1a58e9f2b19acb20cf95adfb2	13346	369	test	audited	full_bodies	AC-009	All bodies: exact stale binding and four-event incomplete history, original user item and physical connection release retained; shared frame assertion opportunity.
crates/beryl-app/tests/normal_terminal/server.rs	0ddfdc80d161344a3ea9f723c508ffe027ca9ed3	20907	581	test	audited	full_bodies	AC-011	All bodies/types: explicit terminal/recovery/resume/rejection/loss protocol scenarios retained; shared transport/admission helpers only.
crates/beryl-app/tests/normal_terminal/steering_loss.rs	4ed37514b1d138d35375e6b2b0839e77ce46b2c4	8288	251	test	audited	full_bodies		All bodies: automatic delivery claim and mismatched wire echo converge to durable DeliveryUnknown/StreamLost; polling observes real durable transitions.
crates/beryl-app/tests/normal_terminal/verification.rs	85c5d9f4e1fe2c8b84ad07dd1d0f479f88a6fa50	10117	286	test	audited	full_bodies	AC-009,BR-004	All bodies: exact successful binding, item frames and quiescent bounded ingress; shared frame assertions, BR-004 owns constant-false metric removal.
crates/beryl-app/tests/notice_arbiter.rs	213d124ce62d21c7a24c67fb737c78c105c82e71	18656	508	test	audited	full_bodies	AW-007	Examined 1-508: every priority, FIFO, saturation/eviction, persistent convergence, revision/exposure/incarnation, UTF-8 command bound and disposal test.
crates/beryl-app/tests/notice_mount.rs	0dc725a99495f087c0c87211d937f5fb2be55ce3	16705	486	test	audited	full_bodies	AW-007	Examined 1-486: complete mounted zero-or-one geometry, queued stale dismissal, inert routing, resize, retirement, appearance and independent-window command tests.
crates/beryl-app/tests/notice_mount/support.rs	3a5ac29ac481b0741ac89030f3944640d12fc70f	9062	274	test_support	audited	full_bodies	AW-002,AW-005	Examined 1-274: mounted creation/teardown duplication, real preview publication, notice ingress/projection helpers and command-selector counter mismatch.
crates/beryl-app/tests/notice_widget.rs	43348e61f109dd945c60e026b8779b7230c4fb34	356	14	test	audited	declarations_only		Examined 1-14: cfg gate and six test-module declarations only; child files reviewed separately.
crates/beryl-app/tests/notice_widget/commands.rs	37d64653c72fbf5a9a98e9f7b2fff71e1519be9d	11712	305	test	audited	full_bodies	AW-005	Examined 1-305: complete key sequences, stale pointer/key release, tooltip/inert paths and scrollbar drag rejection; selector generation mismatch limits evidence.
crates/beryl-app/tests/notice_widget/continuity.rs	813f7059e6fc31920b4660e06a38e3ae5b054e04	5361	158	test	audited	full_bodies	AW-003,AW-005	Examined 1-158: replacement/focus/scroll and reflow scenarios; first append fixture exceeds detail cap before append, so projected detail is unchanged.
crates/beryl-app/tests/notice_widget/diagnostics.rs	8b36d811d11d00d15c8d606ca1619128be5b84f1	1136	32	test	audited	full_bodies		Examined 1-32: real widget diagnostics exclude private title/detail/command and redact diagnostic identity; retain privacy assertion.
crates/beryl-app/tests/notice_widget/geometry.rs	9880aae91185c7dff81cc7f413425940d5b07c0e	9876	309	test	audited	full_bodies	AW-001,AW-003	Examined 1-309: bounded long detail/three commands, severity paint/font/background, measured frame and entering/visible/leaving state tests.
crates/beryl-app/tests/notice_widget/selection.rs	53c1ff13b786b75518bd8a4d9cab46082824fc99	7281	201	test	audited	full_bodies	AW-003,AW-004	Examined 1-201: actual pointer/keyboard UTF-8 copies, selection quads, physical and wrapped row navigation; preserve under unchanged contract.
crates/beryl-app/tests/notice_widget/support.rs	f592e6495e2adbe06ad072d9a910fbc5ed2b7247	14347	388	test_support	audited	full_bodies	AW-002,AW-005	Examined 1-388: bounded source, real paint/glyph support, duplicate theme-document preparation, mounting and selector helpers.
crates/beryl-app/tests/notification_policy.rs	77b4565147c62f8975844cd952102fdef2c05b2d	5419	150	test	audited	full_bodies		Examined 1-150: sound-disabled, parent visibility/terminal, lifecycle suppression and unknown/combined attention cases; small existing shared input builder retained.
crates/beryl-app/tests/notification_policy_adapter.rs	bb398d1f6869eb4b76849896850ea55cbe11ad45	2339	70	test	audited	full_bodies		Examined 1-70: adapter-level focused attention, unknown suppression and lifecycle mapping; separate production adaptation boundary merits coverage.
crates/beryl-app/tests/notifications.rs	9932a9679f67adec432f4278c79bf612c2e2776a	2634	87	test	audited	full_bodies		Examined 1-87: enqueue/full/disconnect, candidate values and output-device knowledge transitions; latest-waiting audio change is existing rework, zero deletion credit.
crates/beryl-app/tests/ordinary_lane_source_boundary.rs	70fc8b1d8b857a7806220673e000e8fd230a8801	5905	175	test	audited	full_bodies		Examined 1-175. All three architecture scans and traversal read; positive helper-spelling assertions are nonauthoritative; negative hard-stop/materialization exclusions retained.
crates/beryl-app/tests/pending_composer_activation.rs	f8834a8920ae54e9cd9ca84136f1bcb0bcf2f775	85973	2318	test	audited	full_bodies	AM-005	Examined lines 1-2318, all bodies, types, macros and cfg. Reviewed every pending activation/seed/route/cleanup/capacity scenario and support use; common mount construction counted, assertions retained.
crates/beryl-app/tests/pending_composer_activation/support.rs	908b7fe9daa8d9823014c4dd88fe31ac28bf26bc	19269	546	test_support	audited	full_bodies	AM-005,AM-006	Examined lines 1-546, all bodies, types, macros and cfg. Reviewed activation response/configuration, bounded draft seeding and publication helpers; widget and durable seed savings partitioned between AM-005/006.
crates/beryl-app/tests/persistent_failure_terminal_boundary.rs	15c74716ea4c9c851779a3eab0efad0eb2230a68	6657	171	test	audited	full_bodies	AX-018	All terminal boundary source assertions reviewed; negative forbidden-authority guards remain, positive spelling assertions can move to behavioral coverage.
crates/beryl-app/tests/platform_attention.rs	771a35a9e43ee1e39071eaad4ee7e4acca8c0f63	3920	126	test	audited	full_bodies		Examined 1-126 including non-Windows cfg: idle wraparound, malformed power data, lid/display/session mapping and unsupported registration/platform behavior.
crates/beryl-app/tests/projection/syndic.rs	ba7cb0d722fb6c27a5de1ed386e0be468f7d0a0f	18472	532	test	audited	full_bodies	AX-015	Entire physical file compared with fully reviewed native_lineage_scheduler equivalent; all diff hunks read (storage borrows, exact-thread/runtime helper differences accounted for); shared fixture-tree candidate.
crates/beryl-app/tests/projection/syndic/assets.rs	1c1c6f2d8f0d0c18fc658a4c213c4c19e16d5fcd	15170	407	test	audited	full_bodies	AX-015	Entire physical file compared with fully reviewed native_lineage_scheduler equivalent; all diff hunks read (byte-identical assets); shared fixture-tree candidate.
crates/beryl-app/tests/projection/syndic/exact.rs	feae715ad2c4757db348ae33fa2d1e26093ebb3c	12758	398	test	audited	full_bodies	AX-015	Entire physical file compared with fully reviewed native_lineage_scheduler equivalent; all diff hunks read (storage borrows, exact-thread/runtime helper differences accounted for); shared fixture-tree candidate.
crates/beryl-app/tests/projection/syndic/history.rs	8450fb71287067be22abe323c765244d960aabe5	13889	400	test	audited	full_bodies	AX-015	Entire physical file compared with fully reviewed native_lineage_scheduler equivalent; all diff hunks read (storage borrows, exact-thread/runtime helper differences accounted for); shared fixture-tree candidate.
crates/beryl-app/tests/projection/syndic/support.rs	369c09dcd007370bfd96970838033e2ade189990	1329	42	test_support	audited	full_bodies	AX-015	Entire physical file compared with fully reviewed native_lineage_scheduler equivalent; all diff hunks read (storage borrows, exact-thread/runtime helper differences accounted for); shared fixture-tree candidate.
crates/beryl-app/tests/provider_residency.rs	408bdfdc842cbccb22ab1f849dbaee7f5bc9735b	1061	39	test	audited	full_bodies		All bodies/cfg/module declarations: three meaningful scale/backpressure/failure groups and serialization guard retained.
crates/beryl-app/tests/provider_residency/failure.rs	2cc2733e664c79c88952c0879ba8032712e01041	5946	163	test	audited	full_bodies		All bodies: receiver loss, target abandonment, schema/stage failures and indeterminate stage/publication reconciliation retain atomic frontier checks.
crates/beryl-app/tests/provider_residency/fixture.rs	2ab36fc31f4ecfcef9f56c4a85595d36ee4a5068	18071	499	test	audited	full_bodies	BR-004	All bodies: exact seal-ack/frontier waits, worker/page release, durable activation and real transport barrier retained; BR-004 owns constant-false metric.
crates/beryl-app/tests/provider_residency/generator.rs	296d31e2e53fa1ed66046c6aeb1650e241142ae0	8195	247	test	audited	full_bodies		All bodies/types: fixed scratch fragmented wire generator and delayed Pong prove streaming backpressure independently of whole-message construction; retain.
crates/beryl-app/tests/provider_residency/scale.rs	f4e7c8007d711832b9afd2c363170454384ad76d	3010	75	test	audited	full_bodies		All bodies: distinct size scaling and repeated observations prove constant high-water residency and durable digests; retain scenario dimensions.
crates/beryl-app/tests/provider_residency/server.rs	9983b97773f55ad17f2dc28178d910fab24ce2f0	11420	317	test	audited	full_bodies	AC-011	All bodies/types: explicit command/event handshake and fragmented backpressure sequence retained; shared admission/transport helpers only.
crates/beryl-app/tests/provider_residency/verification.rs	1d07d2e8c04ff30b92cafe63489095391e33c439	3948	129	test	audited	full_bodies		All bodies: atomic source frontier and paged SHA-256 comparison use bounded expected/actual reads; existing sha2 fits without custom hash.
crates/beryl-app/tests/recovery_history_stress.rs	8ec694e5834c3306f44cbac31e2852a7c3245e08	13761	398	test	audited	full_bodies	AX-016	All exact-limit/deep-history/budget and cancellation test bodies reviewed; first/second success flows share mechanics, all generation/lineage/residency distinctions retained.
crates/beryl-app/tests/recovery_history_stress/history.rs	f513bd987efe1932792bc89dccfcd18541d641e4	11753	372	test	audited	full_bodies		All history generation/digest/expected wire iterator bodies reviewed; fixture holds bounded 262KiB data intentionally, expected-wire logic stays independent.
crates/beryl-app/tests/recovery_history_stress/server.rs	9ba93f03511442aa9e03ef2fb46fc1d6a03b5628	10764	269	test	audited	full_bodies	AX-016	All stress scripted CAS server bodies reviewed; admission/start/unsubscribe/read/close duplicate page-residency server mechanics.
crates/beryl-app/tests/recovery_history_stress/verification.rs	6dacc58e2b31d4f0618c6a23084c5130e044cbed	6482	175	test	audited	full_bodies	AX-016	All lineage/stale/capacity/residency assertion bodies reviewed; share common release assertions while retaining exact logical progress counters.
crates/beryl-app/tests/recovery_page_residency.rs	c057d87eeec1576c33c08285aebc2467d298ab48	9226	270	test	audited	full_bodies	AX-016	All rendezvous/cancellation and live/final capacity assertions reviewed; shared recovery mechanics candidate retains first-handoff counts.
crates/beryl-app/tests/recovery_page_residency/server.rs	2041d98b2e153e5a6a252cc7be7f19afef57527b	8553	222	test	audited	full_bodies	AX-016	All page-residency scripted server bodies reviewed; shared admission/read/start/unsubscribe/close mechanics candidate.
crates/beryl-app/tests/resident_close_flush.rs	41dcd0bc2b29c1dfc2e82543e7a5480f1efcfc31	462	17	test	audited	declarations_only		Examined lines 1-17, all declarations and cfg. Reviewed every cfg/path/module declaration; behavior resides in separately audited physical child files.
crates/beryl-app/tests/resident_close_flush/final_disposal.rs	07ef3b72b156533a3a19648a6bf36e253d41a4f1	3343	98	test	audited	full_bodies		Examined lines 1-98, all bodies, types, macros and cfg. Reviewed final disposal failure/custody/flush assertions; no weakening read-only resident boundary.
crates/beryl-app/tests/resident_close_flush/host.rs	0c1f36a75b6bf00509f9f4328eea586895fe4eea	12605	360	test	audited	full_bodies		Examined lines 1-360, all bodies, types, macros and cfg. Reviewed host close flush admission, generation, saved/dirty and disposal scenarios; exact host authority retained.
crates/beryl-app/tests/resident_close_flush/mounted.rs	9823e66780d61b406681cb867464adb10074d895	17739	541	test	audited	full_bodies		Examined lines 1-541, all bodies, types, macros and cfg. Reviewed mounted close read-only selectable/copyable/scrollable behavior and failure handling; preserve independent unavailable state.
crates/beryl-app/tests/resident_close_flush/mutation.rs	39ae95bff2542c2738496e61acb2a30ad506d9e3	2820	81	test	audited	full_bodies		Examined lines 1-81, all bodies, types, macros and cfg. Reviewed mutation during close/flush and terminal effects; fault-specific behavior retained.
crates/beryl-app/tests/resident_close_flush/support.rs	1146737d8fd8189cb5b90a816358ae8b7a710789	6669	219	test_support	audited	full_bodies		Examined lines 1-219, all bodies, types, macros and cfg. Reviewed resident close GPUI/service fixture, driving and state inspection helpers; no new helper savings beyond shared configuration proposal.
crates/beryl-app/tests/saved_opening.rs	408fad7ba0fd3af2c6bf77a0325cc4d9bc35e46b	522	21	test	audited	declarations_only		Examined lines 1-21, all declarations and cfg. Reviewed every cfg/path/module declaration; referenced external support is contextual only, child files audited separately.
crates/beryl-app/tests/saved_opening/flush.rs	68ec123edb9d5682477fee137b6059de8ece949f	11848	308	test	audited	full_bodies		Examined lines 1-308, all bodies, types, macros and cfg. Reviewed saved opening/flush cases with authenticated root/history and nonzero candidate generation; locally clean does not imply no durable save.
crates/beryl-app/tests/saved_opening/submission.rs	1ad3ba960a97ceb1fa79abb07e5a041a10ca209e	7916	221	test	audited	full_bodies		Examined lines 1-221, all bodies, types, macros and cfg. Reviewed saved opening/submission cases, exact root capture and correction behavior; saved selector and current candidate remain distinct.
crates/beryl-app/tests/saved_opening/support.rs	9f72d9c91e7acdb3f1cc71030cac490f1c10b59e	6891	205	test_support	audited	full_bodies		Examined lines 1-205, all bodies, types, macros and cfg. Reviewed durable saved draft preparation and publication/selector support; exact authentication preserved and no AP helper costs counted.
crates/beryl-app/tests/scrollbars.rs	dfba7c66d01a4431e103614aaa4cd58708bbef2c	3785	125	test	audited	full_bodies		Full 1-125; all tests and helper bodies read; preserve geometry, drag, virtual-tail, anchor and exact source-range scenarios. Source-string layout-shape assertions are weaker than behavioral callbacks.
crates/beryl-app/tests/selected_composer_preparation.rs	2e84906a5500a277a8201392ef980972de824af5	13324	366	test	audited	full_bodies		Examined lines 1-366, all bodies, types, macros and cfg. Reviewed selected preparation fault cases, seed mismatch and cleanup assertions; retain exact pending/selected ownership and stale result fencing.
crates/beryl-app/tests/status_line.rs	dad7a9556d1ce17b3c425a36a0221c67ad3c99bc	21925	655	test	audited	full_bodies		Examined 1-655: every metadata/default promotion, developer context, operation gate, passive view count and exact per-thread token-usage scenario; no broader fixture abstraction justified here.
crates/beryl-app/tests/submitted_input_residency.rs	a2b400f779d5489e103b28f5da5d5239059bb90d	2997	100	test	audited	full_bodies	AI-014	Examined 1-100. All cfg/module mounts, handlers and four tests read; each residency scenario stays independently invoked.
crates/beryl-app/tests/submitted_input_residency/backpressure.rs	bbe88082b756f48e8357f3b446f3e9ec30f6b2b2	3776	87	test	audited	full_bodies	AI-014	Examined 1-87. Full held-page and held-publication backpressure scenario read; intermediate snapshots and raw request-pending evidence preserved.
crates/beryl-app/tests/submitted_input_residency/content.rs	905a1bb11f1afc46e77074f53c44ae40a2e1b791	16635	500	test	audited	full_bodies	AI-014	Examined 1-500. All logical shape, independent ComposerV1 plan, bounded mutation pages, image admission and first-acceptance fixture bodies read; independent content oracle retained.
crates/beryl-app/tests/submitted_input_residency/failure.rs	c6c1fb53d9bc7f7af50995784a7d8ac688da119a	584	21	test	audited	full_bodies		Examined 1-21. All failure module declarations and explicit eight-scenario runner examined.
crates/beryl-app/tests/submitted_input_residency/failure/common.rs	0a169b2cb977138ebf2f9044cb48b3c95bc82270	3780	124	test	audited	full_bodies	AI-014	Examined 1-124. All shared durable pending/loss and release/close assertions read; exact terminal source absence and lifecycle preserved.
crates/beryl-app/tests/submitted_input_residency/failure/dispatch.rs	2e9e082a3cde1e7061ac1fb14320393f65bfd7dd	5321	131	test	audited	full_bodies	AI-014	Examined 1-131. All cancellation, raw byte cutoff and receiver-loss scenario bodies read; predispatch vs possible-dispatch evidence preserved.
crates/beryl-app/tests/submitted_input_residency/failure/publication.rs	73547d0cec22cf8fdc4ea6dda6bcf48b867c6472	4378	117	test	audited	full_bodies	AI-014	Examined 1-117. Both fault cases and shared terminal publication harness read; AfterPersist blocking precedes next scoped fault arming.
crates/beryl-app/tests/submitted_input_residency/failure/source.rs	8653e4c64052931a93661e40ac4130a3ed1aabc4	2956	81	test	audited	full_bodies	AI-014	Examined 1-81. Both source failure cases and shared harness read; second page fault follows first-page handoff and typed bytes-written error asserted.
crates/beryl-app/tests/submitted_input_residency/failure/target.rs	53eb1e3800788096bdb9a79ba6e405f678904db2	2429	57	test	audited	full_bodies	AI-014	Examined 1-57. Full exact target abandonment case read; healthy transport, active connection and retired lane facts remain independent.
crates/beryl-app/tests/submitted_input_residency/fixture.rs	d54f2f06d75bd26a4efd4b593133213cfa1db51d	4146	124	test	audited	full_bodies	AI-014	Examined 1-124. All projection setup, scoped execution/observer and close bodies read; existing fixture already shares exact preparation lifecycle.
crates/beryl-app/tests/submitted_input_residency/scale.rs	1cb84b29569c9be259f7004e648049958c433174	5242	149	test	audited	full_bodies	AI-014	Examined 1-149. All scale series/setup/assertions read; larger and repeated shapes compare independent wire frames and release evidence.
crates/beryl-app/tests/submitted_input_residency/server.rs	256b877b49524ac000c90d93f134fb8739454ff0	8250	267	test	audited	full_bodies	AI-014	Examined 1-267. All server scenario/control/event lifecycle and close bodies read; fixed-capacity channels and explicit cut timing retained.
crates/beryl-app/tests/submitted_input_residency/server/admission.rs	c5a33ae89fdc767197339892d6187f7237a85533	4426	91	test	audited	full_bodies	AI-014	Examined 1-91. All authenticated pinned setup and raw-socket handoff bodies read; small setup-only DOM is separate from streamed input oracle.
crates/beryl-app/tests/submitted_input_residency/verification.rs	4ebebb150952ab75158cf9c2f367cf783b5a6443	3185	92	test	audited	full_bodies	AI-014	Examined 1-92. All three diagnostic/release/durable-success assertion helpers read; fixed local capacity and exact durable correlation retained.
crates/beryl-app/tests/submitted_input_residency/wire.rs	a27e9efe0b4de275dde0106b85c8632f2007f5b4	8926	334	test	audited	full_bodies	AI-014	Examined 1-334. All bounded input/identity and request/abort value bodies read; hand-coded small strings are potential helper cleanup only, streaming oracle unchanged.
crates/beryl-app/tests/submitted_input_residency/wire/content.rs	ef832e7221fdcac134943719a557fb9ed3dda4cc	3913	126	test	audited	full_bodies	AI-014	Content generator state machine emits bounded independently specified request/echo bytes; marker ordinals and final text branches retain distinct wire obligations.
crates/beryl-app/tests/submitted_input_residency/wire/frame.rs	4f868ca378e7bb5401120599d127b18efc60566a	13335	422	test	audited	full_bodies	AI-014	Masked WebSocket oracle checks frame limits, opcodes, masks, control frames, byte/frame cutoffs and EOF; explicit bounded raw codec retained for independence.
crates/beryl-app/tests/submitted_input_residency/wire/generator.rs	66ae48d3db55c7e57f63e82b7ba91234de4fbaa0	6187	236	test	audited	full_bodies	AI-014	Fixed decimal/image-label cursors and bytewise JSON escaping avoid size-proportional buffers; no worthwhile replacement that preserves independent bounded oracle.
crates/beryl-app/tests/submitted_input_residency/wire/message.rs	cf663e1a174af96370a1df18c6420fb9d7950cff	12174	405	test	audited	full_bodies	AI-014	Request, item lifecycle, turn response and terminal iterators encode distinct independently expected envelopes; common MessagePart already shares bounded primitives.
crates/beryl-app/tests/support/syndic_command.rs	9284ec893e7fb6a48e963e911f9d87e2d22800b3	1230	30	test_support	audited	full_bodies	AX-017	All strict contribution outcome helpers reviewed; reusable outcome assertion for current commands can avoid duplicated matches.
crates/beryl-app/tests/support/syndic_transcript_contract.rs	bbbf7d8efb3a2a04c748699579985c89d89a4feb	295	13	test_support	audited	declarations_only		All provider contract module mounts reviewed; target surface mirrors real provider intentionally.
crates/beryl-app/tests/support/syndic_transcript_core.rs	2c4ea119066c1bedc271b61a674db52d02b420b4	1961	79	test_support	audited	declarations_only		All transcript core support mounts/reexports reviewed; no body logic; retain tested module identity.
crates/beryl-app/tests/support/syndic_transcript_fixture_provider.rs	4b287468b690bc0cfb9c325ad231fc4f4d289d2c	16315	476	test_support	audited	full_bodies		All in-memory provider pagination/projection/resource/stale/rejection bodies reviewed; duplicated resource lookup may helper, low net and fixture-only left unchanged.
crates/beryl-app/tests/support/tempdir.rs	042c51b0d99893e6c8326762fdb3423bc9eb7f9b	1636	78	test_support	audited	full_bodies		All TempDir wrapper/path conversion/name reservation/Windows deny-replacement helpers reviewed; existing tempfile already handles directory ownership; no dependency addition needed.
crates/beryl-app/tests/syndic_composer_history.rs	b36362de327bfb19adc6f4a0287046dcd81b65b7	19982	482	test	audited	full_bodies		Examined 1-482. Every undo/redo branch/retention/restart, cancellation replay, conflict/error/collision, missing history and postcommit position failure case; preserve.
crates/beryl-app/tests/syndic_composer_history/support.rs	805d8a8dddd2fd584c906c0a29d2b8cacec3563d	14852	470	test_support	audited	full_bodies	AP-006	Examined 1-470. All activation/text/object/history mutation and candidate byte read helpers; common single-page edit mechanics duplicate mutation and population helpers.
crates/beryl-app/tests/syndic_composer_host.rs	7718043c3d4ba6d419e3d10b3e50932d76612357	3881	116	test	audited	full_bodies		Examined 1-116. All cfg modules/imports plus activation/key/demand/request/run bodies; compact test bootstrap.
crates/beryl-app/tests/syndic_composer_host/activation_replay.rs	efac027c83ea8eed339f7634d4766bb19992fd3c	6745	192	test	audited	full_bodies		Examined 1-192. Entire activation/replay/failure/identity/pending-limit sequence; repeated default text request construction can use existing text_request helper.
crates/beryl-app/tests/syndic_composer_host/range_custody.rs	04b4fe9c18ccc18940b5fa2138caaa2f0ecf7a8d	14648	433	test	audited	full_bodies		Examined 1-433. Entire three-block test including current/candidate/historical reads, exact proof ceilings, continuation, UTF-8, restoration and release; keep distinct scopes.
crates/beryl-app/tests/syndic_composer_host/read_drift.rs	cddcad20bbfca571a94b175bd1864b4c2c268587	5971	161	test	audited	full_bodies		Examined 1-161. Both current versus candidate and marker-page versus proof branches with exact drift injection; retain independent reads.
crates/beryl-app/tests/syndic_composer_host/stale_completion.rs	5fb6dd9331529f0d41eafd6d0c07ba13d23d051a	2590	79	test	audited	full_bodies	AP-007	Examined 1-79. Complete same-id ABA helper and both invocations across replacement; preserve request/presentation identity checks.
crates/beryl-app/tests/syndic_composer_host/support.rs	2d3cee9610969c5932f3705017b46c38e511f3c3	12007	398	test_support	audited	full_bodies		Examined 1-398. Every temp-home/fault/reopen/transaction/build/session/marker helper, including cfg fault fixture; duplicates ordinary fixture thread setup.
crates/beryl-app/tests/syndic_composer_host/support/populate.rs	0d26c3ad70aa94cdeb97dffff731026b285f9499	14559	436	test	audited	full_bodies	AP-006	Examined 1-436. All admitted marker begin/page/finish/transfer/build/release and ordinary commit-page fixture bodies; share mechanics only, preserve readiness custody.
crates/beryl-app/tests/syndic_composer_host/typed_failures.rs	09e6b6cf827ebb5709f28b8210902a53d203d26e	5983	174	test	audited	full_bodies		Examined 1-174. Entire disposed/missing/corrupt aggregate/selector-drift scenario sequence and cfg definitions; exact typed failures retained.
crates/beryl-app/tests/syndic_composer_mutations.rs	da095b8c1f3ff34acd69e6fd97ead241e512b7e4	11449	367	test	audited	full_bodies	AP-006	Examined 1-367. All module/bootstrap and begin/stage/finish/commit/reactivation/read/totals helpers; single-page mechanics overlap history support.
crates/beryl-app/tests/syndic_composer_mutations/empty_custody.rs	338afa5a918e258e36a2b5b652421951c3967d3c	12837	358	test	audited	full_bodies		Examined 1-358. All synthetic-empty/source retry, exact finish extent/position, pre-admission and building cancellation, widget/internal corruption/fail-closed custody scenarios and cfg helpers; retain separate fault timelines.
crates/beryl-app/tests/syndic_composer_mutations/marker_conflict.rs	eb9c0d6043e2d30b29ce3e2f33c7698ed036bb5b	19873	619	test	audited	full_bodies		Examined 1-619. Every leading marker/text deletion, insert/replace/move/remove, 256/257 metadata boundary, later proposal page and stale candidate/lower-operation conflict scenario plus helpers; retain independent marker/text assertions.
crates/beryl-app/tests/syndic_composer_mutations/metadata_intake.rs	9cb6df56cf0dfdea379ce074de5899ebbb7372ad	7583	235	test	audited	full_bodies		Examined 1-235. All empty-edit/page helpers and source metadata, exact mixed-proposal metadata count, duplicate identity rejection and corrected retry tests; checks prove no frontier/storage effect before valid admission.
crates/beryl-app/tests/syndic_composer_mutations/outcomes.rs	056db827aeae815a66c5860eadd6720a2ce22498	16050	450	test	audited	full_bodies		Examined 1-450. All restart, detached late commit/conflict/cancel, indeterminate begin/batch/finish/build and cancellation, source-selected payload owner, empty rejection and history-budget error cases; no scenario deletion proposed.
crates/beryl-app/tests/syndic_composer_mutations/protocol_pages.rs	b6b82c4184723f93ae7d2f9e3f5adb9b91c217e1	12205	392	test	audited	full_bodies		Examined 1-392. Every small-edit/many-page/max-257-physical-pages/replay/wrong-cursor/byte-limit and generation-reset case; preserve payload-owner/frontier assertions.
crates/beryl-app/tests/syndic_composer_publication.rs	59117b2c04545679fb981c513cb85f7524e63d5c	72277	1834	test	audited	full_bodies	AP-006	Examined 1-1834. Entire 1834-line file including test-only lifecycle adapter, every sealing/publication/replay/supersession/disposal/fault timeline, 32-MiB stack helper, capture/drive/lower-source/coherence helpers and cfg/imports. Reuse only repeated helper mechanics.
crates/beryl-app/tests/syndic_composer_publication/support.rs	4cf64fbc8469b5ede51ed527565f207791127c46	14504	439	test_support	audited	full_bodies	AP-005,AP-006	Examined 1-439. All service/authority, two-marker/text/object edits, readiness seed/begin/release and sidecar metadata helpers. Share ordinary page and asset mechanics while preserving readiness custody and literal expectations.
crates/beryl-app/tests/syndic_marker_summary.rs	43626708ce36bea2c5b9a5c4c3e18a0985d076be	20866	603	test	audited	full_bodies	AP-005	Examined 1-603. Both complete atomic Syndic/Asset integration scenarios and seal-root/reference-set/asset helpers plus include/import context; preserve independent sequential/ordered digest mismatch and rollback assertions.
crates/beryl-app/tests/syndic_transcript_activation.rs	12a3ce1764f1b6ef6673e1ba05c163123bc4b32f	16052	435	test	audited	full_bodies	AS-008	Full 1-435; every fixture and assertion read; retain activation coherence, exact revision rejection, live-tail/manual anchor distinction, unknown status facts and content-free counts.
crates/beryl-app/tests/syndic_transcript_media_actions.rs	c8d83276efb4fa902be39733b1b8fafd6d7c66c2	45157	1263	test	audited	full_bodies	AS-006,AS-008	Full 1-1263; all fixtures, renderer/core action outcomes, provenance, geometry, unavailable payload and save-path cases read. Preserve layer-specific behavior; common geometry validation and fixture construction can share mechanics only.
crates/beryl-app/tests/syndic_transcript_provider_cursor_pages.rs	b021410bdc2fe2f2e32b9f28eca5e74ea8bb967f	8422	279	test	audited	full_bodies		Full 1-279; every fixture, request wrapper, assertion and test body read. Retain in-memory provider cursor/provenance/revision/resource contracts; fake provider conformance is not production integration evidence. Fixture sharing assessed separately.
crates/beryl-app/tests/syndic_transcript_provider_projection_records.rs	a19154aaa710240bcb68f651fb8d44de4b2c0cff	12694	412	test	audited	full_bodies		Full 1-412; every fixture, request wrapper, assertion and test body read. Retain in-memory provider cursor/provenance/revision/resource contracts; fake provider conformance is not production integration evidence. Fixture sharing assessed separately.
crates/beryl-app/tests/syndic_transcript_provider_resources.rs	be3bbd84f33d1c11ebb86ed6d5e7cd534f5f5ea8	15950	479	test	audited	full_bodies		Full 1-479; every fixture, request wrapper, assertion and test body read. Retain in-memory provider cursor/provenance/revision/resource contracts; fake provider conformance is not production integration evidence. Fixture sharing assessed separately.
crates/beryl-app/tests/syndic_transcript_provider_revisions.rs	1fa1b47789b9881a503e8bdfc47415e3f2ba8072	17281	573	test	audited	full_bodies		Full 1-573; every fixture, request wrapper, assertion and test body read. Retain in-memory provider cursor/provenance/revision/resource contracts; fake provider conformance is not production integration evidence. Fixture sharing assessed separately.
crates/beryl-app/tests/syndic_transcript_realized_frame.rs	3e6f1459ca42ed08bc3ce69aa19e3c16432a4f1e	15358	467	test	audited	full_bodies		Full 1-467; every fixture and assertion read; retain activation coherence, exact revision rejection, live-tail/manual anchor distinction, unknown status facts and content-free counts.
crates/beryl-app/tests/syndic_transcript_render_coverage.rs	0054d2c84a40aafa042643380b55d89d128aacf1	17736	547	test	audited	full_bodies	AS-008	Full 1-547; all fixtures, renderer/core action outcomes, provenance, geometry, unavailable payload and save-path cases read. Preserve layer-specific behavior; common geometry validation and fixture construction can share mechanics only.
crates/beryl-app/tests/syndic_transcript_renderer_selection.rs	1dd94861372aad5028cb2448851aec3d98d2960c	21839	695	test	audited	full_bodies	AS-006	Full 1-695; all fixtures, renderer/core action outcomes, provenance, geometry, unavailable payload and save-path cases read. Preserve layer-specific behavior; common geometry validation and fixture construction can share mechanics only.
crates/beryl-app/tests/syndic_transcript_resident_projection_records.rs	16eaf4c9b73751c6c853b4a6dab0ddf01e918d74	17528	548	test	audited	full_bodies	AS-007,AS-008	Full 1-548; every helper and test/assertion read. Retain stable view ordering, projection provenance, itemized fallback, byte/range bounds and pin-preserving release/generation behavior. Content-free count assertions support AS-007; shared fixture setup assessed independently of behavior.
crates/beryl-app/tests/syndic_transcript_resident_release.rs	532739dabff237a31b7d0f0ef78cdcb77cb63311	16659	488	test	audited	full_bodies	AS-007,AS-008	Full 1-488; every helper and test/assertion read. Retain stable view ordering, projection provenance, itemized fallback, byte/range bounds and pin-preserving release/generation behavior. Content-free count assertions support AS-007; shared fixture setup assessed independently of behavior.
crates/beryl-app/tests/syndic_transcript_resident_resources.rs	c2751e7172f78988690a3270b449e0c42831abfb	25315	707	test	audited	full_bodies	AS-007,AS-008	Full 1-707; every helper and test/assertion read. Retain stable view ordering, projection provenance, itemized fallback, byte/range bounds and pin-preserving release/generation behavior. Content-free count assertions support AS-007; shared fixture setup assessed independently of behavior.
crates/beryl-app/tests/syndic_transcript_resident_view_pages.rs	bf4ef1e338897fa0e61fe284d7dae79cad89e4e2	11383	313	test	audited	full_bodies	AS-007,AS-008	Full 1-313; every helper and test/assertion read. Retain stable view ordering, projection provenance, itemized fallback, byte/range bounds and pin-preserving release/generation behavior. Content-free count assertions support AS-007; shared fixture setup assessed independently of behavior.
crates/beryl-app/tests/syndic_transcript_selection_copy.rs	90030c304875ded9293a3307e13fcdc9e7205f01	44082	1249	test	audited	full_bodies	AS-006,AS-008	Full 1-1249; every helper, assertion and test body read. Preserve behavioral action provenance/pin/rejection cases and forbidden architectural dependency checks; fixture duplication and positive implementation-string assertions assessed separately.
crates/beryl-app/tests/syndic_transcript_status_facts.rs	3e69f34d52ebdbd57af276fc4a8106dd3ed73d04	8050	224	test	audited	full_bodies	AS-007,AS-008	Full 1-224; every fixture and assertion read; retain activation coherence, exact revision rejection, live-tail/manual anchor distinction, unknown status facts and content-free counts.
crates/beryl-app/tests/syntax_highlight_cache.rs	57ebe6305834c2b89528975c6e1616fa6c09210f	15646	438	test	audited	full_bodies	AS-001	Full 1-438; every fixture, helper and assertion read; retain language recovery, source-range, theme/selection, cache stale-completion and budget scenarios; repeated assertion/bootstrap plumbing can share support.
crates/beryl-app/tests/syntax_highlighting.rs	eb2830fb6d529157defcbe9891cefc423f25433f	16356	548	test	audited	full_bodies	AS-003	Full 1-548; every fixture, helper and assertion read; retain language recovery, source-range, theme/selection, cache stale-completion and budget scenarios; repeated assertion/bootstrap plumbing can share support.
crates/beryl-app/tests/syntax_highlighting_ini.rs	a10146bd01b7a0858facb1761ce8ee5c8bd26ccc	9005	303	test	audited	full_bodies	AS-003	Full 1-303; every fixture, helper and assertion read; retain language recovery, source-range, theme/selection, cache stale-completion and budget scenarios; repeated assertion/bootstrap plumbing can share support.
crates/beryl-app/tests/syntax_highlighting_toml.rs	a8c45aa94f4ae8ae3850d41084a14e994d74c704	2964	91	test	audited	full_bodies	AS-003	Full 1-91; every fixture, helper and assertion read; retain language recovery, source-range, theme/selection, cache stale-completion and budget scenarios; repeated assertion/bootstrap plumbing can share support.
crates/beryl-app/tests/theme_runtime.rs	58bdae55465ba0db28f7069aae60f21caa1f5f4e	374	12	test	audited	declarations_only		Examined 1-12. Integration target module wiring only.
crates/beryl-app/tests/theme_runtime_cases/adapter.rs	78499ab8e9d784ce25c6905f34d2a09842671e7d	1246	34	test	audited	full_bodies		Examined 1-34. Small rejection/no-op scenarios retain exact epoch and eligibility evidence.
crates/beryl-app/tests/theme_runtime_cases/arbitration.rs	d4ec9498cc415ee8b8e3f4cb8fd57087e7b5d3ee	9440	253	test	audited	full_bodies		Examined 1-253. Distinct precedence, failure, restoration and content-free lifetime assertions; shared support already used.
crates/beryl-app/tests/theme_runtime_cases/production.rs	884553b0b3bcc40aadf0ff8331c5bca4450315a1	19113	609	test	audited	full_bodies	AU-006	Examined 1-609. Repeated runtime startup and paired count/byte limit scenario setup can share helpers.
crates/beryl-app/tests/theme_runtime_cases/production/corrections.rs	65c4abcac3135f7e7f78672bbc3163324a68e36f	11546	329	test	audited	full_bodies	AU-006	Examined 1-329. Full/live rejected refresh cases duplicate retained-identity checks and retry scaffolding.
crates/beryl-app/tests/theme_runtime_cases/production/gpui.rs	883ed6c4c56680b34d944d8d7d05163d11ee68e9	18939	518	test	audited	full_bodies	AU-006	Examined 1-518. Repeated preview construction can share helper while prepare/commit/closed-root/pending cuts stay explicit.
crates/beryl-app/tests/theme_runtime_cases/production/gpui_fixture.rs	33c712d1cce89f1d06a19f5b2ee98db53c075db3	11802	351	test	audited	full_bodies		Examined 1-351. Real paint/composer fixture proves generation and retained editor continuity; do not replace with mock-only coverage.
crates/beryl-app/tests/theme_runtime_cases/publication.rs	c6f3a314d47b320674dbd6f3c07a7d412a46f2d3	7470	200	test	audited	full_bodies		Examined 1-200. Distinct adapter rejection/epoch/capacity/identity scenarios; golden state and pointer checks retain semantics.
crates/beryl-app/tests/theme_runtime_cases/static_boundary.rs	0f5c0cd2c6daafb7fbf122a48ef6e9dae2d00344	1386	42	test	audited	full_bodies		Examined 1-42. Negative authority boundary assertions retained; mount assertion transient but too small standalone finding.
crates/beryl-app/tests/theme_runtime_cases/support.rs	38da87ae47f8a04b7692245f2225e3164c1ef12f	4609	160	test_support	audited	full_bodies		Examined 1-160. Already shared pure fixture and recording adapter; replacing all with GPUI adds integration cost.
crates/beryl-app/tests/theme_runtime_cases/window_set.rs	b32a281e23c4e3b15ee86201c379b1264b93cf8d	5565	184	test	audited	full_bodies		Examined 1-184. Test publication target separates pure coordinator scenarios from real GPUI publication tests.
crates/beryl-app/tests/thread_property_source_boundary.rs	cbccdee5513938718c806df30ccf4cb68dcd3a26	5952	162	test	audited	full_bodies	AX-018	All title/metadata and scheduler source-boundary scanners/assertions reviewed; negative forbidden authorities retained, positive spelling guards overlap AS009.
crates/beryl-app/tests/tool_activity_nickname.rs	9e4505514098cd5b654182d600d1da62ab4ed00c	2964	97	test	audited	full_bodies		Full 1-97; all types, records/rows/accounting/prune/ancestry walks, one-variant label priority, batch nickname validation and retry/cfg helpers examined. Activity retained prototype intentionally lacks event ingress (test confirms); target paged activity rework supersedes complete history/row clone model. Preserve bounded visible window, completion budgets and exact observed-child metadata; no double-counted dead-prototype deletion.
crates/beryl-app/tests/tool_activity_state.rs	ab388b92d825a3c5966a8690364d61e84b6b7bbe	860	25	test	audited	full_bodies		Full 1-25; all types, records/rows/accounting/prune/ancestry walks, one-variant label priority, batch nickname validation and retry/cfg helpers examined. Activity retained prototype intentionally lacks event ingress (test confirms); target paged activity rework supersedes complete history/row clone model. Preserve bounded visible window, completion budgets and exact observed-child metadata; no double-counted dead-prototype deletion.
crates/beryl-app/tests/transcript_command_preview.rs	af97ee365e7730231eedc9f7284a43eddda8591b	4944	177	test	audited	full_bodies	AS-002	Full 1-177; all tests and helper bodies read; preserve geometry, drag, virtual-tail, anchor and exact source-range scenarios. Source-string layout-shape assertions are weaker than behavioral callbacks.
crates/beryl-app/tests/transcript_rework_source_boundary.rs	ce4e25c3c536ffdb1690557008f0c5061ad91f1e	40762	1092	test	audited	full_bodies	AS-009	Full 1-1092; every helper, assertion and test body read. Preserve behavioral action provenance/pin/rejection cases and forbidden architectural dependency checks; fixture duplication and positive implementation-string assertions assessed separately.
crates/beryl-app/tests/unit/accepted_input_replay.rs	08077af0c4e2c43de8020c33be85872355ab04c0	1002	50	test	audited	declarations_only		All include mounts reviewed; behavior-named replay submodules compose independently reviewed files.
crates/beryl-app/tests/unit/accepted_input_replay/correlation.rs	baa5255cfee7f333db1ffff609284a3b2c423d7e	2368	62	test	audited	full_bodies		Correlation canonical prefix, length, lowercase hex and non-ASCII rejection assertions are distinct evidence; no useful mechanical reduction.
crates/beryl-app/tests/unit/accepted_input_replay/drift.rs	56292bf74bedf26b3a9832fb1077438ff2a90f9d	8437	247	test	audited	full_bodies		Cancellation, accepted-record drift and recovered-generation tests retain exact fault placement and stale-factory rejection checks.
crates/beryl-app/tests/unit/accepted_input_replay/fixture.rs	1757186dd49a66e42899e5d312be6839b56ae5b0	9576	284	test	audited	full_bodies		Replay fixture shares source admission and recovery setup; marker-free and marker-aware setup preserves explicit durable input/owner preparation.
crates/beryl-app/tests/unit/accepted_input_replay/marker_aware.rs	29dab5a2ca47d2d30caf423189c358d102c855a7	6131	198	test	audited	full_bodies		Repeated-label ordering, bounded text pages, owner removal and cached-image revalidation scenarios reviewed; preserve intermediate observations.
crates/beryl-app/tests/unit/accepted_input_replay/marker_free.rs	c0e51128dd8a24c02dc03313f5fb165a4e9b9644	2950	97	test	audited	full_bodies		Two independently advancing replay cursors plus cancellation and byte-page assertions prove distinct behavior; no scenario removal.
crates/beryl-app/tests/unit/accepted_input_replay/support.rs	825a74ce68c359c3f0c6976f303a11f5e61a8cff	1022	38	test_support	audited	full_bodies		Text drain helper already centralizes monotonic bounded-page assertions without reusing production expected output.
crates/beryl-app/tests/unit/active_steering_delivery.rs	6e1ecfb2c1a091cdcc18c4bad32f2c2ed5a7242a	25079	710	test	audited	full_bodies		All steering delivery, sibling-admission, saturation, cancellation renewal, exact rejection and non-idempotent loss tests and cfg faults reviewed; scenario boundaries and intermediate route/worker checks retained.
crates/beryl-app/tests/unit/active_steering_delivery/server.rs	23f2e15203722ece9d3432c522d0e4ea9a0df880	20012	575	test	audited	full_bodies		Server scenarios encode distinct response/lifecycle order and loss timing; independent request assertions and explicit release barriers retained; lifecycle send duplication is small relative to helper cost.
crates/beryl-app/tests/unit/active_steering_delivery/support.rs	945549226cf4000297064c1b09dffa774f915de0	34997	982	test_support	audited	full_bodies		Fixture build, admission modes, scoped delivery races, recovery waits, source construction and shutdown ownership reviewed; existing shared builder preserves intentional lifecycle barriers.
crates/beryl-app/tests/unit/active_steering_delivery/support/image.rs	48f39d6947bb9fa2feecdc282616cf2075a58096	1956	56	test	audited	full_bodies		Single asset publication helper preserves sidecar-to-metadata identity and all command outcomes; no material isolated reduction.
crates/beryl-app/tests/unit/active_steering_delivery/support/storage.rs	9d1b567cea06dedb3fd6da2b6abd458972dbc21b	4428	127	test	audited	full_bodies		Route helper retries only stale/concurrent reads and retains exact leaf lifecycle, selected path and command outcome checks; no worthwhile lossless local reduction.
crates/beryl-app/tests/unit/branch_resolution.rs	c5fcdc91910f27c54d30c8f325094afdb707e04c	3779	109	test	audited	full_bodies		All branch resolution fragmented boundary/UTF8/empty tests reviewed; behavior coverage is compact and intentional.
crates/beryl-app/tests/unit/connection_driver_command_queue.rs	4e25f726c8dfab27651606a6b36f55f7c24c2d0b	2821	72	test	audited	full_bodies		All bodies: exact-capacity pressure returns owned command, releases captured ownership and reuses/frees fixed ring; retain.
crates/beryl-app/tests/unit/lifecycle_test_admission.rs	335f0865146201442c9c38562ef00fd924497b98	8176	194	test	audited	full_bodies	AX-017,AX-018	All lifecycle admission tests/source assertions reviewed; duplicated service setup candidate covered test helper finding, public-vs-fixture rejection must remain.
crates/beryl-app/tests/unit/ordinary_input_marker_path.rs	3918cd8deb9f59455f597ee69bb66951c4ba9283	1487	51	test	audited	full_bodies		Windows and WSL exact path mapping, UNC/relative rejection and invalid UTF-16 scenarios retained; platform-specific cfg owner reviewed.
crates/beryl-app/tests/unit/ordinary_turn_settlement.rs	faec59c4f3e7273f7f9f9a7f24fd10a17042f302	300	11	test	audited	full_bodies		Both typed settlement outcomes explicitly asserted; already minimal behavior evidence.
crates/beryl-app/tests/unit/persistent_failure_cut.rs	37c3d2dbd4a378a192cbb8cf1e95ff6bf964440d	9061	262	test	audited	full_bodies	AX-011,AX-017	All terminal close/provider-once/ingester receipt/poison tests reviewed; retain complete detach despite error precedence.
crates/beryl-app/tests/unit/projection_service_config.rs	25d2b13f2cb26dcc9c7df47eddacf9969d5fef93	17216	483	test	audited	full_bodies	AX-005	All capacity boundary/role acquisition permutations/reserve/wake/concurrency/budget tests reviewed; directly validate worker permit simplification.
crates/beryl-app/tests/unit/provider_broker_channel.rs	513ab1eddd8834a0829801699b56072afceda81a	7412	197	test	audited	full_bodies		All bodies/cfg: terminal acknowledgment owns returned work; cancellation waits for actual fragment/lease return before later reuse; retain.
crates/beryl-app/tests/unit/provider_broker_checked_user.rs	ceb4962d86c2dcc84998db54fbec32240bc57174	12974	403	test	audited	full_bodies		All bodies/cfg/includes: exact same-item started/completed durable frames, source counts, acknowledgment barrier and route failures retained.
crates/beryl-app/tests/unit/provider_broker_checked_user/support.rs	f8836490ec2344cd8410fde1b8861793fbae81a6	17825	495	test_support	audited	full_bodies	AC-010	All fixture bodies/types: real durable setup and exact ingester/home/worker release retained; share only repeated broker environment plumbing.
crates/beryl-app/tests/unit/provider_broker_checked_user/support/frame.rs	6203253f4a95f0b9a834d1a9d45d19455e9455e0	2442	69	test	audited	full_bodies		All bodies: bounded fixture-frame decode verifies exact lifecycle, content reference and ordinal; helper already shared within scenario family.
crates/beryl-app/tests/unit/provider_broker_checked_user/support/storage.rs	ebcece5c8e43d163b5a6d5e407aa482956b54f6e	1644	41	test	audited	full_bodies		All bodies: small explicit storage mutation, selected-path and execution fixtures; no separate savings beyond root test-support synthesis.
crates/beryl-app/tests/unit/provider_broker_checked_user/support/terminal.rs	84c569349435cd69b056d15a3143dfdf54b599ba	3237	96	test	audited	full_bodies		All bodies: unwind-safe fault-block release and paused publication inspection retain actual ownership and terminal outcome.
crates/beryl-app/tests/unit/provider_broker_checked_user/terminal.rs	3c2f4807356ac4237e005717dbe62fe827fb7a69	13329	370	test	audited	full_bodies		All test bodies: status matrix, incomplete item audit, BeforeCommit/AfterPersist/panic distinctions and target-close race retain durable/proven-terminal separation.
crates/beryl-app/tests/unit/provider_broker_compaction_marker.rs	0139e8d8d2b5db0b447dfc60a5743518f96e3196	19301	507	test	audited	full_bodies	AC-010	All bodies/cfg/includes: dedicated compaction setup/frontier and no staging on resident markers retained; share only broker environment infrastructure.
crates/beryl-app/tests/unit/provider_broker_compaction_marker_failures.rs	82baedbf7b54b74aa468e2a76db9288c74a7ac33	4399	133	test	audited	full_bodies		All bodies/cfg: incomplete schema, 257-byte identity and unmatched route preserve dedicated frontier with no staging callbacks.
crates/beryl-app/tests/unit/provider_broker_ingester.rs	2660dd8964b95348e550e105980b739f60914450	13253	397	test	audited	full_bodies	AC-005	All fixture/test bodies: retained build-error resources, unarmed start-blocked join, cancellation race and poisoned/unwound worker disposition retained; AC-005 deferred.
crates/beryl-app/tests/unit/provider_broker_ingester_operations.rs	cfdaee833dd0f7e6f26f5f2b6e62a0ae756d3d05	1418	41	test	audited	full_bodies		All bodies: schema versus infrastructure staging rejection arrays preserve typed taxonomy; concise existing parameterization retained.
crates/beryl-app/tests/unit/provider_broker_steering_user.rs	25b9340154f52f62a05ce95c0fca3563dabc1076	17586	560	test	audited	full_bodies		All bodies/includes: exact started/completed sequence, image replay, result-consumption poll gate, drift/schema/cancel and loss outcomes retained.
crates/beryl-app/tests/unit/provider_broker_steering_user/support.rs	bfe7cf32fee470417b4d7899a8021fc069c2bad7	29307	818	test_support	audited	full_bodies	AC-010	All fixture/helper bodies: durable accepted route, fresh image sidecar replay and loss convergence retained; shared broker environment/teardown opportunity.
crates/beryl-app/tests/unit/provider_broker_terminal.rs	854fb2afe18143853656bc1e34b1e697f36e5fee	2125	76	test	audited	full_bodies		All bodies: normal provider outcome and item-audit precedence matrix retained; existing cases already concise.
crates/beryl-app/tests/unit/scheduled_ordinary_admission.rs	855e9a9d8d16bd539fb964a6e2e31d193b228f74	16365	474	test	audited	full_bodies	AI-009	Lease tests cover foreign session/assets, runtime mismatch, session busy/retirement, explicit request policy and worker/flight return; preserve custody checks while AI-009 simplifies lease payload.
crates/beryl-app/tests/unit/source_broker.rs	d5b8c1a1c6442644544f0637bd45796d0c9cea1b	8112	266	test	audited	full_bodies		All bodies/types: nonclone three-pass replay, peer-drop wake, abandoned reply and typed failures preserve exact source ownership; retain.
crates/beryl-app/tests/unit/stable_connection_process_fact.rs	13c6929ba861f26ab1cd783d6e77139cffaa5303	1200	34	test	audited	full_bodies		All bodies: fact Drop retires once while retained observations remain read-only and preserve revision; retain.
crates/beryl-app/tests/unit/stop_coordinator.rs	4770f1cb46674e88bf91b2cad91c5f712b559820	418	16	test	audited	declarations_only		All four include mounts reviewed; behavior-named support leaves retained.
crates/beryl-app/tests/unit/stop_coordinator/continuation.rs	cc625802a44d9b3e425ecff48958cc683ef042b1	4280	134	test	audited	full_bodies	AX-017	Both stop continuation and window-close classifications reviewed; no route broadening or accidental other-turn cancellation.
crates/beryl-app/tests/unit/stop_coordinator/ownership.rs	1588c2dfd081e6dc33d46751192efdeb63e6c1b0	10573	303	test	audited	full_bodies	AX-017	All stop drop/cause join/safe reopen/local-durable exact authority test bodies reviewed; primary-ownership setup helper candidate.
crates/beryl-app/tests/unit/stop_coordinator/persistent_failure.rs	2b74f1b5e44bcbccc64b256acef2514dfa490d9b	13399	410	test	audited	full_bodies	AX-017	All stop persistent cut/claim/dispatch two-order race and volatile proof bodies reviewed; no savings from removing race cases.
crates/beryl-app/tests/unit/stop_coordinator/support.rs	d5962dd9a2db8617780f7003c86f46dcb5c1308f	9696	267	test_support	audited	full_bodies	AX-017	All stop fixture command/staging/router registration/proof/failure-identity bodies reviewed; primary ownership setup can be shared.
crates/beryl-app/tests/unit/submission_fixture.rs	f39cb5d7a5842debe94c4abc164b0655d93a6b5d	9412	256	test	audited	full_bodies		Submission fixture already centralizes composer mutation, marker metadata/seal and exact admission loops; preserve shared real-path setup and identity accounting.
crates/beryl-app/tests/virtual_trailing_list.rs	d87cf1de00dce1b2f68b4236fddfe032e84f585f	23024	655	test	audited	full_bodies	AS-009	Full 1-655; all tests and helper bodies read; preserve geometry, drag, virtual-tail, anchor and exact source-range scenarios. Source-string layout-shape assertions are weaker than behavioral callbacks.
crates/beryl-app/tests/window_abandonment.rs	85b0d4def9134c0823fbc1e58c04c967c27b3ed5	24413	678	test	audited	full_bodies	AU-008	Examined 1-678. Read 1-678 including every test and fixture; share construction/session/path/command setup with acquisition tests while retaining true close/reopen, created/reused custody, acknowledgement-loss, cancellation, active-job and reverse-claim assertions.
crates/beryl-app/tests/window_acquisition.rs	48dd67e0a0a1aa54dd0bc76ccc8cc95a7a4fa27c	41608	1152	test	audited	full_bodies	AU-007;AU-008	Examined 1-1152. Runtime/home/session fixture and path/command helpers duplicate abandonment test setup; preserve 256-flight and real crash cases.
crates/beryl-backend/src/auth.rs	592ab02340e61a33ddac6945842041b6398eeb93	4939	156	source	audited	full_bodies		Complete auth generation, file lifecycle, redacted Debug and Drop reviewed; existing getrandom/sha2/hex already own primitive work. Preserve create_new uniqueness, explicit WSL backend path and cleanup failure visibility.
crates/beryl-backend/src/command.rs	7cdbca6b37ef7f2c2cb2d92b92a10b0662da1115	12715	367	source	audited	full_bodies	BR-009	Complete Host/WSL launch validation, fixed CAS arguments, POSIX quoting and process-group cleanup commands reviewed; already uses shlex. Runtime-specific process isolation and quoting remain required; no substantial contract-preserving cut identified.
crates/beryl-backend/src/dynamic_tool.rs	c6abf611639526aa65bb6dfd46158d72494f3eef	14305	433	source	audited	full_bodies		Complete dynamic call types, atomics, non-cloneable response authority, argument page ownership and abandon mapping reviewed. Shared Arc bridges parser completion and consumer; lifecycle states protect dispatch and should remain.
crates/beryl-backend/src/dynamic_tool/registration.rs	3e7b42168e8c077448e2fa832f838e76fd140e12	3334	106	source	audited	full_bodies		Complete registration wire types, serde attributes, singleton discriminants and constructors reviewed. Existing serde does structural work; direct function and namespace registrations are genuine pinned variants.
crates/beryl-backend/src/dynamic_tool/response.rs	b88c0e9bc634574c0351a20c6c4951078098c1f9	2323	75	source	audited	full_bodies		Complete dynamic response wire enum, constructors and serde mapping reviewed; already compact serialization through existing serde.
crates/beryl-backend/src/exact_interruption.rs	f2f952627133bbb3a4b24572c0ceab60a119a137	14708	481	source	audited	full_bodies		Complete durable and volatile exact-interruption wrappers, correlations, fence, shared authorization core and outcome methods reviewed. Common core already consolidated; public families preserve distinct authority and reconciliation obligations.
crates/beryl-backend/src/foreground.rs	0de20d730f3e1963d4ccd69a6e47a453e5a51b31	1307	38	source	audited	full_bodies		Complete immutable pre-bind capacity and diagnostic declarations/methods reviewed; finite bound and content-free counters are genuine session controls.
crates/beryl-backend/src/incoming_json.rs	5145cd5eb21662a20a210f3294ac41f05cfdc8ca	3957	131	source	audited	full_bodies	BJ-003	L1-131 all declarations/wrappers reviewed. Caller check closed: Compact unavailable notifications remain live (classifier.rs:285-304 -> discard.rs:113-115); Approval/DynamicTool/Provider family labels are unconstructed. ThreadRollback response expectation is never installed; session.rs:795-805 rejects rollback before dispatch. Internal unavailable-response scaffolding is subsumed by BJ-003; preserve public rollback-unavailable behavior.
crates/beryl-backend/src/incoming_json/provider.rs	2c81b6db1fcabfa8cdf76a4405e90e1b58cec599	8941	230	source	audited	full_bodies	BJ-003,BJ-005	L1-230 decode/decode_inner/complete_response/error maps; single bounded-json driver preserves produced bytes on parser failure, direct output and expectation poison.
crates/beryl-backend/src/incoming_json/provider/capture.rs	c575c92d9b301579af1466fa00b0331b90967b5a	9424	257	source	audited	full_bodies	BJ-002	L1-257 ObservationCapture all methods/Drop/helpers: page acquisition, exchange, output window and flush duplicate DynamicToolCapture; provider route/seal/abandon retained. Steering capture has no page output core and is excluded.
crates/beryl-backend/src/incoming_json/provider/dynamic_capture.rs	57f95056e450d2b1e780e31e3c9aaa76ccaa4120	8646	241	source	audited	full_bodies	BJ-002	L1-241 DynamicToolCapture all methods/Drop/helpers; page mechanics duplicate ObservationCapture with distinct scalar offset and ingress custody.
crates/beryl-backend/src/incoming_json/provider/machine.rs	25074eeb8c571b18950b515158fb136af9d3d7ab	18643	461	source	audited	full_bodies	BJ-001,BJ-003	L1-461 all Machine/Mode/error impls and include wiring; one mode owns exact ordered ingress, repeated control forwarding is BJ-001; provider-specific capture dispatch remains.
crates/beryl-backend/src/incoming_json/provider/machine/approval.rs	f3a50cbd87a4c90cc5ccd9bf30c6e8bf93a38bb3	17088	500	source	audited	full_bodies	BJ-001	L1-500 ApprovalMachine, probes/buffers/routes/discard/parse-error maps fully read; optional exact identity and ordered route before discarded payload retained; scalar primitive reuse considered with BJ-001.
crates/beryl-backend/src/incoming_json/provider/machine/classifier.rs	79741ed8e9afa0a4394717e21c6bc0be6e3285f9	11622	307	source	audited	full_bodies	BJ-001,BJ-003	L1-307 Classifier/MethodProbe all states and closed method tables; prefix quarantine/response discrimination required; table-probe support reusable but bounded dispatch retained.
crates/beryl-backend/src/incoming_json/provider/machine/classifier_support.rs	d35a536a71db9d42c839a554f88140f877b60688	1749	66	source	audited	full_bodies	BJ-001	L1-66 ClassifierProbe and FixedBytes all bodies; existing private primitives suitable for replacing duplicated per-control variants.
crates/beryl-backend/src/incoming_json/provider/machine/container.rs	2fc3781134f8ef1644e888221f31d60aaa3b75ba	15362	389	source	audited	full_bodies		L1-389 TargetMachine end_container/finish_after/start_structured_container/prepare_sequence_value plus mappings; distinct schema/frame closure checks and ordered capture semantics retained.
crates/beryl-backend/src/incoming_json/provider/machine/discard.rs	bc5eed9adc4d6991038768c875192561cbc3b332	3977	122	source	audited	full_bodies		L1-122 DiscardMachine and enums fully read; structural discard observes root id/duplicate method to reject unsupported requests; known unavailable controls remain reachable.
crates/beryl-backend/src/incoming_json/provider/machine/dynamic_tool.rs	baeb41d721de47d008cef377f9c7df55e08e9223	19693	492	source	audited	full_bodies	BJ-002	L1-492 DynamicToolMachine all bodies; route/request ordering before streamed arguments and ingress seal are required; typed page wrapper repetition belongs to BJ-002.
crates/beryl-backend/src/incoming_json/provider/machine/dynamic_tool/helpers.rs	4edcf6112a967c2e8f46cc74a1164bf1f4de853e	883	25	source	audited	full_bodies		L1-25 dynamic_container/dynamic_scalar_kind/parse_dynamic_request_number read fully; tiny closed mappings retained.
crates/beryl-backend/src/incoming_json/provider/machine/dynamic_tool/state.rs	3ea8b7f4a018f9dc7d8c7bd433cca732b0b6a9c0	4118	169	source	audited	full_bodies	BJ-001	L1-169 all dynamic constants/state enums/FixedBytes/NameProbe bodies; duplicated bounded scalar primitives can reuse classifier support.
crates/beryl-backend/src/incoming_json/provider/machine/fields.rs	30e8ee61735bbea4bccb48ac5cbbd8e157f1b559	12905	328	source	audited	full_bodies		L1-328 all TargetMachine schema string/number/literal/container/list/object builders; closed kinds and schema-selected streaming already shared across item variants, retain.
crates/beryl-backend/src/incoming_json/provider/machine/helpers.rs	ce36104bca7de25fb94f85bcd12194e8819d935f	4037	118	source	audited	full_bodies		L1-118 field lookup/required-mask checks, delta requirements, item-kind mapping and redacted parser errors fully read; finite declarative mappings retained.
crates/beryl-backend/src/incoming_json/provider/machine/item.rs	3901eaf1bfb01664df5a3dc758b31871aec31e7b	11251	292	source	audited	full_bodies		L1-292 scalar completion/fixed/identity/item/user normalization and lifecycle checks fully read; one item union implementation already shared, preserve semantics.
crates/beryl-backend/src/incoming_json/provider/machine/normal_terminal.rs	e159e66adb05376e3154111d554f3f4790981d2d	10707	269	source	audited	full_bodies	BJ-001	L1-269 complete NormalTerminalMachine fields/methods/malformed; terminal-specific status/error/diagnostic custody retained, repeated scalar/completion mechanics BJ-001.
crates/beryl-backend/src/incoming_json/provider/machine/normal_terminal/grammar.rs	02e1d599c5a29846e6fb8f56e400b3899cceb8c5	11577	319	source	audited	full_bodies	BJ-001	L1-319 complete terminal grammar and all start/end helpers; duplicated ordered name/container scaffolding can share control kernel; error branches remain closed.
crates/beryl-backend/src/incoming_json/provider/machine/normal_terminal/scalar.rs	d22d63a720b067a7930efa4d49c53b639b6deeda	6634	283	source	audited	full_bodies	BJ-001	L1-283 every terminal enum/table and identity/exact/choice/integer accumulator body; repeated bounded scalar primitives BJ-001; retain i64/u16 numeric domains.
crates/beryl-backend/src/incoming_json/provider/machine/number.rs	b24d13d1b44f3f32f00b72f62fac35de91084aec	15578	406	source	audited	full_bodies	BJ-005	L1-406 all NumberAccumulator/SignedMagnitude/normalization and TargetMachine finish/error bodies; exact long-spelling finite binary64 conversion needs bounded mantissa/exponent evidence; mature numeric parser applicability investigated separately.
crates/beryl-backend/src/incoming_json/provider/machine/response.rs	355c457946055797abf148bb08b84d94c8e4da35	15441	453	source	audited	full_bodies	BJ-003	L1-453 ResponseMachine/ValueTracker/ErrorObject and exact rejection verdicts fully read; common error code/data/message event continuations candidates for pull cursor, verdict/custody remains.
crates/beryl-backend/src/incoming_json/provider/machine/response/common.rs	086bee45709893579ecaf3b31de82eafdcf173f4	3158	146	source	audited	full_bodies	BJ-001,BJ-003,BJ-005	L1-146 FixedScalar/UserAgentProduct/ExactName/OrderedField all definitions and bodies read; retain bounded primitives and use as shared support.
crates/beryl-backend/src/incoming_json/provider/machine/response/config.rs	57122261e590960fdc0dcf56d634e9b0e73b196e	165	5	source	audited	full_bodies	BJ-003	L1-5 all include declarations read; config parser composition only.
crates/beryl-backend/src/incoming_json/provider/machine/response/config/multi_agent.rs	7ee40e93646500faa2827c46f9382700c1a34119	4297	120	source	audited	full_bodies	BJ-003	L1-120 MultiAgentSettingsMachine every event/discard/validation body; two ordered true booleans currently own full continuation engine, pull cursor candidate.
crates/beryl-backend/src/incoming_json/provider/machine/response/config/object.rs	a1945d6babcd43f728cd734d8e68f2c91a8727f6	13408	384	source	audited	full_bodies	BJ-003	L1-384 both ConfigObjectMachine and RequiredFeatureSettingsMachine full bodies; ordered model/reasoning/features and true nested flags retained, duplicated event continuations BJ-003.
crates/beryl-backend/src/incoming_json/provider/machine/response/config/origin_metadata.rs	78b4ef4bb04b3b6fa0b5ee84dd743ecc1bf5e5b1	5669	145	source	audited	full_bodies	BJ-003	L1-145 OriginMetadataMachine complete state/parse/proven bodies; exact sessionFlags and discarded version string represented by many continuation variants, BJ-003.
crates/beryl-backend/src/incoming_json/provider/machine/response/config/origins.rs	4548f04ab28c0cb5866908c3e30aa8eb258b229a	4823	145	source	audited	full_bodies	BJ-003	L1-145 OriginsMachine complete; ordered two dotted setting origins and duplicate/order validation retained, object driving boilerplate BJ-003.
crates/beryl-backend/src/incoming_json/provider/machine/response/config/result.rs	1861df9a00ff2dccf01ada89f676d58be812ce45	8466	243	source	audited	full_bodies	BJ-003	L1-243 ConfigResultMachine complete; config/origins/optional layers composition, whole-result validation and typed publication retained, BJ-003.
crates/beryl-backend/src/incoming_json/provider/machine/response/failure.rs	631691fdb00f3e8b0a6108f7bae8b1facf79f824	5596	162	source	audited	full_bodies	BJ-003	L1-162 FailureResponse full phases/depth/id/discard/final validation; exact late response id and structured rejection provenance retained, cursor removes continuation plumbing.
crates/beryl-backend/src/incoming_json/provider/machine/response/initialize.rs	b383fe6538c6a0a6eaaf34bf239e247d1b87cc56	5219	156	source	audited	full_bodies	BJ-003	L1-156 InitializeResultMachine complete; four ordered string fields including discarded codexHome and bounded product/platform parsing; cursor candidate.
crates/beryl-backend/src/incoming_json/provider/machine/response/lineage/result.rs	4f7fbf642494a52efa0eed7aa6c299d6cc93a03b	10144	301	source	audited	full_bodies	BJ-003	L1-301 LineageResultKind/state/fields and all machine bodies read; Start/Resume/Fork already share semantics; explicit child/string/remainder continuations BJ-003.
crates/beryl-backend/src/incoming_json/provider/machine/response/lineage/status.rs	57591c18075c0fca6172b2fceaf74b57c6500bb4	10946	324	source	audited	full_bodies	BJ-003	L1-324 ThreadStatusMachine all state/flag/probe/output code read; closed notLoaded/idle/systemError/active and duplicate flag rejection retained; cursor candidate.
crates/beryl-backend/src/incoming_json/provider/machine/response/lineage/thread.rs	07d86558cb4f958aa8ba9f8c28e33342f3ca29e7	7933	236	source	audited	full_bodies	BJ-003	L1-236 LineageThreadMachine complete; two retained ordered target fields, id and shared status, plus discarded metadata represented by full state machine; BJ-003.
crates/beryl-backend/src/incoming_json/provider/machine/response/model/efforts.rs	89bebe327dcf86b4ef3fcf3da4e4956c617d6e61	13978	423	source	audited	full_bodies	BJ-003,BJ-004	L1-423 all declarations/body paths read. BJ-003 continuation removal; BJ-004 bare-string array and keyed-object map are absent from exact Codex 0.146.0 model.rs:75-116; current model_page.rs test explicitly blesses those obsolete alternatives.
crates/beryl-backend/src/incoming_json/provider/machine/response/model/page.rs	e486d9296b0753d46afea5b51c879b9d09a1a91f	8533	246	source	audited	full_bodies	BJ-003	L1-246 ModelPageMachine all body/enum paths read; max-record admission and bounded cursor retained, repeated record/name/invalid/discard states BJ-003.
crates/beryl-backend/src/incoming_json/provider/machine/response/model/record.rs	6ae57832b52c55262e72bffa40f191b830a9cee3	10689	301	source	audited	full_bodies	BJ-003	L1-301 ModelRecordMachine, default effort conversion and target fields fully read; required ordered fields and exact bounds retained, continuation boilerplate BJ-003.
crates/beryl-backend/src/incoming_json/provider/machine/response/number.rs	4ffe6fd1bd2c2e5f8650500fecbbc7d7841ff66e	1051	48	source	audited	full_bodies	BJ-001,BJ-003	Full 48 lines: NumberBytes is fixed 32-byte retained integer adapter, duplicates generic bounded storage but preserves signed/unsigned conversion.
crates/beryl-backend/src/incoming_json/provider/machine/response/ordered_object.rs	ac99e804d21430294f3c95dab9f08eb0e30a37bc	5256	159	source	audited	full_bodies	BJ-003	Full declarations and implementation bodies; repeated event continuations, drain/fallback, and child-result plumbing can use a synchronous cursor over existing bounded-json; response expectation and duplicate-field checks retained.
crates/beryl-backend/src/incoming_json/provider/machine/response/success.rs	ad25fe3a7a4fcded65dd081504349933d74299e0	9971	243	source	audited	full_bodies	BJ-003	Full declarations and implementation bodies; repeated event continuations, drain/fallback, and child-result plumbing can use a synchronous cursor over existing bounded-json; response expectation and duplicate-field checks retained.
crates/beryl-backend/src/incoming_json/provider/machine/response/thread_read/result.rs	fa561762a2db70bb55562efd42d3094a51ad5684	6755	207	source	audited	full_bodies	BJ-003	Full declarations and implementation bodies; repeated event continuations, drain/fallback, and child-result plumbing can use a synchronous cursor over existing bounded-json; response expectation and duplicate-field checks retained.
crates/beryl-backend/src/incoming_json/provider/machine/response/thread_read/source.rs	fc2226edcd10334ad8757d80e0d972ac3c484e5f	13203	385	source	audited	full_bodies	BJ-003	L1-385: complete bodies and declarations; nested source nickname consistency / required ordered targets / exact terminal status and turn-kind probes are semantic requirements, while event continuation and fallback/drain repetition is removable by shared pull cursor.
crates/beryl-backend/src/incoming_json/provider/machine/response/thread_read/thread.rs	52ee61dde418dc0c469c88f43ecb38154e477caf	11899	325	source	audited	full_bodies	BJ-003	L1-325: complete bodies and declarations; nested source nickname consistency / required ordered targets / exact terminal status and turn-kind probes are semantic requirements, while event continuation and fallback/drain repetition is removable by shared pull cursor.
crates/beryl-backend/src/incoming_json/provider/machine/response/turn_start.rs	99832585104846cc5f1c6ec8d00347e5cfaa9c39	16001	484	source	audited	full_bodies	BJ-003	L1-484: complete bodies and declarations; nested source nickname consistency / required ordered targets / exact terminal status and turn-kind probes are semantic requirements, while event continuation and fallback/drain repetition is removable by shared pull cursor.
crates/beryl-backend/src/incoming_json/provider/machine/response/turn_steer.rs	8a5264c640f8425329a25d394d65aef628824476	12987	360	source	audited	full_bodies	BJ-003	L1-360: complete bodies and declarations; nested source nickname consistency / required ordered targets / exact terminal status and turn-kind probes are semantic requirements, while event continuation and fallback/drain repetition is removable by shared pull cursor.
crates/beryl-backend/src/incoming_json/provider/machine/response/unsubscribe.rs	32550d348e5d72daf5eecc9c6e4369a503c8dd4c	5377	155	source	audited	full_bodies	BJ-003	L1-155: complete bodies and declarations; nested source nickname consistency / required ordered targets / exact terminal status and turn-kind probes are semantic requirements, while event continuation and fallback/drain repetition is removable by shared pull cursor.
crates/beryl-backend/src/incoming_json/provider/machine/scalar.rs	8cfb79e40dbbf7414c4beb1866ac538e03991e25	13002	321	source	audited	full_bodies		L1-321 complete bodies/declarations reviewed. Target schema frames, direct leased-page output, request/steering verifier routing, exact scalar kinds and required-field masks protect distinct stream contracts; no standalone substantial reduction found.
crates/beryl-backend/src/incoming_json/provider/machine/state.rs	efcfb99557ffd9fede77ce5c9701cee991b6ea20	6264	312	source	audited	full_bodies		L1-312 complete bodies/declarations reviewed. Target schema frames, direct leased-page output, request/steering verifier routing, exact scalar kinds and required-field masks protect distinct stream contracts; no standalone substantial reduction found.
crates/beryl-backend/src/incoming_json/provider/machine/steering.rs	ae22482b766ea7c180434f6eeebcf118a50d88ae	5546	167	source	audited	full_bodies		L1-167 complete bodies/declarations reviewed. Target schema frames, direct leased-page output, request/steering verifier routing, exact scalar kinds and required-field masks protect distinct stream contracts; no standalone substantial reduction found.
crates/beryl-backend/src/incoming_json/provider/machine/target_io.rs	c83ad4b833573a7ccd799521a6fa32a8cb65ed54	8783	254	source	audited	full_bodies	BJ-002	L1-254 complete bodies/declarations reviewed. Target schema frames, direct leased-page output, request/steering verifier routing, exact scalar kinds and required-field masks protect distinct stream contracts; no standalone substantial reduction found.
crates/beryl-backend/src/incoming_json/provider/machine/target_mcp.rs	dab313fc897d78ee041abda1a532308e65096391	18272	492	source	audited	full_bodies		L1-492 full declarations, macro invocations and implementation bodies reviewed; existing closed provider schemas, MCP inline-image protection, expectation poison and exact identity/family completion retained; no substantial independent reduction.
crates/beryl-backend/src/incoming_json/provider/machine/thread_closed.rs	b5089e35883363bdcce4972655df6eb1015e26d8	6787	222	source	audited	full_bodies	BJ-001	L1-222 full declarations and bodies: repeated fixed identities/exact or candidate probes and ordered-control grammar; consolidate private primitives preserving family-specific status, empty-item and terminal error contracts.
crates/beryl-backend/src/incoming_json/provider/machine/thread_status.rs	857bb9d0084f760d669d6fa268dcf5bb5aece398	11680	344	source	audited	full_bodies	BJ-001	L1-344 full declarations and bodies: repeated fixed identities/exact or candidate probes and ordered-control grammar; consolidate private primitives preserving family-specific status, empty-item and terminal error contracts.
crates/beryl-backend/src/incoming_json/provider/machine/turn_started.rs	738e3d169bfebc4099c502a7dbae76ac97dab127	12681	408	source	audited	full_bodies	BJ-001	L1-408 full declarations and bodies: repeated fixed identities/exact or candidate probes and ordered-control grammar; consolidate private primitives preserving family-specific status, empty-item and terminal error contracts.
crates/beryl-backend/src/incoming_json/provider/machine/web_other.rs	ec723ec164892817de723a3bab0437f825093e50	7403	230	source	audited	full_bodies	BJ-001	L1-230 full declarations and bodies: repeated fixed identities/exact or candidate probes and ordered-control grammar; consolidate private primitives preserving family-specific status, empty-item and terminal error contracts.
crates/beryl-backend/src/incoming_json/provider/schema.rs	96965db23246f1471996eb474b90c8bfaced696a	3909	157	source	audited	full_bodies		L1-157 full declarations, macro invocations and implementation bodies reviewed; existing closed provider schemas, MCP inline-image protection, expectation poison and exact identity/family completion retained; no substantial independent reduction.
crates/beryl-backend/src/incoming_json/provider/schema/item.rs	09ae21f0c928526eb7cc4c229a702a8628816998	8008	259	source	audited	full_bodies		L1-259 full declarations, macro invocations and implementation bodies reviewed; existing closed provider schemas, MCP inline-image protection, expectation poison and exact identity/family completion retained; no substantial independent reduction.
crates/beryl-backend/src/incoming_json/provider/schema/object.rs	ec810d12ae25d0a1e811d79b5b1a2b2a0b67e561	6328	180	source	audited	full_bodies		L1-180 full declarations, macro invocations and implementation bodies reviewed; existing closed provider schemas, MCP inline-image protection, expectation poison and exact identity/family completion retained; no substantial independent reduction.
crates/beryl-backend/src/incoming_json/provider/steering_capture.rs	a27aaaa353ae40ea1e0382895212c4a90770dde6	7185	209	source	audited	full_bodies		L1-209 full: steering capture owns correlation verifier and abandon/commit guard, no leased-page copy loop; keep outside BJ-002.
crates/beryl-backend/src/incoming_json/response.rs	a40df8b793f969718e4784d0352ecab590224b8c	9052	252	source	audited	full_bodies	BJ-003	L1-252 full declarations, macro invocations and implementation bodies reviewed; existing closed provider schemas, MCP inline-image protection, expectation poison and exact identity/family completion retained; no substantial independent reduction.
crates/beryl-backend/src/lib.rs	5b1f6b1de1734f22e4e6db70cefecd301151ac1f	21741	501	source	audited	full_bodies		All module/re-export and lifecycle cfg declarations plus embedded examples examined. Public capability and protocol exports mirror genuine feature boundaries; pre-existing source documentation is outside requested cleanup authority.
crates/beryl-backend/src/lifecycle_test_support.rs	e625fbc78e85891bdc62cbad338531991f8f864f	17625	513	test_support	audited	full_bodies		Complete decoder/test adapters, error mapping, counting/split/loss readers, test capability constructors and process helpers reviewed. Behavioral fault seams are useful; repetitive fixture setup to be assessed across test callers.
crates/beryl-backend/src/lifecycle_test_support/response.rs	bdb3481a8f17a625bbadc8876329e9bf03137271	4188	83	source	audited	full_bodies		All test expectation variants, exact fixed-family installation and terminal-state projection examined; repetition small and intentionally mirrors supported families. No rollback fixture family exists.
crates/beryl-backend/src/lifecycle_test_support/turn.rs	ee862def88c7424a1ab3e3dac18f3f103d24365e	756	23	source	audited	full_bodies		Both compact lifecycle test constructors reviewed; private production constructors remain behind explicit test-only module.
crates/beryl-backend/src/managed_process.rs	01d1f0155148c0617852a4976bd3456f379969c6	13020	423	source	audited	full_bodies	BR-009	Complete supervision and teardown bodies including Windows job FFI, Send safety claim and non-Windows fallback examined. WSL group cleanup differs from Host job lifetime; library fit requires preserving bounded teardown and error precedence.
crates/beryl-backend/src/ordered_turn_stream.rs	68db65de5b3729702d548813abb0a5eaafa241de	13989	342	source	audited	full_bodies	BR-007	Complete ordered sink operations, typed completions, ownership-preserving errors, Debug and default steering methods reviewed. Synchronous backpressure and rejected-operation return are real contracts; derive-based presentation cleanup potentially shares root boilerplate finding.
crates/beryl-backend/src/protocol.rs	1d28ef927d6f3ea9dcd7c5c15bdeb2ed023c5be8	36	3	source	audited	full_bodies		Complete module and re-export declarations reviewed; no implementation layer to delete.
crates/beryl-backend/src/protocol/response.rs	42bf308d247df6246ddaa6afeab6d4e94d8e3657	354	16	source	audited	full_bodies		Complete response submodule and re-export declarations reviewed; fixed inline helper remains private.
crates/beryl-backend/src/protocol/response/error.rs	40f2ecf2cd9857dc0191fd1776c10285c37ff09b	1932	81	source	audited	full_bodies		Complete bounded diagnostic projection, exact error verdict and formatting reviewed; retaining truncation and pre-core rejection semantics is required.
crates/beryl-backend/src/protocol/response/fixed.rs	1860d36a3c03310bfad27b249de1cf27ecfc5526	3638	124	source	audited	full_bodies		Complete InlineUtf8 validation/projection and bounded_text macro examined. Two generated domain wrappers already share mechanics; optional cross-package fixed-string primitive requires cost evidence, not blanket heap allocation.
crates/beryl-backend/src/protocol/response/initialize.rs	c32ac09d420071a699753744edffde4f14507159	6203	220	source	audited	full_bodies		Complete initialize platform and exact version parser, same-session config proof and response wrappers examined. Exact version classification preserves malformed-vs-mismatch errors; semver crate would add generality for ~50 lines.
crates/beryl-backend/src/protocol/response/model.rs	0783ffe4b59aaba03c494576d9d557c51a400812	8970	355	source	audited	full_bodies	BR-010	Complete model paging, limit validation, effort bitset, record accessors and fixed Option-array storage examined. ArrayVec candidate can simplify compact collection mechanics but replacement must preserve one boxed fixed page and non-cloneable records.
crates/beryl-backend/src/protocol/response/result.rs	ff54091c623b38162f0dda4f660fb6afdd9a86ab	1297	44	source	audited	full_bodies		Complete closed response-family payloads, exact empty acknowledgements and unsubscribe wire mapping reviewed. Variants carry real response correlation, not redundant generic JSON envelopes.
crates/beryl-backend/src/provider_observation.rs	47b8c6cc4ec35a78b5dc36b6e08abfbae75a7a06	6773	221	source	audited	full_bodies		Complete provider lifecycle routes, fragments, errors and abandonment map examined. Redacted fragment Debug can enable derives; vocabulary and ownership remain necessary.
crates/beryl-backend/src/provider_observation/grammar.rs	9d8a953755061e1f3cff4f6f4234d40db5fed4be	5707	248	source	audited	full_bodies		Complete provider field/control/scalar/enum vocabulary and finite-float wrapper examined. Closed semantics are shared by parser/store and must survive any helper consolidation.
crates/beryl-backend/src/server.rs	5261be4f29f0be8628d471debdc075f55bb2dc3f	15665	437	source	audited	full_bodies		Complete server launch/provenance, connector retry, stderr lifecycle and teardown examined. Two connect retry loops can share a small private deadline helper; runtime ownership/auth cleanup remain distinct from session lifetime.
crates/beryl-backend/src/session.rs	047ec1cedfed77b8f5664df78140c22c91f32fac	54159	1409	source	audited	full_bodies	BR-004	Complete 1409-line file examined in three contiguous slices, including every error variant, test cfg seam, constructors, dispatch adapter and server-response serialization. ManagedWebSocketError stores derivable kind/message; transport profile forwarding can share private core while retaining distinct immutable profiles.
crates/beryl-backend/src/session/bounded_request.rs	fd145f961cd0f7dcf6b9124fe33b75f018ef91a9	12373	334	source	audited	full_bodies	BR-001	Complete initialization/admission/model/config/unsubscribe dispatch and exact expectation state reviewed. Repeated generic response-wait pump participates in BR-001; admission provenance and two-sessionFlags proof remain required.
crates/beryl-backend/src/session/bounded_request/lineage.rs	5f33677fd25dfc5cbb36040859b7834d478245a5	4355	115	source	audited	full_bodies		Complete start/resume/fork writers and identity checks reviewed. Start/fork fresh capabilities and resume matching-thread check cannot be collapsed; existing shared lineage response mapper is sufficient.
crates/beryl-backend/src/session/bounded_request/thread_read.rs	b8b2f0c049758c78e62188c5ada87e2865625507	2311	65	source	audited	full_bodies		Complete maintenance-only metadata read and profile/identity gates reviewed. Profile order and mismatch teardown must stay; no substantial standalone cut.
crates/beryl-backend/src/session/bounded_request/wire.rs	9df485ecd70aca0a3493eeb00fcfe7a88890c1d6	9624	351	source	audited	full_bodies		Complete method-owned serde request structs and constructors, exact flags, opt-out list and helper examined. Existing serde replaces wire mechanics; declaration consolidation alone offers little net value.
crates/beryl-backend/src/session/compaction.rs	f50fb15646a51de1d24834cb02a9d2f58e892d52	14142	401	source	audited	full_bodies	BR-001	Complete compaction target/fence/correlation wrappers, epoch checks, dispatch and response wait reviewed. BR-001 shares neutral receive pump only; compaction authorization and exact rejection interpretation stay local.
crates/beryl-backend/src/session/incoming.rs	ebb94e236dc901288f76ef8a20c6b8c030246877	836	31	source	audited	full_bodies		Complete single approval envelope plus closed ReceiveOutcome and responder accessors reviewed. Small representation supports queue ownership and exact responder identity.
crates/beryl-backend/src/session/interruption.rs	efb0cd132f39dc60abdc072ba096f7e9cbff7968	15268	388	source	audited	full_bodies	BR-001	Complete durable/volatile shared interrupt dispatcher, authorization validation, verdict normalization and profile gates examined. BR-001 removes only shared wait mechanics; no second recommendation for already-shared durable/volatile core.
crates/beryl-backend/src/session/ordered_turn_stream.rs	ec41dd80b9bfdf8d9e5e259334c3d26e51b5a7bd	13393	344	source	audited	full_bodies	BR-001	Complete sink binding, prefix replay, ordered polling, approval route/denial/error settlement and normalization examined. Its approval continuation policy is the source for BR-001; pending failures retain exact ownership.
crates/beryl-backend/src/session/outbound.rs	01aa5a6fe4b21538f5b9d51369ff26c2e59abd7a	6372	238	source	audited	full_bodies	BR-003	Complete generic source-failure slot, serde writer adapter, dispatch metrics and byte-tracked write loop examined. Existing source-aware core already shared by input and recovery; first failure and successful-byte cut must remain.
crates/beryl-backend/src/session/pre_bind.rs	c3b85321939ce104a1204ef7416cdc11ad288e28	2840	106	source	audited	full_bodies	BR-002	Complete custom two-stack linked FIFO, reversal/back traversal, diagnostics and iterative Drop examined. BR-002 proposes std VecDeque with explicit logical admission bound and same diagnostic increments.
crates/beryl-backend/src/session/streamed_admission.rs	5bcd1b6c173e03f38d2e87320f7915273e50f83a	2346	65	source	audited	full_bodies		Complete shared start/steer predispatch reservation and gate ordering examined. Existing consolidation is retained and not re-recommended; it precedes any source header/page access.
crates/beryl-backend/src/session/streamed_turn_start.rs	5873c3853f62f3fcf9fec3c6d687730956cca370	9300	257	source	audited	full_bodies	BR-001	Complete streamed start writer, verifier install/remove, response/rejection correlation and wait reviewed. BR-001 shares neutral wait only; two echo completion checks and cleanup remain specific to start.
crates/beryl-backend/src/session/streamed_turn_steer.rs	a80fd04f65b87112fc88e5c1cb2c51e47e049db6	6683	193	source	audited	full_bodies	BR-001	Complete streamed steer writer/source disposal, expected turn check and wait reviewed. BR-001 shares neutral wait only; successful acknowledgement intentionally precedes delayed echo verification.
crates/beryl-backend/src/session/thread_injection.rs	3dbdef8e7bccb6bf6eeac630383cd429fe82e6bc	10343	277	source	audited	full_bodies	BR-001	Complete consumed fresh-idle injection, gates, source-aware dispatch, response wait and transport-loss classification reviewed. BR-001 shares wait only; every outcome consumes target and is never retry authority.
crates/beryl-backend/src/thread_injection.rs	e61b31d17f95daafb1637fc21c865d890b70f9c2	7260	205	source	audited	full_bodies		Complete preflight limits, consumed injection outcomes and bounded rejection projection reviewed. Canonical recovery limits are semantic authority; no whole-history cap proposal.
crates/beryl-backend/src/thread_injection/source.rs	b5ac94c3a91acfda53576673b7690f22da5ab2e2	9466	278	source	audited	full_bodies		Complete source identity/revision/page validation, lease ownership, redacted Debug and error conversion examined. Exact page metadata is required for replay consistency.
crates/beryl-backend/src/thread_injection/wire.rs	4679c8b00080497b42c0ae1ee789aba6f9652526	15804	462	source	audited	full_bodies	BR-008	Complete recovery serializers, RefCell/Display streaming bridge, first-source-error path and page replay verifier examined. Closed message/content wrappers can use serde derives and a one-element array; all per-page identity/offset/digest checks remain.
crates/beryl-backend/src/thread_lineage.rs	e069a066df981b4103e756e04207735e278d2bca	9102	340	source	audited	full_bodies		Complete load options, fresh/idle one-use capabilities, bounded lineage projection, test hook and rollback params reviewed. ThreadRollbackParams is dormant scaffolding alongside BJ rollback observation; fresh/loaded wrappers enforce actual injection authority.
crates/beryl-backend/src/thread_metadata.rs	ae6aad63b74272598fba3b83579100d7125f4a27	2104	75	source	audited	full_bodies		Complete bounded thread-read metadata constructor/accessors and lifecycle fixture seam reviewed. Inline identity temporary can be avoided with shared validation but no substantial net deletion.
crates/beryl-backend/src/turn.rs	18f3e4fef209c02f40e8087217df0db12b6aa7c0	284	15	source	audited	full_bodies		All turn submodule and re-export declarations examined; no standalone implementation layer.
crates/beryl-backend/src/turn/approval.rs	8f4420d5837888c07346e135ca5c2628bc21904d	11809	382	source	audited	full_bodies		Complete approval ID serde/redaction, atomic authority bind/disposition, Arc responder identity and non-cloneable request reviewed. Shared response state is required; deriving value equality would lose exact authority identity.
crates/beryl-backend/src/turn/control.rs	19ff2131a776436a32b98f8299ca69d36741738d	8550	340	source	audited	full_bodies		Complete turn result/control types, error vocabulary and thread/turn option constructors examined. Defaults can shorten persistent/ephemeral builders; TurnControlWire is only a private record nesting and can be flattened with no wire change.
crates/beryl-backend/src/turn/metadata.rs	f73d1cc53d6827358c00cacb6b0657d483b07394	3631	130	source	audited	full_bodies		Complete thread statuses, active bits, token-usage serde and unsubscribe declarations reviewed. Loaded notification and metadata notLoaded distinction is real; existing small bitset needs no crate.
crates/beryl-backend/src/turn/normal_terminal.rs	5fd86badacd7f22822694e85b12bdd2e8854142d	7544	241	source	audited	full_bodies		Complete aggregate terminal diagnostic arena, field slices, UTF-8 truncation and redacted Debug examined. One shared 4096-byte budget across message/details is required and cannot become two full-capacity strings.
crates/beryl-backend/src/turn/ordered_control.rs	cd75a8d7077f2fc5bc33fc833e9f976ef5fafaf2	2291	90	source	audited	full_bodies		Complete compact loaded status/close/start controls and private constructors examined. Public facts carry validated identities and meaningful status variants.
crates/beryl-backend/src/turn/steering.rs	dd8bbf395fbf38c328096b9c1066eb708bd42ed1	12890	452	source	audited	full_bodies	BR-007	Complete steering correlation/proof/source wrappers, ownership-return errors and abandon map reviewed. Existing thiserror and Debug derives can replace manual equivalent formatting while preserving cause chains and redaction.
crates/beryl-backend/src/turn/streamed_input.rs	dc1438524ec89f3efd839f9255c35b4e8ebc2613	1915	58	source	audited	full_bodies		Complete module exports, streamed page ceiling, image-detail serde and lifecycle timestamp examined. Explicit public/private verifier split protects proof construction.
crates/beryl-backend/src/turn/streamed_input/correlation.rs	ce9b20f21e20b6d52712ffab8f5c71589e6aa931	18226	532	source	audited	full_bodies		Complete request-scope verifier, independent descriptor replay, byte/text/image comparison and lifecycle commit state reviewed. Per-byte text comparison can use maximal matching slices while retaining exact first mismatch offset; state ordering and both-echo evidence remain necessary.
crates/beryl-backend/src/turn/streamed_input/correlation/slot.rs	a76ca766cb5bbb85a5341d1635f4053d3988d639	4063	127	source	audited	full_bodies		Complete Mutex-backed slot, checked guard, scope-preserving remove and poison fixture reviewed. Shared-reference serialization access and poison semantics prevent a casual RefCell substitution; no substantial safe cut established.
crates/beryl-backend/src/turn/streamed_input/correlation/state.rs	46aacf1e23871cd462da31d8518efa3b8df98c94	1566	60	source	audited	full_bodies		Complete verifier/echo/active-input state declarations and index projection examined. Text page ownership and image path are genuine variant-specific state.
crates/beryl-backend/src/turn/streamed_input/correlation/types.rs	7cd9092503c560ab696eaf9f3e2b3cd858eaaae9	6546	192	source	audited	full_bodies		Complete correlation proof/error vocabulary, typed causes and non-cloneable checked lifecycle constructors examined. No meaningful contract-preserving deletion beyond equivalent derives.
crates/beryl-backend/src/turn/streamed_input/source.rs	f0d5a9c5b9b2cce36b75eb095bad43c723a98f15	539	15	source	audited	full_bodies		All source module and public/private re-export declarations examined.
crates/beryl-backend/src/turn/streamed_input/source/contract.rs	fa504d87135d0858bc3c73f5180473033d4b0997	9665	319	source	audited	full_bodies		Complete descriptor/page constructors, accessors, traits, error variants and manual Eq implementations examined. StreamedLocalImageDescriptor and StreamedTextPage Eq can derive identically; unlike recovery pages, these constructors permit fault fixtures so replay checks remain.
crates/beryl-backend/src/turn/streamed_input/source/digest.rs	868802eadc3ff7e0820aaee522fedc67e4be50c8	7235	242	source	audited	full_bodies		Complete canonical digest domain/byte encoding, opaque identity wrappers and sequence count/ordinal validation examined. Existing sha2 performs cryptography; digest encoding is persisted/shared authority and cannot be replaced by generic hashing.
crates/beryl-backend/src/turn/streamed_input/source/pass.rs	e639561ea089fcccda35559ffb3fd583b3bf11c0	9747	261	source	audited	full_bodies		Complete replay pass source header, descriptor count/identity/digest and text page/continuation validation examined. Three passes reuse this one validator; seemingly repeated checks establish different trust cuts.
crates/beryl-backend/src/turn/streamed_input/wire.rs	e3f37f943e254b4b6fa16e9753e638258597c963	10347	320	source	audited	full_bodies		Complete serde adapters, one-input-at-a-time replay, Display collect_str streaming, first failure path and start collaboration settings reviewed. Existing source-aware core already shared; preserve empty/missing settings distinctions and source drop timing.
crates/beryl-backend/src/websocket_transport.rs	9b1b11a22474d4ff1299e8cdd32c035911e31a58	25720	734	source	audited	full_bodies	BR-003,BR-003;BR-004,BR-004,BR-009	Complete 734-line transport examined in two contiguous slices, including candidate/profile wrappers, handshake runtime, reader utilities and three writers. BR-003 shares duplicated writer setup/error handling; BR-004 removes unnecessary shared reader bookkeeping and dead counters after reference proof.
crates/beryl-backend/src/websocket_transport/diagnostics.rs	f4af633751f340eb03c40ed06dfd5209392f16f5	6327	197	source	audited	full_bodies		Complete atomic diagnostic snapshots/updates and overflow behavior examined. Feature-gated content-free measurements justify their fields; derives/accessor presentation is secondary.
crates/beryl-backend/src/websocket_transport/message.rs	9ee522dd14a20dd2c5ae928a5a45fb4c271b533f	6336	182	source	audited	full_bodies	BR-004,BR-009	Complete frame/message continuation, control interleaving, mask/binary/timeout handling examined. BR-004 removes unobserved counters and unreachable saturating usize::MAX budget check only; framing state remains.
crates/beryl-backend/src/websocket_transport/provider.rs	819f2d48ca03e4f83718efb3e5143d566b9f0d9b	7298	177	source	audited	full_bodies	BR-004,BR-010	Complete decoder/transport error precedence, EOF completion enforcement, ingress metrics and request-only adapter reviewed. BR-004 replaces Rc<RefCell> state with one borrowed stack state and simplifies always-false capture metadata; preserve transport failure precedence.
crates/beryl-backend/src/websocket_transport/reader.rs	18669ad70f521630f051af449709fcd244d5101f	5191	158	source	audited	full_bodies	BR-004,BR-009	Complete payload reader and Rc<RefCell> state mutation/accessors reviewed. BR-004 removes allocation/interior mutability using exclusively borrowed per-call state; read errors still retain typed transport cause.
crates/beryl-backend/src/websocket_transport/writer.rs	612d0307c47e74b5b922185e8b7bb2d32d13ecaf	7478	223	source	audited	full_bodies		Complete fixed payload writer, fresh mask/in-place framing, successful-byte progress, failure storage and control frame writer reviewed. Same-page masking and partial header accounting must remain; no library replacement established yet.
crates/beryl-backend/tests/bounded_response_types.rs	567930ad4dcd4f41fde9f8ed232fdf06fda1fb5b	6002	156	test	audited	full_bodies		All seven bounded-response type tests and model fixture reviewed. Boundary lengths, exact version rejection, closed effort semantics, page capacity and enclosing ABI size are independent useful assertions.
crates/beryl-backend/tests/context_compaction.rs	7c3977d5a668b31cd09ffa60eb3a27a288d1f42a	10969	283	test	audited	full_bodies	BR-001,BR-005	All compaction sink/target/auth helpers and four lifecycle cases reviewed. Exact wire, local correlation exclusion, ordered controls-before-ack and prebyte-vs-response-loss distinctions verify BR-001; handshake setup can share support.
crates/beryl-backend/tests/dynamic_tool_schema.rs	d5c4975e5648b2aec11a8dc48a59bc62289e4182	2249	75	test	audited	full_bodies		All canonical tagged function/namespace and invalid legacy/mixed registration tests reviewed; wire compatibility assertions remain meaningful.
crates/beryl-backend/tests/exact_interruption.rs	5ae05448fdd3b462f1746584db236c724d73f5a1	329	13	test	audited	full_bodies		Every exact-interruption module mount reviewed, including shared WebSocket support; bodies audited in referenced files.
crates/beryl-backend/tests/exact_interruption/binding.rs	1fe8ec23e694a78c027d6bad9c90dd2a8109e3b8	4561	129	test	audited	full_bodies	BR-001,BR-005	All changed-target coordinate matrix and revoke/replace lifecycle cases reviewed. Existing parameterization is appropriate; exact target and later successful request prove prebyte refusal.
crates/beryl-backend/tests/exact_interruption/gates.rs	d7e0e38141ee5532fdc2107b73929dfcfe3652db	2021	53	test	audited	full_bodies	BR-001,BR-005	Both request-id exhaustion and occupied expectation scenarios reviewed; shared session setup possible while retaining distinct injected state and postconditions.
crates/beryl-backend/tests/exact_interruption/interrupt.rs	7d2edd7687b68fd50a9cfabddb30b55186924408	7675	197	test	audited	full_bodies	BR-001,BR-005	All exact interrupt wire, pre-core codes, nondispatch reuse, lost response, stale authorization and unbound gate scenarios reviewed. Shared handshake boilerplate is removable; dispatch evidence assertions retained.
crates/beryl-backend/tests/exact_interruption/support.rs	237739f66c2afdd3763264d80fa1ecc15311ed64	3044	89	test_support	audited	full_bodies	BR-005	All inert sink, exact target and durable/volatile authorization fixture constructors reviewed. Domain target fixtures already share core; connection setup can use shared backend test support.
crates/beryl-backend/tests/exact_interruption/volatile.rs	403d069a22c87c80d0b2c9da904bda379116ce62	10959	274	test	audited	full_bodies	BR-001,BR-005	All volatile nominal type checks, wire, verdict, revocation, timeout and foreign-target tests reviewed. Signature assertions and dependency exclusions are real boundaries; source-name-only assertions require separate assessment, not blanket deletion.
crates/beryl-backend/tests/image_generation_ingress.rs	5afbf001acb0e32908399a073fc080c9be3c6952	14750	381	test	audited	full_bodies		Complete image result placement, huge-fragmentation, MCP positive retention, malformed/privacy matrix and helper bodies reviewed. Same-page pool metrics and result privacy are real guarantees; tests already share provider driver.
crates/beryl-backend/tests/incoming_json_ingress.rs	839995daebe0a6ed8954433c37b3a17522721dfe	765	22	test	audited	full_bodies		All ingress test module mounts and cfg declaration examined; bodies audited independently.
crates/beryl-backend/tests/incoming_json_ingress/approvals.rs	d40273b54878d075b4dc37fcbc9057774eece386	2863	73	test	audited	full_bodies	BJ-001	All fragmented approval routing/identity, large discarded payload and malformed known-approval tests reviewed. They preserve BJ-001/BJ-002 compact boundary invariants.
crates/beryl-backend/tests/incoming_json_ingress/classifier.rs	7264f76e233bc4a2ef94c0e7cba3c423aba5cd66	3674	109	test	audited	full_bodies		All classifier discard, installed expectation, unsupported request drain, irreversible quarantine, prefix pressure and malformed JSON tests reviewed. KnownControlUnavailable remains live and is not dead scaffolding.
crates/beryl-backend/tests/incoming_json_ingress/normal_terminal.rs	23cace6fbaff652b3169cebbd6c969b986723b33	14916	431	test	audited	full_bodies	BJ-001	All normal-terminal traces/sink/factories and tests reviewed, including every byte split/prefix, closed variants, aggregate Unicode diagnostics and exact shape matrix. BJ-001 refactor must preserve these cases.
crates/beryl-backend/tests/incoming_json_ingress/normal_terminal/failures.rs	541b308034aee77f4b6222df917a71fd47e17d5f	5246	152	test	audited	full_bodies	BJ-001	All terminal consistency/order/type/range/missing timing and ownership-preserving sink failure cases reviewed. No substantial test deletion is justified by shared parser primitives.
crates/beryl-backend/tests/incoming_json_ingress/predispatch.rs	386ac26d4070648246f201e4e9b2959552e1e0ca	8545	249	test	audited	full_bodies	BR-003	All source-call counting and real WebSocket predispatch fixtures reviewed. BR-001/BR-003 must retain no-source-access/no-request-id mutation evidence; bespoke no-JSON server can share common transport support.
crates/beryl-backend/tests/incoming_json_ingress/responses.rs	de019af85a781d367277a017b7885421a4b5b715	6531	187	test	audited	full_bodies	BJ-003	All exact response/discriminant/rejection/diagnostic/poisoning/interleave tests reviewed. BJ-003 rewrite must preserve full drain, bounded prefixes and non-revivable expectation.
crates/beryl-backend/tests/incoming_json_ingress/responses/initialize_config.rs	2c0c7af132135fe2883e36867b7098368603b797	7509	170	test	audited	full_bodies	BJ-003	All initialize/config fragmentation, huge discard, alias/order/bounds and exact true/sessionFlags-origin tests reviewed. BJ-003 must retain proof requirements and complete input drain.
crates/beryl-backend/tests/incoming_json_ingress/responses/lineage.rs	d735a73757631b7fab30fd10c9727fe71fef26db	8207	193	test	audited	full_bodies	BJ-003	All lineage start/resume/fork projected facts, additive unknowns, active flags and malformed/order/duplicate cases plus exact source fixtures reviewed. Retain history discard and no partial publication under BJ-003.
crates/beryl-backend/tests/incoming_json_ingress/responses/model_page.rs	9474a638e4683d92be9e792a5ebaa9b1876f6c35	7670	217	test	audited	full_bodies	BJ-003;BJ-004,BR-010	Complete four model-page tests and record factory reviewed. BJ-004: positive bare-string arrays and object maps contradict pinned Vec<ReasoningEffortOption>; replace all valid baselines with records before testing unrelated caps/order, retain explicit negative legacy cases. BJ-003 includes parser savings.
crates/beryl-backend/tests/incoming_json_ingress/responses/thread_read.rs	68dc25a14bef44442f3a2b9e7e548bc33320d998	6305	153	test	audited	full_bodies	BJ-003	All metadata-only thread-read, optional/equal nickname mirrors and malformed/mismatch/order matrices reviewed. Same bounded facts and full drain required by BJ-003.
crates/beryl-backend/tests/incoming_json_ingress/responses/turn_interrupt.rs	9de1a08d88ea2fe762b0cbd94730fa3841606332	1977	52	test	audited	full_bodies	BJ-003;BR-001	Both interrupt rejection matrices reviewed: exact absent-data codes yield pre-core verdict; data/unknown-code cases remain exact rejection without verdict. Essential for BR-001 outcome normalization.
crates/beryl-backend/tests/incoming_json_ingress/responses/turn_start.rs	f963aeb8bef8d940a56f0f85ef9a7b735a9516cd	5052	133	test	audited	full_bodies	BJ-003	All turn-start bounded identity/status, each structurally discarded items shape and malformed/order matrix reviewed. BJ-003 must retain general discarded values and no whole-message cap.
crates/beryl-backend/tests/incoming_json_ingress/responses/turn_steer.rs	dcd838f9396645f8f8cec798ae7c5365757d35ed	7803	225	test	audited	full_bodies	BJ-003	All steer success identity, malformed shape, exact closed data verdict and negative family/code/data/order tests reviewed. BJ-003 must preserve diagnostic nonauthority and separate exact rejection semantics.
crates/beryl-backend/tests/incoming_json_ingress/streamed_turn_start.rs	2b93f9e0c66a53ae6a3871a05f3deee3fbb8f715	10773	321	test	audited	full_bodies	BR-001,BR-005	Full source fixtures, all request gates, echoed-lifecycle correlation, sink/transport failures and exact dispatch outcomes read; BR-001 may share pump only while callers retain distinct completion rules.
crates/beryl-backend/tests/incoming_json_ingress/streamed_turn_start_failures.rs	5290a909dc38fa5b03bb6237a49eefedcbbcdd60	13441	413	test	audited	full_bodies	BR-001,BR-005	Full source fixtures, all request gates, echoed-lifecycle correlation, sink/transport failures and exact dispatch outcomes read; BR-001 may share pump only while callers retain distinct completion rules.
crates/beryl-backend/tests/incoming_json_ingress/streamed_turn_steer.rs	7d2ac01a183258aee4553a506b5a977a282b68ab	32010	876	test	audited	full_bodies	BR-001,BR-005	Full source fixtures, all request gates, echoed-lifecycle correlation, sink/transport failures and exact dispatch outcomes read; BR-001 may share pump only while callers retain distinct completion rules.
crates/beryl-backend/tests/incoming_json_ingress/support.rs	61501a87f851254374fcf232b1e78ac15870924a	1432	48	test_support	audited	full_bodies	BJ-003	Complete fragment-size constant and ingress decode/error/discard assertion helpers reviewed. They already share expectation and consumption checks; retain under BJ-003.
crates/beryl-backend/tests/incoming_json_ingress/thread_closed.rs	1780a726c6c92b6d4c696ffa79abaa5a9e6c872e	8275	243	test	audited	full_bodies	BJ-001	Complete close sink, ownership extraction, malformed/order/identity and every-split tests reviewed. Sink policy/trace scaffolding duplicates normal-terminal harness and may be shared; behavioral close coverage remains required.
crates/beryl-backend/tests/launch_and_protocol.rs	02f965692d1c39cfb47e4543ec4335d473c85df7	15344	408	test	audited	full_bodies		Full declarations, host/WSL launch exactness and Windows lifecycle/provenance fixtures read; preserve authenticated launch, token cleanup and runtime identity behavior.
crates/beryl-backend/tests/lineage_flow.rs	26f89bb4a7903f571256204724c21abf4a418c84	50	2	test	audited	full_bodies		Full module declarations and lineage request/response, initialized session, identity mismatch, request-slot and dispatch lifecycle cases reviewed.
crates/beryl-backend/tests/lineage_flow/exact.rs	b71a5cf1626a97918eb670403bf27a22a5f1bb18	7621	189	test	audited	full_bodies	BR-001,BR-005	Full module declarations and lineage request/response, initialized session, identity mismatch, request-slot and dispatch lifecycle cases reviewed.
crates/beryl-backend/tests/lineage_flow/lifecycle.rs	101b8241e2150acf1f726d41584da9ccc3d5bfc9	14160	363	test	audited	full_bodies	BR-001,BR-005	Full module declarations and lineage request/response, initialized session, identity mismatch, request-slot and dispatch lifecycle cases reviewed.
crates/beryl-backend/tests/lineage_flow/mod.rs	f680db3f846889ba96c09e10bfe6d892d5b7a9c3	1339	30	test	audited	full_bodies		Full module declarations and lineage request/response, initialized session, identity mismatch, request-slot and dispatch lifecycle cases reviewed.
crates/beryl-backend/tests/managed_process_lifecycle.rs	d4c63fd2d097faeebb858d2397653df876cf05e7	5174	155	test	audited	full_bodies		Full Windows process lifecycle, descendant PID, idempotent shutdown and drop fallback tests reviewed; these check real process ownership, not source spelling.
crates/beryl-backend/tests/ordered_turn_stream.rs	eb49e2582260289b03c0fb6e73c622bd87159f7a	124	4	test	audited	full_bodies		Full module declarations and lineage request/response, initialized session, identity mismatch, request-slot and dispatch lifecycle cases reviewed.
crates/beryl-backend/tests/ordered_turn_stream/dynamic_tools.rs	c5960d0701268e965886ae421ce09856c62de402	10417	267	test	audited	full_bodies	BJ-002	Complete dynamic-call fixtures, control/scalar traces, failure injection, page return/seal/abandon and one-page multi-megabyte cases reviewed; retain semantics while consolidating BJ-002 lease mechanics.
crates/beryl-backend/tests/ordered_turn_stream/dynamic_tools/failures.rs	dc0bf2731b998cf1192b79f6d2ffcf612811311c	3326	113	test	audited	full_bodies	BJ-002	Complete dynamic-call fixtures, control/scalar traces, failure injection, page return/seal/abandon and one-page multi-megabyte cases reviewed; retain semantics while consolidating BJ-002 lease mechanics.
crates/beryl-backend/tests/ordered_turn_stream/dynamic_tools/pages.rs	a09d0c70e4af976cdd02c025fe38199d07269fa9	2233	56	test	audited	full_bodies	BJ-002	Complete dynamic-call fixtures, control/scalar traces, failure injection, page return/seal/abandon and one-page multi-megabyte cases reviewed; retain semantics while consolidating BJ-002 lease mechanics.
crates/beryl-backend/tests/ordered_turn_stream/support.rs	b323b6e4811c98e520e9426c29ea2d586cab3d5d	8550	233	test_support	audited	full_bodies	BJ-002	Complete dynamic-call fixtures, control/scalar traces, failure injection, page return/seal/abandon and one-page multi-megabyte cases reviewed; retain semantics while consolidating BJ-002 lease mechanics.
crates/beryl-backend/tests/pre_bind_approval_ordering.rs	a40f9cb06c14223f3581415bfa3c35d2281fc1b8	236	8	test	audited	full_bodies	BR-002	All pre-bind admission, configured capacity above 64, FIFO binding, denial dispatch, durable stop-owner mismatch, failure cleanup and diagnostics fixtures reviewed; BR-002 must preserve these exact semantics.
crates/beryl-backend/tests/pre_bind_approval_ordering/failures.rs	50fcdf799a95e86ba10901ee8ed2e25fd3c1d9f0	14232	374	test	audited	full_bodies	BR-002	All pre-bind admission, configured capacity above 64, FIFO binding, denial dispatch, durable stop-owner mismatch, failure cleanup and diagnostics fixtures reviewed; BR-002 must preserve these exact semantics.
crates/beryl-backend/tests/pre_bind_approval_ordering/success.rs	970677c48dee63fb51783860a12357aa1eb6ad03	5844	171	test	audited	full_bodies	BR-002	All pre-bind admission, configured capacity above 64, FIFO binding, denial dispatch, durable stop-owner mismatch, failure cleanup and diagnostics fixtures reviewed; BR-002 must preserve these exact semantics.
crates/beryl-backend/tests/pre_bind_approval_ordering/support.rs	23047f8f8e1aa6df09da17274ce40e158404f1b5	11232	308	test_support	audited	full_bodies	BR-002	All pre-bind admission, configured capacity above 64, FIFO binding, denial dispatch, durable stop-owner mismatch, failure cleanup and diagnostics fixtures reviewed; BR-002 must preserve these exact semantics.
crates/beryl-backend/tests/production_source_boundary.rs	cad09206b30c62dbe8e2289499afbe1ac929fad5	9598	271	test	audited	full_bodies	BR-006	Full source-scanning architecture guards and helpers reviewed; retain no-DOM/no-probe/coarse-cleanup exclusions, but exact helper spelling/ordering and doc-comment delimiters are implementation-coupled (BR-006).
crates/beryl-backend/tests/provider_observation_ingress.rs	010061c177872fe13d90bdf73d3e88db0e291ce8	13802	386	test	audited	full_bodies	BJ-002	All provider item, delta, identity, private-reasoning, scalar/UTF-8/depth cases and trace/pool helpers read; bounded ownership and content-free privacy assertions are substantive.
crates/beryl-backend/tests/provider_observation_ingress/capture_edges.rs	67e699e61391878be5006cbf00a907211ab7bc25	8327	209	test	audited	full_bodies	BJ-002	All provider item, delta, identity, private-reasoning, scalar/UTF-8/depth cases and trace/pool helpers read; bounded ownership and content-free privacy assertions are substantive.
crates/beryl-backend/tests/provider_observation_ingress/fixtures.rs	076954359b1057ad7017e43959f8bf4ceed8a03f	8384	225	test	audited	full_bodies		All provider item, delta, identity, private-reasoning, scalar/UTF-8/depth cases and trace/pool helpers read; bounded ownership and content-free privacy assertions are substantive.
crates/beryl-backend/tests/provider_observation_ingress/identities.rs	0f0de82b3af17a0adcf88726ef02968497872bf4	3475	95	test	audited	full_bodies		All provider item, delta, identity, private-reasoning, scalar/UTF-8/depth cases and trace/pool helpers read; bounded ownership and content-free privacy assertions are substantive.
crates/beryl-backend/tests/provider_observation_ingress/matrix.rs	3179359863a38a1a4f12501d61dd73dc41a11386	8964	260	test	audited	full_bodies		All provider item, delta, identity, private-reasoning, scalar/UTF-8/depth cases and trace/pool helpers read; bounded ownership and content-free privacy assertions are substantive.
crates/beryl-backend/tests/provider_observation_ingress/privacy.rs	09f7e07ed90c2a77907f6b6dfc98b54e20036410	8112	241	test	audited	full_bodies		All provider item, delta, identity, private-reasoning, scalar/UTF-8/depth cases and trace/pool helpers read; bounded ownership and content-free privacy assertions are substantive.
crates/beryl-backend/tests/provider_observation_ingress/support.rs	679aae3ea897a8201ac5af394715542a24823fb9	9316	262	test_support	audited	full_bodies		All provider item, delta, identity, private-reasoning, scalar/UTF-8/depth cases and trace/pool helpers read; bounded ownership and content-free privacy assertions are substantive.
crates/beryl-backend/tests/provider_observation_ingress/web_other.rs	864cd399d8841100dd213bb40f09d0f29aed88d6	6505	176	test	audited	full_bodies		Complete declarations and all unknown-action, request/admission, public digest vector or lease-helper bodies reviewed; preserve direct behavioral checks.
crates/beryl-backend/tests/request_flow.rs	8efb77b03656476b8439fbb244fd4f3f150ecbad	50	2	test	audited	full_bodies		Complete declarations and all unknown-action, request/admission, public digest vector or lease-helper bodies reviewed; preserve direct behavioral checks.
crates/beryl-backend/tests/request_flow/lifecycle.rs	cfd0b1890655e98e1514c3857e3ddbeb1288b62f	17113	449	test	audited	full_bodies	BJ-004,BR-001,BR-005	Complete bounded model pagination, subscription/status, rejection/timeout, exact request-slot lifecycle cases and full-page fixture read; full-page fixture uses noncanonical effort string array (BJ-004).
crates/beryl-backend/tests/request_flow/mod.rs	5382ee210b1571d52335e060d7b12c13c04253b1	51	3	test	audited	full_bodies		Complete declarations and all unknown-action, request/admission, public digest vector or lease-helper bodies reviewed; preserve direct behavioral checks.
crates/beryl-backend/tests/request_flow/release_admission.rs	ace7b30bcd06a82280a572d4494a2eadf087a696	4328	95	test	audited	full_bodies	BR-001,BR-005	Complete declarations and all unknown-action, request/admission, public digest vector or lease-helper bodies reviewed; preserve direct behavioral checks.
crates/beryl-backend/tests/request_flow/support.rs	e04adc5e51ca25a82125265f6aaf288cd128bb7b	5791	165	test_support	audited	full_bodies	BR-005	All authenticated socket, JSON frame, handshake/profile and bounded-response fixture helpers read; shared initialized-session helper can replace repeated three-step handshake setup (BR-005).
crates/beryl-backend/tests/streamed_input.rs	1618bf6297a705ee349a28a2822006e57b81e210	750	20	test	audited	full_bodies		Complete declarations and all unknown-action, request/admission, public digest vector or lease-helper bodies reviewed; preserve direct behavioral checks.
crates/beryl-backend/tests/support/recovery_page.rs	5a7f655ede91509664132302813280681afcc72e	1121	37	test_support	audited	full_bodies		Complete declarations and all unknown-action, request/admission, public digest vector or lease-helper bodies reviewed; preserve direct behavioral checks.
crates/beryl-backend/tests/thread_injection_session.rs	9375e3d7038abb6cad8b767f478eb5fbf549de93	398	14	test	audited	full_bodies		Complete module declarations and page ownership, bounded constructors, wire serialization or protocol option cases reviewed; retain direct semantic coverage.
crates/beryl-backend/tests/thread_injection_session/failures.rs	a873eadf3e342b04af555b9e61ee461561947dce	7508	213	test	audited	full_bodies	BR-001	Full socket/response, source replay and request gates, exact identity/status publication, lease diagnostics, completion-unknown versus concrete transport-loss and retired-session cases read; BR-001 must leave these distinct caller outcomes unchanged.
crates/beryl-backend/tests/thread_injection_session/fixtures.rs	f3b0544e7c856deadef664217d54f24f7d3f0b1e	6248	187	test	audited	full_bodies	BR-005	All recovery source/preflight/digest fixtures and initialized-server/client wrappers read; shared boring handshake setup is separable from source-fault timing (BR-005).
crates/beryl-backend/tests/thread_injection_session/gates.rs	dd1144d9fe41dd7701ef7c0f92cb4e362902b0de	4511	126	test	audited	full_bodies	BR-001,BR-005	Full socket/response, source replay and request gates, exact identity/status publication, lease diagnostics, completion-unknown versus concrete transport-loss and retired-session cases read; BR-001 must leave these distinct caller outcomes unchanged.
crates/beryl-backend/tests/thread_injection_session/lifecycle.rs	fce804572ab9401ac4dab737f99a3787a1e550b2	8243	221	test	audited	full_bodies	BR-001	Full socket/response, source replay and request gates, exact identity/status publication, lease diagnostics, completion-unknown versus concrete transport-loss and retired-session cases read; BR-001 must leave these distinct caller outcomes unchanged.
crates/beryl-backend/tests/thread_injection_source.rs	6435daae448eab6119f79530ba8a1fe6ede82dff	5380	165	test	audited	full_bodies		Complete module declarations and page ownership, bounded constructors, wire serialization or protocol option cases reviewed; retain direct semantic coverage.
crates/beryl-backend/tests/thread_read_flow.rs	4bbfb99129954a491d2572cd0ea0757b4d1baf4d	103	4	test	audited	full_bodies		Complete module declarations and page ownership, bounded constructors, wire serialization or protocol option cases reviewed; retain direct semantic coverage.
crates/beryl-backend/tests/thread_read_flow/exact.rs	8f5348cc545aeac95452cc9e46f086acb33e7674	3786	97	test	audited	full_bodies	BR-001,BR-005,BR-010	Full socket/response, source replay and request gates, exact identity/status publication, lease diagnostics, completion-unknown versus concrete transport-loss and retired-session cases read; BR-001 must leave these distinct caller outcomes unchanged.
crates/beryl-backend/tests/thread_read_flow/lifecycle.rs	8dbc3c0ec51de7406a932a700d75e0d0155b9101	9559	248	test	audited	full_bodies	BR-001,BR-005	Full socket/response, source replay and request gates, exact identity/status publication, lease diagnostics, completion-unknown versus concrete transport-loss and retired-session cases read; BR-001 must leave these distinct caller outcomes unchanged.
crates/beryl-backend/tests/thread_read_flow/mod.rs	145ff533ff4abdffbad6ab7f556ccd0769b8dd04	1189	29	test	audited	full_bodies		Complete module declarations and page ownership, bounded constructors, wire serialization or protocol option cases reviewed; retain direct semantic coverage.
crates/beryl-backend/tests/turn_protocol.rs	945eb5769167a06e99fb9969ab3e017c00716eef	2408	83	test	audited	full_bodies		Complete module declarations and page ownership, bounded constructors, wire serialization or protocol option cases reviewed; retain direct semantic coverage.
crates/beryl-home-store/src/codec.rs	8b416ea47cd27e26992f25cb12c19d065893d4f0	12600	411	source	audited	full_bodies		L1-411: Schema macro, exact codec types, bounds and typed page wrappers; retain typed record envelope and finite page contract.
crates/beryl-home-store/src/command.rs	04ca3cee0971beb62bd1efa75435399887f98cfd	21466	603	source	audited	full_bodies	HS-005	L1-603: All reservation, mutation-builder and command builders; retain exact typed bounds, duplicate-key refusal and reserved custody.
crates/beryl-home-store/src/command/participant.rs	1a8d39810ceb5273e19ecbeab73b0730ff30307a	7823	272	source	audited	full_bodies	HS-005,HS-008	L1-272: All erased mutation/prepared/validation adapters; retain all-prepare-before-contribute ordering, simplify only private handoff/wrappers.
crates/beryl-home-store/src/command/result.rs	6f2302a02138b338058dce98e0a41461c02c96f4	26316	687	source	audited	full_bodies	HS-008	L1-687: All outcome/custody/finalization/receipt/error mappings; retain non-discardable custody and exact committed receipt classification.
crates/beryl-home-store/src/domain.rs	597abe2398787f69ca89065cea452d798dc50fd4	19418	570	source	audited	full_bodies	HS-001,HS-008	L1-570: All domain traits/errors, owner/handle and registry bodies; blueprint/registered metadata copies can share declaration representation.
crates/beryl-home-store/src/domain/attachment.rs	0328a3db73fb34c3b786cd0f2084180bebd3779f	10556	303	source	audited	full_bodies	HS-008	L1-303: Factories, slots, capability access, finalization, test seam and Drop; retain synchronous one-owner attachment retirement.
crates/beryl-home-store/src/domain/callback.rs	896d5adea131aa26ea157cc6228735b5ad51ae27	3964	98	source	audited	full_bodies	HS-004	L1-98: Typed error erasure and both severity classifications; share acquisition provenance but preserve ordinary/reconciliation distinction.
crates/beryl-home-store/src/domain/definition.rs	7cff9d5650c0e506c5a0c532cfc30ba76fac86e6	3652	99	source	audited	full_bodies	HS-008	L1-99: Blueprint validation/construction and static callbacks; retain schema/codec admission and reuse immutable declaration.
crates/beryl-home-store/src/domain/registration.rs	8fe41e0fe0d673ec53aa6228e4f564ad66672321	22580	619	source	audited	full_bodies	HS-001	L1-619: Registration, scrub, handle resolution, family creation/open, persistence and validation; share repeated existing-family opening.
crates/beryl-home-store/src/domain/reopen.rs	ca9f6be8c027856bcddde62d6f6516525efe87c5	3370	89	source	audited	full_bodies	HS-001	L1-89: Registry reacquisition, schema validation and families; repeated opening/declaration work can be consolidated with registration.
crates/beryl-home-store/src/domain/validation.rs	81777478bac2ae7d24bd16097d64411a79fbc684	1853	63	source	audited	full_bodies	HS-008	L1-63: Complete exact-family validation and callback mapping; retain exhaustive physical scan separate from routine recovery.
crates/beryl-home-store/src/error.rs	4b3b698bc165a21ccecf723e3d437eac283dd06d	8123	241	source	audited	full_bodies		L1-241: All open/close error variants and custody-preserving close error; preserve provenance and recovery of still-owned store.
crates/beryl-home-store/src/fault.rs	ce149626d3ec478aa31bb30e201a544584b6fe55	11608	365	source	audited	full_bodies		L1-365: Both cfg controllers, scope identities, queues, block and free-space seams; retain deterministic concrete faults.
crates/beryl-home-store/src/fault/corruption.rs	d2146f9a3506fb6e62a912194cc2eef21cb0730e	9487	269	source	audited	full_bodies		L1-269: Writer-admitted codec-rejected fixture injection, bound checks and panic/failure paths; retain constrained test-only corruption seam.
crates/beryl-home-store/src/fault/maintenance.rs	6239962292feb71073c1ae6c583df2b55b374227	1305	31	source	audited	full_bodies		L1-31: Retained-terminal injection and assertions; retain exact independent Fjall/home health transition evidence.
crates/beryl-home-store/src/footprint.rs	daa7de87410f25d3e58569b485b60a3bc18a61f0	10651	313	source	audited	full_bodies	HS-007	L1-313: All footprint composition and cfg(test) module; source test hardcodes 26 instead of executing metadata encoding and can be removed.
crates/beryl-home-store/src/free_space.rs	5eb29478c27afbf6875bc3fd012ab6392ad3ced0	3968	126	source	audited	full_bodies		L1-126: Four-outcome classification and Windows/non-Windows observations; retain one observation with no poller or reservation.
crates/beryl-home-store/src/header.rs	00908933790bc5fbd5bcd0821f34b4067aaae27d	3024	92	source	audited	full_bodies	HS-010	L1-92: Exact fixed header codec and errors; small format-specific boundary does not justify serialization dependency.
crates/beryl-home-store/src/health.rs	8289e4b4f5eb7a1b7ce5ff099bec395a6b9693a0	14815	513	source	audited	full_bodies	HS-008	L1-513: Admission/nesting, error classification, recovery/drain and Drop; one-variant Maintenance dispatch can collapse to recovery-specific state.
crates/beryl-home-store/src/layout.rs	bbbc66f1156158cf2fa2781bf74ead9c68fe2291	4262	129	source	audited	full_bodies		L1-129: Fresh/existing layout checks and both reparse cfg paths; retain marker-based routing and refusal to initialize over foreign data.
crates/beryl-home-store/src/lib.rs	35b1c147a7fb4fbf90a80002804ad52b76298e4f	17056	355	source	audited	declarations_only		L1-355: All module/export/cfg declarations; package facade retained; no implementation body hidden by re-exports.
crates/beryl-home-store/src/metadata.rs	e4d7c7f12ce529832638ef264e7dff703f2eb188	8781	246	source	audited	full_bodies	HS-010	L1-246: All metadata/revision codecs and test seams; retain exact V1 layout; replace owned declaration reconstruction where feasible.
crates/beryl-home-store/src/ownership.rs	83fd8b473c2ee9ebc0d749978d5cde3c0dd79599	1795	59	source	audited	full_bodies	HS-008	L1-59: Platform selection and lock custodian; retain reconciliation-owned lock lifetime.
crates/beryl-home-store/src/ownership/unsupported.rs	3dae5ec5dc50ebbb372caadcf5d2f4662c4d2b07	1842	56	source	audited	full_bodies		L1-56: All unsupported-platform methods and test cfg paths; explicit unsupported lock contract retained.
crates/beryl-home-store/src/ownership/windows.rs	0128f79b5269c7dc19d2720370233c9055e34860	10339	307	source	audited	full_bodies	HS-008	L1-307: Canonical path, exclusive lock, release, volume and error helpers; retain NTFS tier detection and process lifetime ownership.
crates/beryl-home-store/src/proof.rs	1f8743f9e47ca7c8dea16fcc17404e931898cca8	13187	410	source	audited	full_bodies		L1-410: All protocol macros/roles/correlation/error bodies; retain private domain callbacks and sealed process-local protocol identity.
crates/beryl-home-store/src/proof/command.rs	a007e9eb92e6ed484cb644601b821a27a19324d3	6124	187	source	audited	full_bodies	HS-002	L1-187: Identity allocator/test seam and complete builder/seal; unique paired command identity permits smaller receipt fence representation.
crates/beryl-home-store/src/proof/execution.rs	6390a187bf0324acfde56a15c661bad35c6e35eb	6430	172	source	audited	full_bodies	HS-002	L1-172: Admission, coherent snapshot, every role fence and proof callback; success establishes all sealed role/revision fences.
crates/beryl-home-store/src/proof/receipt.rs	1477988bdc68cbf96bcce41ff27e4c76177861fc	7605	211	source	audited	full_bodies	HS-002	L1-211: Both receipt structures/constructors and consuming checks; repeated sealed-plan fields can collapse around unique command identity.
crates/beryl-home-store/src/read.rs	fd7c709e73f9e2dbadca3d6484598c00af58a138	19490	574	source	audited	full_bodies	HS-004,HS-010	L1-574: Every reader, registration failure recorder, home read wrapper and metadata/error helper; share typed acquisition provenance.
crates/beryl-home-store/src/read/execute.rs	4d898ad60ea53175900144107f3709e4a4c38934	15103	463	source	audited	full_bodies	HS-004	L1-463: All point/cursor/exhaustive reads, key/value codecs and bounds; retain metadata-first acquisition and distinct caller/stored errors.
crates/beryl-home-store/src/reconciliation.rs	76a273fca9aa7392fa8b05d9bc775399a582fd54	19806	559	source	audited	full_bodies	HS-003,HS-008	L1-559: Every flight/worker/classification/collision body; closed facts have no read consumer; compacting further requires contract change.
crates/beryl-home-store/src/reconciliation/reader.rs	f6642beb76176753a5d0b5b530b56370839fdfae	5286	173	source	audited	full_bodies	HS-004	L1-173: All descriptor-only record reads and decode helpers; raw Fjall error boxing differs from ordinary classified acquisition.
crates/beryl-home-store/src/reconciliation/registry.rs	fc5a3f6e6d0509259268ecb16baecf5baa5b6e5a	11831	359	source	audited	full_bodies	HS-003,HS-008	L1-359: All reservations, handles/retry, installation, charge/core release and close; retain exact custody and terminal flight authority.
crates/beryl-home-store/src/recovery.rs	9e94fd3537aa600db7a5c5bdab291758c3eba0f2	18898	514	source	audited	full_bodies	HS-001	L1-514: Candidates, abort/drop, reopen and control validation; control rereads duplicate opener/reacquisition inside unpublished generation.
crates/beryl-home-store/src/scrub.rs	ae86db363451a95a81719ffa7a613db6406104c2	10763	350	source	audited	full_bodies		L1-350: Full coalesced worker state machine, panic/join and test seams; retain single-flight with at most one pending rerun.
crates/beryl-home-store/src/sidecar.rs	2ae1d0e7b0c63a761585ba751b22942d01a25cc9	8128	289	source	audited	full_bodies	HS-010	L1-289: All typed identities, tokens/verifier and failures; preserve independent physical sidecar durability contract.
crates/beryl-home-store/src/sidecar/io.rs	387f46b4db8eb89e87936ef34ec2d3e93212e08b	7911	258	source	audited	full_bodies	HS-010	L1-258: Directory chain, final verification, hashes, paths and classification; retain barrier repair and exact reuse comparison.
crates/beryl-home-store/src/sidecar/operations.rs	afa0bc461c41567bec991738585489cd8d124d4a	7513	219	source	audited	full_bodies		L1-219: Admission, verification, publication/reuse and fault cfg; preserve staged bytes then metadata ordering.
crates/beryl-home-store/src/sidecar/platform.rs	760ca6a6207b2e42fe26295211fcf103bb5ea7c5	8758	254	source	audited	full_bodies		L1-254: All Windows and non-Windows operations, retained handles, object checks and test seam; custom durable publication is not generic temp-file cleanup.
crates/beryl-home-store/src/store.rs	11c985c81ec61fd62c337ba86fc773ad883d48b7	14348	417	source	audited	full_bodies	HS-008	L1-417: All options/open/close/generation teardown/identity/Drop bodies; retain candidate-owned database and registry/lock retirement order.
crates/beryl-home-store/src/store/opening.rs	4b19218083ffce21a1328d354b19556d5a4095f0	13559	424	source	audited	full_bodies	HS-001,HS-010	L1-424: Fresh/create and existing/recover, header/revision verification, bounded acquisition; duplicate recovery control validation can be deleted.
crates/beryl-home-store/src/store/profile.rs	bcbf505c7806d10889e187e7c49e866ae1ed1363	2093	60	source	audited	full_bodies	HS-010	L1-60: Whole immutable production policy construction and accessors; retain configured dependency limits; no exact allocator accounting present.
crates/beryl-home-store/src/successor.rs	30f7c98ac2ea8025bcc5768394adc3162359c3fb	16362	461	source	audited	full_bodies	HS-003,HS-004	L1-461: All static source/asset adapters, fixed three-check execution and diagnostic hashing; fixed successor protocol already simplified; unused collision diagnostics remain candidate.
crates/beryl-home-store/src/successor/execution.rs	d37ca8bd0088e6d76b899db0dbe2f8d4586315af	6850	169	source	audited	full_bodies	HS-003	L1-169: Every admission/role/correlation condition and execution result; retain exact optional witness shape; diagnostic-only fields can be reconsidered.
crates/beryl-home-store/src/theme.rs	1b8ede5bb5becb952bacc29ce6781fbe223c26eb	607	16	source	audited	declarations_only		L1-16: All theme module/export declarations; retain facade.
crates/beryl-home-store/src/theme/operations.rs	6f0c89703f28da83b9a9f52a36175eb840bcabab	39587	1134	source	audited	full_bodies	HS-006,HS-010	L1-1134: All snapshot/range/document/install/delete/manifest/reconciliation/staging/hash/barrier helpers; share physical replacement and remove redundant private arguments.
crates/beryl-home-store/src/theme/platform.rs	8064a8ca75ee66d06236daf10871c2d2d865de70	2015	63	source	audited	full_bodies	HS-006,HS-010	L1-63: Both replace cfg implementations and directory synchronization; retain replacement versus no-replace distinction from sidecars.
crates/beryl-home-store/src/theme/types.rs	14ab2f9b9d1dff90795f71584b020356fc0915c9	10162	372	source	audited	full_bodies	HS-006,HS-009	L1-372: All identity/limits/evidence/watch types, accessors and subscription Drop; fixed tiny evidence accounting merits contract simplification.
crates/beryl-home-store/src/theme/watcher.rs	40ee9a2b33219c287b848d62c201e4ee8342df8a	9621	301	source	audited	full_bodies	HS-009	L1-301: All queue/subscription/shutdown, bounded polling/hash observation and diff emission; mature notify backend rejected as a drop-in because Windows Drop does not join its worker.
crates/beryl-home-store/src/turn_start_admission.rs	31bdd3c54282e3623559b2be332598e41928167d	6031	154	source	audited	full_bodies		L1-154: Requirement constructors/accessors and drift/overflow errors; preserve typed owner-derived operation envelope and independent reserve.
crates/beryl-home-store/src/writer.rs	55beb2d2bdb322fc908a23074bd3a8039d8789e5	34494	925	source	audited	full_bodies	HS-005,HS-008	L1-925: Full current/ordinary admission, preparation, reservation materialization, three-way commit/finalization; current command duplicates locked snapshot fence acquisition.
crates/beryl-home-store/src/writer/batch.rs	1c23c16e41d315f5bcd2a54e5c71f2ad9c6c2af0	4958	151	source	audited	full_bodies	HS-005	L1-151: Full batch metadata encoding, totals and fork capacity admission; retain precise fork capacity and atomic cross-domain assembly.
crates/beryl-home-store/src/writer/command_error.rs	6bb291f393f1c91dd526be29c5d39d87c4414f37	7953	206	source	audited	full_bodies		L1-206: Callback provenance and determinate/indeterminate health classification; retain independent structural-failure distinction.
crates/beryl-home-store/src/writer/fault_context.rs	ff35601e1140712b8506fbe17c318f8c3507cb0f	693	28	source	audited	full_bodies	HS-005	L1-28: Both feature-cfg context constructors; scoped current-command fault identity is required test isolation.
crates/beryl-home-store/tests/bounded_reads.rs	a92bf4571cf47bc592b2de2092bdb23a0d23986c	5250	175	test	audited	full_bodies	HS-007	L1-175: Typed point/cursor order, exact bounds, reversed ranges and alias codecs; retain behavioral assertions.
crates/beryl-home-store/tests/callback_error_provenance.rs	f126cdf99840f8fbc0b8254cbc6f2bf700e49f7d	14801	453	test	audited	full_bodies	HS-004	L1-453: All fixture callbacks and error provenance cases; retain semantic/access distinction across registration and writer stages.
crates/beryl-home-store/tests/command_work_bounds.rs	bd7d93fe6d8420d209a16c16c581d8f461ebe2e8	5066	174	test	audited	full_bodies		L1-174: Full counted codec/mutation fixture; direct callback counters prove commands never scan domains.
crates/beryl-home-store/tests/committed_local_finalization.rs	cb6eb772fc4d959ab702a6998f0768106e3fc84e	9501	248	test	audited	full_bodies	HS-008	L1-248: All capabilities and callback assertions; exact receipt/domain/store/generation fences are observable and required.
crates/beryl-home-store/tests/crash_cut_points.rs	0113131f2af21199c78d9d31dcbccf25344d4ad9	3426	98	test	audited	full_bodies	HS-007	L1-98: Complete abort child and parent old/new durable-state tests; retain physical crash coverage.
crates/beryl-home-store/tests/current_domain_commands.rs	45587f12ad7c6efac7129243d62fa5b99da5b85a	6465	197	test	audited	full_bodies	HS-005,HS-007	L1-197: Complete blocked-writer, scoped fault and stale logical-validation tests; preserve writer-time revision capture.
crates/beryl-home-store/tests/domain_family_capacity.rs	eb830cc97520772fce3789d9fbc479deeb8ac276	15413	359	test	audited	full_bodies	HS-007,HS-010	L1-359: All codec macro expansions/declarations and exact metadata tests; consolidate duplicate family list, keep real encoded-byte boundary cases.
crates/beryl-home-store/tests/domain_registration.rs	351e0ad335666d265e78a7c625d873a1177a5af1	8551	251	test	audited	full_bodies	HS-001	L1-251: All physical corruption/setup helpers and schema/reacquisition cases; keep no recreation and routine-vs-full validation distinction.
crates/beryl-home-store/tests/domain_type_identity.rs	de474b29fffa781847f470ab1beb7da78e0ef988	5761	186	test	audited	full_bodies	HS-008	L1-186: Full alias codec/domain fixtures and assertions; static names cannot replace live Rust ownership.
crates/beryl-home-store/tests/durable_start_footprints.rs	24248743ad4af82b5106bdcb747e4684638e6c67	4282	120	test	audited	full_bodies		L1-120: All composition and fork framing assertions; retain domain-derived maxima and reject incompatible participant kinds.
crates/beryl-home-store/tests/exhaustive_domain_validation.rs	4955c281efc7b33c3cd7cc9be95c453d7a47051f	10353	333	test	audited	full_bodies		L1-333: Every strict/sentinel codec and raw corruption case; retain exhaustive validation only at explicit boundaries.
crates/beryl-home-store/tests/fixed_digest_home_proof_protocol.rs	adbe22c45c5d95f92e4c016f44bcf9b635e33b32	4129	118	test	audited	full_bodies	HS-002	L1-118: Complete fixed-digest macro fixture and matching/different ID cases; source/witness identity checks remain necessary before sealing.
crates/beryl-home-store/tests/free_space_reserve.rs	b3de2f41f4aab6463fe6107102da4dbd00c6ba3b	8318	246	test	audited	full_bodies		L1-246: Full derived footprint fixture and each independent physical observation; no cache or arbitrary total weakening.
crates/beryl-home-store/tests/health_recovery.rs	16dcd5697a6a27cc664f103bcd9cff9b7c67d4d3	8236	220	test	audited	full_bodies	HS-001	L1-220: All candidate abort/retry and layout/header replacement tests; consolidated recovery validation must retain exact HomeMismatch/layout errors.
crates/beryl-home-store/tests/home_aliases.rs	73178ab8cf0a24ca774d81b68b591ebeb07889f3	4370	125	test	audited	full_bodies		L1-125: All native Windows alias/junction helpers; canonical identity and lifetime lock tests retained.
crates/beryl-home-store/tests/home_opening.rs	b09fedaa04762b18b240012c5287cd71ad21271f	12303	346	test	audited	full_bodies		L1-346: All 17 fresh/existing admission cases and raw Fjall fixtures; destructive fallback rejection remains required.
crates/beryl-home-store/tests/home_ownership.rs	e554fc529a59cb3bb6428f8443f5166391e73144	5447	154	test	audited	full_bodies	HS-007	L1-154: Complete process child/Holder/Drop lifecycle; reuse bounded child guard in other process-cut fixtures.
crates/beryl-home-store/tests/maintenance_health_publication.rs	fe98039ed8a621bdedc163967cacd97d194abb5d	2710	94	test	audited	full_bodies		L1-94: All receipt/sidecar maintenance-terminal probes; retain unobserved engine terminal publication.
crates/beryl-home-store/tests/parent_forced_termination.rs	45aa07109fab8adfb404989165b7781e6d829109	5084	149	test	audited	full_bodies	HS-007	L1-149: Full child thread/marker, parent kill and durable old/new assertions; share physical-cut helper lifecycle only.
crates/beryl-home-store/tests/persisted_corruption.rs	a92652ffa8af844b40645bd51c475d1f4e92b813	15537	474	test	audited	full_bodies		L1-474: Full codecs/reentrant mutation and every corruption seam bound case; retain exact-family/type/provenance controls.
crates/beryl-home-store/tests/proof_command_identity.rs	2aba5acdafaa4f3fb277ecf6df6cc05611a75da5	600	17	test	audited	full_bodies	HS-002	L1-17: Complete isolated production allocator exhaustion check; non-reuse permits compact private receipt seal.
crates/beryl-home-store/tests/proof_composition.rs	7f705127543bfcb7caffbf88b5034b06bbbe39f1	40920	1174	test	audited	full_bodies	HS-002,HS-007	L1-1174: All 1174 lines including role macros, callbacks and concurrent snapshot/consumer cases; exact command identity rejects substitution without duplicated role-fence arrays.
crates/beryl-home-store/tests/read_health_classification.rs	a9ecbb5a4d88c0035cf1a6696f3eb73425423166	9152	284	test	audited	full_bodies	HS-004,HS-007	L1-284: All corruption and admission publication races; share physical read classification without changing corruption-vs-budget precedence.
crates/beryl-home-store/tests/runtime_attachments.rs	2f2bdcc4b8e321d54a3a7026179a7dc7bebd0d8c	22694	695	test	audited	full_bodies	HS-001,HS-008	L1-695: All factory/counters/macros and construction/abort/recovery/type/finalization cases; retain exact one-time retirement and slot ownership.
crates/beryl-home-store/tests/sidecar_durability.rs	b2fc7cac81bf2987690e3a67dbe65d6c5f84c14e	12528	370	test	audited	full_bodies	HS-007	L1-370: All publication/fault/obsolete-token/crash and recursive fixture helpers; retain inert residue and final path immutability.
crates/beryl-home-store/tests/sidecar_physical_faults.rs	50eb1171b4f895a78397913a1262167333fad2e5	7056	210	test	audited	full_bodies	HS-010	L1-210: All OS-error-tier, final-barrier, truncation and verification cases; retain exact physical provenance.
crates/beryl-home-store/tests/sidecar_publication_barriers.rs	607eb0d5e297aa95ad903da9aac798e401568656	11813	323	test	audited	full_bodies	HS-010	L1-323: All four-barrier, concurrent collision, symlink/junction and replacement tests; atomic-write crates cannot erase verified publication barriers.
crates/beryl-home-store/tests/sidecar_reopen_validation.rs	95f5c1ec0266bb56bfbcc47e2c3f05bdc051e490	10665	318	test	audited	full_bodies	HS-010	L1-318: Full reference codec/mutation and explicit validator tests; preserve explicit-only exhaustive reopen checks.
crates/beryl-home-store/tests/successor_reconciliation.rs	16881b1f3d71fd9ec259ce44951d829b26c83046	99	4	test	audited	declarations_only		L1-4: L1-4 facade declares only feature cfg and the support test module; full support bodies audited separately.
crates/beryl-home-store/tests/successor_reconciliation/support/flight_capacity.rs	28611b0dad59d8c0dbb4bebcdc2949982e369e00	6556	169	test	audited	full_bodies	HS-003	L1-169: Complete shared flight/memoized retry and retained descriptor-capacity tests; preserve custody and one active resolution.
crates/beryl-home-store/tests/successor_reconciliation/support/mod.rs	647b4f16e05cfacd4542434c25d42bb6aba8facb	18358	543	test	audited	full_bodies		L1-543: All fixture types/macros/hooks and exact successor/asset admission adapters; diagnostics are not consumed by fixture assertions.
crates/beryl-home-store/tests/successor_reconciliation/support/ordinary_source.rs	6a2bfbbefcf40a00fffc818f1a9d01f7e5b7bd65	9917	259	test	audited	full_bodies	HS-003	L1-259: Every old/new/passive/source ordering case; preserve exact admission and deterministic precedence while deleting inaccessible archive only.
crates/beryl-home-store/tests/successor_reconciliation/support/witness_adversarial.rs	d171626f9fdca0291e31f427b230ea6a1a25787b	11994	325	test	audited	full_bodies	HS-003,HS-004	L1-325: All three-head truth-table, malformed expected/current and capacity cases; source/asset binding and decoded-limit-before-acquire semantics retained.
crates/beryl-home-store/tests/support/fjall.rs	fdd2b841cf1aac55b58eaeb05f8af5c1a436fb39	1323	36	test_support	audited	full_bodies		L1-36: Complete fork fixture policy construction; already shared and no replacement justified.
crates/beryl-home-store/tests/support/mod.rs	fce3d39b5277e584728e6e374aeb47cc48a7c6c3	12338	391	test_support	audited	full_bodies	HS-007	L1-391: All shared domain/codec/mutation macros and errors; extend responsibility-named helpers to remove repeated byte put/read and empty domain boilerplate.
crates/beryl-home-store/tests/targeted_reconciliation.rs	871957e8e4c51ced3e99053a67bbc569147a138a	34095	936	test	audited	full_bodies	HS-003,HS-008	L1-936: All 936 lines including hooks/codecs, charge replacement, joined retries and collision custody tests; archive data never inspected while lifetime and charges remain observable.
crates/beryl-home-store/tests/theme_repository.rs	dfbcb9378373d98ce8a579a7b1a37cfea2247e7a	15053	465	test	audited	full_bodies	HS-006	L1-465: Every opaque physical snapshot/install/replace/delete/reconcile and fault-cut case; shared staging replacement must preserve manifest-last and three-way classification.
crates/beryl-home-store/tests/theme_watcher.rs	cc3373ef12b43439c6398288af5d4e407e8b7ddb	4572	122	test	audited	full_bodies	HS-009	L1-122: All hint, filtered name, coalescing/overflow and subscription shutdown cases; native event candidate needs exact adapter and platform validation.
crates/beryl-home-store/tests/typed_commands.rs	fc313a1deccb45e770c5dca5225779ab6f0f5468	17331	504	test	audited	full_bodies	HS-007	L1-504: All mutation/cancel/reentry fixtures and atomic revision, receipt identity and child-abort tests; preserve admission ordering.
crates/beryl-home-store/tests/validation_participants.rs	e10d61848ab3543734ec855317cec27e7a92ff54	15408	446	test	audited	full_bodies	HS-005,HS-007	L1-446: All typed validators, callbacks, cancellation, duplicate roles and atomic outcome cases; reuse fixture read/commit helpers only.
crates/beryl-home-store/tests/validation_sidecars.rs	d5a716d4f0c0a8ad1741f71a2506ba31dbd9b570	6066	171	test	audited	full_bodies		L1-171: Complete access-vs-semantic fixture and retained sidecar outcome; metadata failure must not undo durable sidecar bytes.
crates/beryl-home-store/tests/whole_home_scrub.rs	8e4324a2aa097f9152b32e6b07fb4f9d005523f0	5014	153	test	audited	full_bodies		L1-153: All counted full-validator and coalesced terminal race fixtures; keep one flight and corruption-triggered rerun.
crates/beryl-home-store/tests/writer_concurrency.rs	17448313e2618ce1dc0951c5a82c6e2dfc9e446f	8242	264	test	audited	full_bodies	HS-005	L1-264: Complete assembly barrier fixture and typed-reader/cancel races; writer exclusivity does not require blocking snapshots.
crates/beryl-home-store/tests/writer_physical_faults.rs	1216bf476ab830c14b3736c4cb47c3b7e8064582	32185	886	test	audited	full_bodies	HS-007,HS-008	L1-886: All 886 lines including large quota fixtures, custody install/drop/close, fork physical failures and recovery retry; retain SyncAll, three outcomes and non-discardable custody.
crates/beryl-model/src/asset.rs	780385e2e1b4d5da9b5ebdbc07e56ffd2f6065a6	13319	463	source	audited	full_bodies	MS-001,MS-006	1-463; AssetId/label/proof constructors and getters, both summary digests, all error bodies inspected; distinct proof domains retained.
crates/beryl-model/src/availability.rs	47a62141ff782f4a3787c00e0c0f9832a49e1a6e	1330	33	source	audited	full_bodies	MS-006	1-33; complete Availability/UnavailableReason declarations and derives; bounded observed state retained.
crates/beryl-model/src/ids.rs	01ba34c21f5ac78efb780e9a3b8d54748b9146b2	9330	305	source	audited	full_bodies	MS-001,MS-006	1-305; stable_identity macro parser/format/serde visitor and every invocation; draft transitions/content digest derivation; typed exact prefixes retained.
crates/beryl-model/src/lib.rs	4d83bd1e2c3d0c6f39f1f782ac619bf4171ab112	4059	98	source	audited	full_bodies	MS-006	1-98; complete modules/re-exports and embedded examples inspected; pure shared boundary retained.
crates/beryl-model/src/placement.rs	965eb7bcd238d07743478c241045cce98dc32296	5276	190	source	audited	full_bodies	MS-001,MS-006	1-190; MonitorId validation/serde, WindowBounds and all placement constructors/getters; nonzero geometry and exact hints retained.
crates/beryl-model/src/provenance.rs	4d7944a2b06624dc8e2fb177332ae5df41e35eaf	3723	118	source	audited	full_bodies	MS-006	1-118; bounded_external_value macro constructor/serde/format and all invocations plus Provenance variants; exact bounded external values retained.
crates/beryl-model/src/recovery.rs	ff436cc2ef4fe5d5ff6caaefdc0f06c8cbcdfdcc	8681	222	source	audited	full_bodies	MS-001,MS-006	1-222; RecoveryItemSequenceAccumulator new/begin/update/finish_item/finish and role/error bodies; incremental domain-specific digest retained.
crates/beryl-model/src/revision.rs	58f15cb2fc9051acb7e82b3abaa179805ff726b6	3376	118	source	audited	full_bodies	MS-001,MS-006	1-118; typed_revision macro full bodies and all invocations; nonzero/overflow and scope separation retained.
crates/beryl-model/src/runtime.rs	b7e2474b82e0d2fe2eb600dbde2d89849dce3a06	10851	364	source	audited	full_bodies	MS-001,MS-006	1-364; bounded_text, Windows/POSIX syntax checks, all path/runtime constructors/serde/getters and binding; pure foreign-runtime validation retained.
crates/beryl-model/src/syndic.rs	7ce6ec546dad866522ec7b38b7c25dd31f476066	7136	226	source	audited	full_bodies	MS-001,MS-006	1-226; fixed_digest/cas_generation full macros, profile/context/native-turn/session values and all methods/errors; domain separation retained.
crates/beryl-model/tests/asset_identity.rs	a669b3511527eeadd8259d3ea0f77d46d272ddab	8282	227	test	audited	full_bodies	MS-005,MS-006	1-227; all seven test bodies, exact vectors, label extremes, count mismatch and asset/order sensitivity; redundant digest setup identified.
crates/beryl-model/tests/identities.rs	6ce953f3452ed2906f223ef830728ce61b24810c	2626	96	test	audited	full_bodies	MS-006	1-96; all four test bodies; exact text/serde roundtrip, prefix separation and malformed input rejection retained.
crates/beryl-model/tests/recovery_sequence.rs	50cdd7bbfdd233caeb168eb177a7c30d98168510	1633	50	test	audited	full_bodies	MS-006	1-50; both test bodies; fixed V1 recovery digest and ordinal/unfinished-item rejection retained.
crates/beryl-model/tests/runtime_values.rs	e21857cf6ecd33c7707b68c84f0df2e22874b7f1	2743	87	test	audited	full_bodies	MS-006	1-87; all five test bodies; exact WSL name, absolute/foreign syntax, binding and serde validation retained.
crates/beryl-model/tests/shared_values.rs	44879718523849e9f866030f5c09bb8e823ac6aa	3167	88	test	audited	full_bodies	MS-006	1-88; all five test bodies; revision zero/overflow, placement, availability and bounded provenance retained.
crates/beryl-model/tests/syndic_values.rs	5cfc92c5aefb9785b56699b3132d57e1b19c3982	3115	92	test	audited	full_bodies	MS-006	1-92; all seven test bodies; typed IDs/digests/revisions, draft transition, CAS generations/count and profile retained.
crates/beryl-state/src/asset.rs	af59137b7b5aced4d9b395eebe32cfb15d664377	19147	555	source	audited	full_bodies	ST-001,ST-010	1-555 all seven-family registration/reconciliation, sidecar binding, bounded reads, public contributions and cfg fault hooks; facade/page/point-limit boilerplate candidates.
crates/beryl-state/src/asset/codec.rs	eeee487695e7c6a98ea78d0a0bd89d0435429cf4	15289	412	source	audited	full_bodies		1-412 all seven strict V3 family key/value codecs; retain exact tags, ordered keys and widths.
crates/beryl-state/src/asset/codec/parts.rs	9db7539dcc5892832de321a7df4bbea6449755ff	6807	202	source	audited	full_bodies		1-202 all asset/dimension/summary/sealed-proof/owner/optional ordinal codecs and error adapters; common binary primitives already reused.
crates/beryl-state/src/asset/completion.rs	645edb869a2d05134a83d622d43d69d5dae827fc	3986	102	source	audited	full_bodies		1-102 all initial/advance/seal commitments, lifecycle/authority/counter/empty checks; opaque staging authority and durable evidence retained.
crates/beryl-state/src/asset/digest.rs	38a845cc2e8e0e1ba293d7913c56fa711c992fb3	3726	99	source	audited	full_bodies		1-99 all five domain-separated SHA256 commitment/seed/advance routines; little-endian readiness protocol distinct from these big-endian V3 records.
crates/beryl-state/src/asset/draft_marker_label_readiness.rs	69d29dccd7be61cf3f774f4cf9862dbe6fd352c3	12571	364	source	audited	full_bodies	ST-010	1-364 all opaque errors, cfg read instrumentation, source uninhabited/proof witness callbacks, bounded canonical associations/dedup and exact five-point validation; page_correlation duplicates association_evidence bytes.
crates/beryl-state/src/asset/error.rs	6451bbb4dea99c1966d29e1efb0a6a7469cee893	12801	368	source	audited	full_bodies	ST-002	1-368 all eight errors, exact messages and Error/From/callback bodies; AssetMutationError source currently empty, preserve deliberately when deriving.
crates/beryl-state/src/asset/footprint.rs	3cfeff2708cc68446d2a56f36309171185ced8c0	2485	63	source	audited	full_bodies		1-63 both owner-transfer footprint APIs, checked calculations and cfg exact bytes test; distinct home-store footprint kinds retained.
crates/beryl-state/src/asset/model.rs	a2513da4c14d2021f3deaf2b511ed19e16fa78c7	11956	437	source	audited	full_bodies	ST-010	1-437 all bounded metadata/ordinal/manifest/proof/owner types and cfg corruption modes; local sealed-proof construction helper candidate.
crates/beryl-state/src/asset/mutation.rs	6d7727fb532167dee1c80ea38bf26d34e39ab20a	6992	209	source	audited	full_bodies	ST-010	1-209 all metadata prepare/reserve/contribute, building proof/evidence checks and typed point helpers; shared point-limit constants candidate.
crates/beryl-state/src/asset/mutation/owner_heads.rs	f1a2eb04e6df794ebcda51ce75ea669ede1b4fb7	10453	333	source	audited	full_bodies	ST-010	1-333 all assert/update constructors, bounded duplicate/no-effect admission, prepare/reservation/successor/contribution and exact proofs; keep validation-only contribution distinct.
crates/beryl-state/src/asset/mutation/owner_heads/successor.rs	aa64b9a31cd88254e15bae8f5df5868792ecb32f	2875	77	source	audited	full_bodies		1-77 full exact two-owner first-acceptance seed recognizer and submitted successor proof adapter; required cross-domain correlated recovery retained.
crates/beryl-state/src/asset/mutation/reference_sets.rs	39e456366589263050687bdba62eed12802c5d6d	14060	403	source	audited	full_bodies		1-403 all begin/append/seal constructors and one-pass preparation/reservation/contribution, marker uniqueness, label-first and three digest updates; retain bounded staging closure.
crates/beryl-state/src/asset/read.rs	7da4ec7902470e7bd5590d6cfa0d45abd286a3aa	5737	143	source	audited	full_bodies	ST-010	1-143 all building/completion/sealed reads and exact manifest/evidence verification; repeated manifest-to-sealed-proof construction can share pure helper.
crates/beryl-state/src/asset/test_support.rs	73f8c502b308564f168db0119ca02647c5eb5215	7459	217	source	audited	full_bodies	ST-010	1-217 all four cfg corruption/deletion mutations and current proof preconditions; deliberate bypasses retained.
crates/beryl-state/src/asset/validate.rs	f84567cb19d1daa8b37a729f86ce5eb1b79f095c	18131	476	source	audited	full_bodies	ST-006,ST-010	1-476 all seven exhaustive family traversals plus per-manifest bounded entry replay with sidecar mode, reverse indexes and exact digest checks; generic pagination only.
crates/beryl-state/src/asset/validate/range.rs	e36d2fd58e9110312218447555d012372d6c7965	4347	144	source	audited	full_bodies	ST-006,ST-010	1-144 all bounded typed sentinel ranges, page and point limits; retain field ordering and asset identity minima.
crates/beryl-state/src/catalog.rs	1729e69bff51cc53e58d3a836887f423750e9d22	19295	620	source	audited	full_bodies	ST-001,ST-002	1-620 full domain/point+page bounds/registration/reads/mutation wrappers/all errors/cfg hook; retain current-row proof semantics, consolidate error and facade boilerplate.
crates/beryl-state/src/catalog/acquisition.rs	43f6e8c021b756e4ce8fd6d92a0d716564e04cf5	9467	318	source	audited	full_bodies	ST-002,ST-007	1-318 full revision-bound scans, row-copy checks, typed current rows/claims and validator/errors; owned iteration can avoid deep row clones, preserve all point validation.
crates/beryl-state/src/catalog/codec.rs	7acf0dde1b8f561f6028eb149becc60730666ab5	10481	344	source	audited	full_bodies	ST-002,ST-003	1-344 all row/recency codecs and complete duplicate Encoder/Decoder/error bodies; shared primitives remove 76-182 while wire tags and limits remain.
crates/beryl-state/src/catalog/codec/parts.rs	826080041d2c3ccec9fbee29ef67cd03433e3490	11592	323	source	audited	full_bodies	ST-003	1-323 all sources/title/path/availability/claim/lineage/search encoders/decoders; identical host-path and unavailable-reason representation can reuse common encoding.
crates/beryl-state/src/catalog/error.rs	3b57d9ae9afab99b45f76bebeea24354ae918b5b	3338	106	source	audited	full_bodies	ST-002	1-106 full bounded text/error variants and Display/Error; preserve generated versus history title distinctions.
crates/beryl-state/src/catalog/mutation.rs	140de81e6acf0049bdaa50ab2f0a76f696905a3a	16477	488	source	audited	full_bodies	ST-007	1-488 full five mutation constructors/prepare/reserve/contribute and pair/index helpers; release/delete exact claimed-row validation duplicates with initial-revision polarity difference.
crates/beryl-state/src/catalog/normalization.rs	774a2a59309b8104e6816ab90a431ea884b5ef74	7225	245	source	audited	full_bodies	ST-008	1-245 full binary table lookup iterator/header checks and both cfg test bodies; fixed Unicode 17 R5 NFKC_CF plus NFC contract retained pending qualified dependency.
crates/beryl-state/src/catalog/row.rs	9c744bf7386698953e02ef789352b52d93015439	7019	279	source	audited	full_bodies		1-279 full facts/row/cursor constructors/accessors, lineage/claim validation and successors; retained bounded projection values.
crates/beryl-state/src/catalog/test_support.rs	a208e1bed0e9f02461183e906e83a37d352be288	1134	39	source	audited	full_bodies		1-39 full corruption prepare/reserve/contribute; used by path-included catalog tests, retain controlled index disagreement.
crates/beryl-state/src/catalog/validate.rs	b7049fbb6241a80fbc73c37592814f6883d6fa9f	4069	110	source	audited	full_bodies	ST-006	1-110 full two-direction bounded row/recency scans; share traversal only, retain exact copies and missing checks.
crates/beryl-state/src/catalog/value.rs	d50160ed3631f6ac07a54c2330ecd9820c41470f	12874	462	source	audited	full_bodies		1-462 full title/value/revision/search/source/lineage bodies; preserve per-field bounds and Unicode expansion limits.
crates/beryl-state/src/durable_job.rs	a52cc190f1326bf024722e1387f596258a302e27	18321	558	source	audited	full_bodies	ST-001,ST-002,ST-005	1-558 all domain registration/reconciliation, typed reads and transition contributions/errors; repeated acquisition/page boilerplate; provenance kept.
crates/beryl-state/src/durable_job/acquisition.rs	7fa600b806659092ce109d76500e2fb9e8b7f8b6	5944	184	source	audited	full_bodies	ST-002	1-184 thread_reuse_guard plus serialized validator, exact latest/job/live proof; retain separate snapshot validation.
crates/beryl-state/src/durable_job/codec.rs	d3d0f65221a6974589ff331c3e292b56776a6769	13956	409	source	audited	full_bodies		1-409 all five record/index codecs, ordered/sentinel legality and admissions; existing Encoder/Decoder reused; keep key order and strict schema.
crates/beryl-state/src/durable_job/codec/state.rs	ca1fedcc9c1765249766aa28a9d0c90554d9e705	8532	232	source	audited	full_bodies		1-232 all state/checkpoint/parent/CAS/failure encoding+decoding; shared failure matrix guards restored bytes; retain exact tags.
crates/beryl-state/src/durable_job/mutation.rs	6472b21e0ea3e370ffa9f8c87bbef0dce5aba70d	8800	250	source	audited	full_bodies	ST-005	1-250 admit prepare/reserve/contribute and all index/read/revision helpers; admission five-family closure distinct from transitions.
crates/beryl-state/src/durable_job/mutation/transition.rs	f546df2412175ca98b384b64a868986282dc2bb8	15426	505	source	audited	full_bodies	ST-005	1-505 all seven constructors and DomainMutation impls plus lifecycle/failure helpers; one closed transition candidate removes repeated reservation/contribution.
crates/beryl-state/src/durable_job/record.rs	56dd35c9690a7e02e684759b0d0b23eb3b4a9a20	15615	498	source	audited	full_bodies		1-498 all admission/record/accessors/lifecycle/checkpoint/failure compatibility; preserve 7-state matrix, no generic FSM dependency.
crates/beryl-state/src/durable_job/test_support.rs	0ff2e55955fd64b86b0f9637fc14a2049b5ed7c1	2380	73	source	audited	full_bodies		1-73 corrupt failure prepare/reserve/contribute fully read; deliberate incompatible-state injection must bypass normal matrix for decoder tests.
crates/beryl-state/src/durable_job/validate.rs	08f5db6146254508cf551e78e372c8f9cc2993d3	12720	328	source	audited	full_bodies	ST-006	1-328 full five-family bounded forward/reverse validation and latest/order checks; preserve scans only explicit exhaustive validation.
crates/beryl-state/src/durable_job/value.rs	cd64b4ab85fbf5fb1c38dc37e6ee2343bf840532	8957	322	source	audited	full_bodies	ST-002	1-322 all bounded text, IDs, ordinals, failure-kind/evidence bodies; retain feature-specific shape constraints.
crates/beryl-state/src/encoding.rs	b6d345c56ff364b32dcf73b23c94dc0b3dab32d4	11528	367	source	audited	full_bodies	ST-002,ST-003	1-367 full primitive/domain codecs and CodecError; shared checked binary primitives retained, error derive candidate.
crates/beryl-state/src/lib.rs	f4e55db78b651c3b17791661ca8c1b93bf5e54b7	12412	266	source	audited	full_bodies		1-266 full module/cfg exports and embedded examples; retained public typed ownership boundary, no dedicated old-doc cleanup.
crates/beryl-state/src/reconciliation.rs	c6d3a7231dcf76ee3cb85a956814992de28bc65d	2104	65	source	audited	full_bodies		1-65 classification and generic record loop; retained exact exclusive old/new monotonic reduction.
crates/beryl-state/src/runtime_root.rs	6076286f11a068b106f243c3996b5ca744b1ddb5	16905	557	source	audited	full_bodies	ST-001	1-557 all six-family domain setup/reconciliation, registration/record constructors/accessors, point/index/page reads and mutation wrappers; typed facade boilerplate candidate.
crates/beryl-state/src/runtime_root/catalog_source.rs	f38254cac98edd88cc50f3be0cfb81da3da16c07	5698	179	source	audited	full_bodies	ST-002	1-179 all source construction, point reads, serialized exact runtime/root/id-index checks, errors; preserve validation despite revision fence.
crates/beryl-state/src/runtime_root/codec.rs	f0c8446500796d5e53601cc5ee1374c5273eb9ee	12624	396	source	audited	full_bodies		1-396 all six codecs and sentinel key types; duplicate mode/label are required persisted facts; exact keys/order retained.
crates/beryl-state/src/runtime_root/error.rs	a093e6db381757b7ce850c2d7f8a7e24c392949e	4916	165	source	audited	full_bodies	ST-002	1-165 full mutation/validation error Display/source/From/callback bodies; error derive candidate retains direct-read provenance.
crates/beryl-state/src/runtime_root/mutation.rs	37c25600304df8bf0c56f5c302cd3df8a21e2b17	13369	417	source	audited	full_bodies		1-417 full create/add/availability/activity prepare-reserve-contribute and read/uniqueness helpers; distinct record closures retained, avoid generic CRUD framework.
crates/beryl-state/src/runtime_root/validate.rs	a6898e49c00caf6d676b5d7b5b868cbe3ddd138b	8462	246	source	audited	full_bodies	ST-006	1-246 full forward/reverse six-family validation and ScanKey/scan helper; reusable bounded traversal pattern candidate while retaining per-record checks.
crates/beryl-state/src/session.rs	fe49a89c0451e060e45621b7d5d39ee0ce4bb59e	14227	501	source	audited	full_bodies	ST-001	1-501 all domain setup/reconciliation, typed records/registration/contributions; preserve bounded generation and claim identities.
crates/beryl-state/src/session/acquisition.rs	48afc4b800dd359b289f8c7aaea1a36b822a4730	9445	289	source	audited	full_bodies		1-289 full source reads, bounded two-way claim audit, header fence and all cfg corruption mutation/hooks; retained distinct acquisition versus abandonment.
crates/beryl-state/src/session/bootstrap.rs	6937c7c165789b582195c110f5f1f13020c115e9	2644	78	source	audited	full_bodies		1-78 all point-read header/window validation including final header fence precedence over buffered record error; retained.
crates/beryl-state/src/session/catalog_source.rs	10560c665c4bb0bece6e2d1a3f72027f3ce9712e	5130	158	source	audited	full_bodies	ST-002	1-158 all public source construction and serialized two-way claim validation/error provenance; retain both validations.
crates/beryl-state/src/session/codec.rs	25ffc96dc1cbac560192256a167cb2304f7f2977	12106	363	source	audited	full_bodies		1-363 all four codecs, claim macro, fixed padding/capacity, optional targets/selections and strict tags; shared encoding already used.
crates/beryl-state/src/session/codec/placement.rs	a4e103b7f39bc9b70c9940fb4413ea626b9dbbfe	4628	145	source	audited	full_bodies		1-145 all fixed monitor/desktop/bounds codecs and zero padding checks; retained compact wire contract.
crates/beryl-state/src/session/error.rs	df135a587fe57ba5b44a18b98e5790d7ead58a8d	8799	286	source	audited	full_bodies	ST-002	1-286 all read/mutation/validation variants, Display/source/From/callback bodies; derive standard traits preserving callback provenance.
crates/beryl-state/src/session/mutation.rs	926b7c67aa817e4c2c756eac741f3e8ca2ef3280	309	10	source	audited	full_bodies		1-10 all module exports; no finding.
crates/beryl-state/src/session/mutation/create.rs	a0fcc80a33486c1c142cc676ee919d3d676a74dd	17668	542	source	audited	full_bodies	ST-004	1-542 all initialize/create/replace preparation, reservations/contribution and cfg reverse-corruption test body; retain distinct current-state checks.
crates/beryl-state/src/session/mutation/restore.rs	c91bd2bfdce68d89a0b4548d69fba46d71844ebc	8968	269	source	audited	full_bodies		1-269 all restore stale-claim sweep and activation lifecycle preparation/reservation/contribution; bounded generation cleanup retained.
crates/beryl-state/src/session/mutation/shared.rs	f8b45462dfa7576104ea1d9067c426ea3391b7fb	6607	205	source	audited	full_bodies		1-205 all header/window/claim proof helpers, paired writes and sorted reference operations; already consolidated local mechanics.
crates/beryl-state/src/session/mutation/window.rs	b997a49a78986b2d47e404c3503b683b6d830ab1	11369	357	source	audited	full_bodies	ST-009	1-357 all placement/removal/abandonment/orderly-exit commands; removal/abandonment duplicate published footprint with distinct preparation obligations.
crates/beryl-state/src/session/validate.rs	823d5652ab668d041c43c92cfc9b49cefbd9c803	7885	216	source	audited	full_bodies		1-216 all bounded single-page scans and bidirectional integrity checks; cardinality caps mean generic exhaustive multi-page visitor inappropriate.
crates/beryl-state/src/settings.rs	e457e163f32bdc33bde3c081a4f5fb88b6681d5b	7549	248	source	audited	full_bodies	ST-001,ST-002	1-248 all domain/record/state/read/page/contribution/error bodies; typed registration modes retained; page conversion repeated across domains.
crates/beryl-state/src/settings/codec.rs	e2a40f40f5a43a3cac742f41d4dc01200aafcb94	11277	360	source	audited	full_bodies	ST-002,ST-003	1-360 full key/value wire codec and private Encoder/Decoder/errors; 176-277 duplicates encoding.rs primitives.
crates/beryl-state/src/settings/mutation.rs	e45c81ecce33ba71848d46f5e6cd6a9db3687aaf	8405	290	source	audited	full_bodies	ST-002	1-290 all update admission/prepare/reserve/contribute/errors; atomic absent-or-exact loop retained; no generic CRUD framework justified.
crates/beryl-state/src/settings/validate.rs	81103e819435092779409d7ef41b7eb7207a6649	1986	51	source	audited	full_bodies	ST-006	1-51 full bounded validation loop; key identity check necessary, schema/value checks duplicate strict decode but too small to warrant separate project.
crates/beryl-state/src/settings/value.rs	4efaf4d9f3f735ed95ff9a00796f44044627f7cd	7081	227	source	audited	full_bodies	ST-002	1-227 closed key/value admission/accessors/errors; no arbitrary payload API; scalar semantics correctly caller-owned.
crates/beryl-state/src/state.rs	d20670baf66399f368d7c55ae9907284e22f4234	15592	463	source	audited	full_bodies	ST-001,ST-002	1-463 all StatePage/bootstrap/register/schema-validation/reacquire/candidate/accessor/error bodies; local repeated domain construction candidate, preserve mode differences.
crates/beryl-state/src/theme/command.rs	10b96c510fee5ed8227471649b1dff25fd7b2895	16094	573	source	audited	full_bodies	ST-002,ST-013	1-573 all seven command admissions, bounded reference guards/publication, private natural-identity and reconciliation descriptor; private wrappers discard validated documents and hold only manifest/operation.
crates/beryl-state/src/theme/document.rs	21db24cb9cad04c8eef6938da3a72841235171a0	30704	909	source	audited	full_bodies	ST-002,ST-011,ST-014	1-909 all streaming parser, role builder, byte/line limits, hand-written string/number lexing, mode-specific unknown handling, validation and canonical serializer; selective mature TOML primitives candidate.
crates/beryl-state/src/theme/execution.rs	a3bb1fa69ad7b4549f439d0e8bdfdae3c16de854	35417	1029	source	audited	full_bodies	ST-002,ST-012,ST-013	1-1029 all seven operation execution paths, full context validation, mutation scope/reconciliation, expected publication and exact commit evidence; repeated argument forwarding/shared manifest preparation and temporary Option payload candidates.
crates/beryl-state/src/theme/execution/transform.rs	49fc92b59b31144f27864093fa66425c1a51d38f	19545	607	source	audited	full_bodies	ST-012	Read every transform branch, bounded input/hash/pull-stream writer and reader implementation; two-pass digest before mutation retained; repeated context propagation covered.
crates/beryl-state/src/theme/identity.rs	74a2c8bbe75453dda3d2c8979ed5785f9da9e288	7883	287	source	audited	full_bodies		1-287 all identity/newtype macro/service counter/digest/freshness bodies; distinct physical generation/service-instance/observation identity retained.
crates/beryl-state/src/theme/manifest.rs	84ba5f72e39bf8c19bf7c87bf2323457e9f065ef	31558	879	source	audited	full_bodies	ST-002,ST-011	1-879 all bounded decoder/pending-record cursor, duplicate IDs, streaming encoder and lexical/line helpers/errors; retain 1024-entry and bounded pages; whole-document DOM forbidden by current authority.
crates/beryl-state/src/theme/mod.rs	d6c4116e2d80ef6e6ebb2c7faf47cb126018cec6	4048	96	source	audited	full_bodies	ST-002	1-96 all module exports and ThemeIdentityError Display/Error; public contract names retained.
crates/beryl-state/src/theme/model.rs	eae64372cfa4e5dfd6e53a2abb49103b40a41b7b	9988	385	source	audited	full_bodies	ST-002	1-385 all role/property/value/style/ambient types/admission and errors; exact #RRGGBB and finite bounded values retained.
crates/beryl-state/src/theme/physical.rs	36d55f1b335beff6342fabe9a5e565b5ac534dae	9180	266	source	audited	full_bodies		1-266 all physical limit admissions, identity mapping, range BufRead adapter and typed error carrier; retain bounded range and physical error provenance.
crates/beryl-state/src/theme/repository.rs	ace2761004b41effcef261621eb0469d539f6f34	9425	337	source	audited	full_bodies		1-337 all name/summary/selection/cursor/page/range/freshness wrappers and debug-error macro; preserve exact page identity/contiguous ordering.
crates/beryl-state/src/theme/resolver.rs	76dc928c40517c3c132b3ba2773173e7d23fdc75	11366	361	source	audited	full_bodies	ST-002	Read bounded diagnostic builder, parent-cycle validation, memoized resolution and all ambient paths; bounded canonical schema needs no graph dependency.
crates/beryl-state/src/theme/runtime.rs	6723249d23ec65d04f4cd012c58549078a5e0170	13820	434	source	audited	full_bodies	ST-013	Read all scope gates, retained reconciliation transitions, activity guards, diagnostics macro and source-local lifetime test; preserve RAII and collision custody.
crates/beryl-state/src/theme/schema.rs	90a9d42c3219ace80d01347858e8ec8e4356ccf2	30850	829	source	audited	full_bodies		Read full inventory, supported property matching, palettes and schema construction; declarative role data retained.
crates/beryl-state/src/theme/service.rs	59e4b0b8f896ece19f62b53d6e987e3f83d79130	33721	930	source	audited	full_bodies	ST-002,ST-012	Read every observation/manifest/document-load/freshness/watch/error branch; exact physical re-observation and bounded validation retained; reusable checked physical decoder/context candidate.
crates/beryl-state/src/theme/startup.rs	c03dcf0f8f32a1bb7ecff143ebe09fe5cca4ff81	9260	296	source	audited	full_bodies	ST-002	1-296 all prepared appearance/startup/fallback/refresh/live-edit acceptance and errors; preserve prior coherent appearance on invalid observed edit.
crates/beryl-state/src/value.rs	ada4c09502fd78bcf31ac7a95ed865925a6ec25f	3979	131	source	audited	full_bodies	ST-002	1-131 revisions/availability admission and errors; distinct domain revision and unknown-observation invariant retained.
crates/beryl-state/src/window_acquisition.rs	d01177a83c52fadcc18b2fcea96f26ab84b2df40	30875	899	source	audited	full_bodies	ST-002	Read all acquisition/known-thread/abandonment audits, session/catalog classifications, one-retained-row cancellable catalog scan and cfg hooks; preserve distinct point audit versus unknown-thread whole-catalog proof and exact origin closure.
crates/beryl-state/src/window_acquisition/tests.rs	47a3442694c1d667b47fce791a8b0ded9b7731c2	17215	540	test	audited	full_bodies	ST-004	Read every natural-state/corrupt-copy/staleness/cancellation/retained-row/point-only/reopen test and all fixture helpers; shared clean-outcome and acquisition fixtures candidate.
crates/beryl-state/tests/asset_owner_validation.rs	c5c254eec17727b0001f2782c972857dc23f02f4	8033	254	test	audited	full_bodies	ST-004	1-254 full probe domain/codec/mutation, metadata/sealed-set and command fixture helpers; duplicated assets fixture candidate.
crates/beryl-state/tests/asset_owner_validation_cases/absence.rs	e22e37b8d33a7cd277ff109635c251ced6d4f670	4596	140	test	audited	full_bodies	ST-004	1-140 both atomic foreign-domain absence validator and no-effect/shape admission tests; preserve receipt nonparticipation assertions.
crates/beryl-state/tests/asset_owner_validation_cases/corruption.rs	60eeb88512197cc4e8425f8458f2d3e00c662122	2443	71	test	audited	full_bodies	ST-004	1-71 full cfg same-set different full proof corruption/reopen rejection; retain exact invariant error.
crates/beryl-state/tests/asset_owner_validation_cases/present.rs	ddfd7003f519c764a13463c1f9a18095eca577f4	11848	326	test	audited	full_bodies	ST-004	1-326 both two-sided stray-owner/fresh-present/stale validation and mixed assertion/publication scenarios; keep cross-domain rollback and revisions.
crates/beryl-state/tests/assets_v3.rs	c5db7ff6f0eee88a666c343d381ebb70eec96d43	9595	292	test	audited	full_bodies	ST-004	1-292 all shared helpers and case mounts; consolidate metadata/sealed-set/summary setup; digest_vector ignores both content inputs.
crates/beryl-state/tests/assets_v3_cases/completion.rs	4566d7015a05a0a174eace2661df5a22ee6f785b	10573	290	test	audited	full_bodies	ST-004	1-290 all four building/exact-fresh-sealed/reminted-corruption/missing-evidence tests with cfg bodies and intermediate authority checks.
crates/beryl-state/tests/assets_v3_cases/digest.rs	80f3df31194ef9ceb642c4df449a6f2e72b9ab1a	934	24	test	audited	full_bodies	ST-004	1-24 entire digest sensitivity test; content-neutral comparison repeats identical effective inputs because helper ignores content parameters; remove vacuous vector and phantom parameters while retaining actual set/marker/label/asset vectors.
crates/beryl-state/tests/assets_v3_cases/lifecycle.rs	237fa36328a635f7dcf6bdc3216947bbd5331efb	9429	307	test	audited	full_bodies	ST-004	1-307 both 65-entry staged lifecycle/reopen/head detach and physical bound/unbounded asset length scenarios; preserve all read/index/wire assertions.
crates/beryl-state/tests/assets_v3_cases/owner_proof.rs	f8edfe9df9702cc30c21724db71c19b27fda4cec	7502	237	test	audited	full_bodies	ST-004	1-237 both all-five-owner roundtrip/atomic multi-head failure and all authoritative read proof checks; shared fixtures only.
crates/beryl-state/tests/assets_v3_cases/staging.rs	704de600da7f14fd6ec54ca8e46b25367510c18c	12707	377	test	audited	full_bodies	ST-004	1-377 all 1088-marker fixed-pages/byte clamp, four append rejections and forged summary tests; no scenario deletion.
crates/beryl-state/tests/catalog.rs	c09a4b9458160bdae11741f02bafcdb536dadc2b	28134	868	test	audited	full_bodies	ST-004,ST-007,ST-008	1-868 full path-included modules, fixtures/macros and all 16 scenario tests including every reconciliation side, freshness/copy/revision/order/query-bound condition; retain distinct behavior; fixture helpers shareable.
crates/beryl-state/tests/catalog_source_validation.rs	e16ba6a71c0363059eeb57165471e98ea5503f9a	6639	210	test	audited	full_bodies	ST-004	1-210 full joined catalog publish and same-revision stale source tests; important defense against merely trusting caller-selected revision; retain.
crates/beryl-state/tests/command_outcomes.rs	4a8ab84e0e770233da06cdc98d94f85ade0599fc	2975	81	test	audited	full_bodies	ST-004	Read all scenario bodies, setup/actions, assertions, macros, fixture data, helper and cfg paths; preserve semantic scenario and outcome distinctions; shared fixture/outcome plumbing candidate.
crates/beryl-state/tests/commit_receipts.rs	e9b6a38be5d81b29a947f3f8ba31cc5af308b59f	7037	243	test	audited	full_bodies	ST-004	Read all scenario bodies, setup/actions, assertions, macros, fixture data, helper and cfg paths; preserve semantic scenario and outcome distinctions; shared fixture/outcome plumbing candidate.
crates/beryl-state/tests/concurrency_core.rs	a09cf40e439cdcd81aa5e3c27ba6412bda62bb7d	13677	433	test	audited	full_bodies	ST-004	Read all scenario bodies, setup/actions, assertions, macros, fixture data, helper and cfg paths; preserve semantic scenario and outcome distinctions; shared fixture/outcome plumbing candidate.
crates/beryl-state/tests/concurrency_domains.rs	6bd1fcf02fda334c7e805b1a2e723af113bc737b	9580	305	test	audited	full_bodies	ST-004	Read all scenario bodies, setup/actions, assertions, macros, fixture data, helper and cfg paths; preserve semantic scenario and outcome distinctions; shared fixture/outcome plumbing candidate.
crates/beryl-state/tests/draft_marker_readiness_witness.rs	b1679a6741baa7f6f5bff5bf4bc8d6bf9f5add35	18077	567	test	audited	full_bodies	ST-004,ST-010	1-567 all source proof domain and fixture bodies, pinned digest/256-duplicate-read coalescing/shape/revision/missing authority and metadata tests; independent page correlation oracle retained.
crates/beryl-state/tests/durable_job.rs	afbe975e82007eb51d7831b26e7eb0bc34b6a3bb	17783	520	test	audited	full_bodies	ST-004,ST-005	1-520 full admission/reopen/idempotency/failure checkpoint/retry/terminal/success/text-bound tests; preserve identity/revision/live-index intermediate assertions.
crates/beryl-state/tests/durable_job_failure_compatibility.rs	fdc9cef66fc0a1d6c78b94336b98d6b790cbbdfa	8995	256	test	audited	full_bodies	ST-004,ST-005	1-256 full 88-case admission matrix, stage placement and fixture/oracle helpers; retain 30 accepted/58 refused assertions; oracle should be independent data not production predicate.
crates/beryl-state/tests/durable_job_failure_corruption.rs	4844c94c8a32fb59bce771462f391011ac7b3ade	7970	225	test	audited	full_bodies	ST-004,ST-005	1-225 full cfg corruption injector cases, fresh-home per invalid pair, routine versus exhaustive reopen checks; retain all 58 invalid pairs; share fixture data without production matrix reuse.
crates/beryl-state/tests/durable_job_schema.rs	1a99feb3d009f4ba78b8e285893225c4cf702990	6221	194	test	audited	full_bodies	ST-004	1-194 full raw five-family domain+passthrough macro and version read/scrub test; duplicate probe plumbing candidate.
crates/beryl-state/tests/notice_theme.rs	28264d9bc417f80f5198df2462e200d3bb73c89a	9154	336	test	audited	full_bodies		Read all scenario bodies, setup/actions, assertions, macros, fixture data, helper and cfg paths; retain independent expected role/color/typography data and severity hierarchy assertions.
crates/beryl-state/tests/record_versions.rs	2ada6cf58a03c0db7f9fcdcbbcd3517eebf6103d	7133	224	test	audited	full_bodies	ST-004	Read all scenario bodies, setup/actions, assertions, macros, fixture data, helper and cfg paths; share raw codec/probe plumbing while retaining explicit version fixtures independent from production.
crates/beryl-state/tests/recovery.rs	73e3d61a9c8f3cca54a6aa6c6c01200ac2eb4c9e	13629	405	test	audited	full_bodies	ST-004	Read all scenario bodies, setup/actions, assertions, macros, fixture data, helper and cfg paths; preserve semantic scenario and outcome distinctions; shared fixture/outcome plumbing candidate.
crates/beryl-state/tests/reopen_validation.rs	6b2a7b3938131ab875693b8d2f5e28279c86783e	9970	286	test	audited	full_bodies	ST-004	Read all scenario bodies, setup/actions, assertions, macros, fixture data, helper and cfg paths; share raw codec/probe plumbing; retain malformed bytes and bootstrap versus scrub boundary assertions.
crates/beryl-state/tests/runtime_root.rs	0111233e8e290f439249a2a13630cea3652f3db0	14631	452	test	audited	full_bodies	ST-004	1-452 full atomic create/concurrent duplicate/scoped uniqueness/activity/Host-WSL/availability/list-bound tests; distinct semantic assertions retained, clean-commit plumbing shareable.
crates/beryl-state/tests/session.rs	d10eed10a5ca6a7ed039a5fd6fe3b1f01a62cd0b	22786	672	test	audited	full_bodies	ST-004,ST-009	1-672 full six bootstrap/capacity/revision/restore/exclusivity/home-binding scenarios; repeated clean-commit setup candidate; all intermediate assertions retained.
crates/beryl-state/tests/session_schema.rs	975a196e71b681c9af45f759dc026706a91da145	16872	505	test	audited	full_bodies	ST-004	1-505 full four raw codecs/mutation/byte builders and all six padding/reverse-claim/generation/bound tests; raw plumbing shareable; independent byte fixtures retained.
crates/beryl-state/tests/settings.rs	ce9350f3759b7a6ea9d6c60168a2b85728de4174	15283	505	test	audited	full_bodies	ST-004	1-505 all scalar persistence/atomic rejection/revision/bounds/reopen tests and raw V2 probe; distinct scenarios retained, common successful-command and raw-codec setup candidates.
crates/beryl-state/tests/settings_schema.rs	db1ff696ede5c6819a78787e44f7a2a087a3cbbd	6453	212	test	audited	full_bodies	ST-004	1-212 raw domain/codec/mutation and unsupported scalar-schema read+scrub test; test behavior retained, probe plumbing shareable.
crates/beryl-state/tests/support/mod.rs	de5f9e4cfdbf3193b2ad875809b8be04cc60a165	3903	115	test_support	audited	full_bodies	ST-004	1-115 full open/runtime registration/execute/contributor helper bodies; expand existing support narrowly for repeated clean-commit assertions.
crates/beryl-state/tests/support/state_fixture.rs	a481240c0c3563e843b34b0b718ec941340e145a	6327	193	test_support	audited	full_bodies	ST-004	1-193 full fault-open/command/race/placement/target/job/catalog/asset identity helpers; preserve simultaneous start and one-success/one-conflict contract.
crates/beryl-state/tests/theme_documents.rs	8a93cf1357fcc9573553354afc56eb082286392c	2916	90	test	audited	full_bodies	ST-011,ST-014	Read all scenario bodies, setup/actions, assertions, macros, fixture data, helper and cfg paths; preserve semantic scenario and outcome distinctions; shared fixture/outcome plumbing candidate.
crates/beryl-state/tests/theme_execution.rs	0b467fa8c2cda967779657f591144557451b6912	39138	1157	test	audited	full_bodies	ST-004,ST-012,ST-013	Read all scenario bodies, setup/actions, assertions, macros, fixture data, helper and cfg paths; retain all exact old/new/collision, large-manifest, cap-before-stage, SaveAs and source-identity scenarios; consolidate repetitive setup only.
crates/beryl-state/tests/theme_identities.rs	03f35d1ceee7944ed2e68ecb4d5663a72431f6d6	2432	73	test	audited	full_bodies	ST-004	Read all scenario bodies, setup/actions, assertions, macros, fixture data, helper and cfg paths; preserve semantic scenario and outcome distinctions; shared fixture/outcome plumbing candidate.
crates/beryl-state/tests/theme_manifest.rs	f6b34e817ade4bdaf2d12bb0474ed0d1ed4469aa	371	15	test	audited	full_bodies	ST-011	Read all scenario bodies, setup/actions, assertions, macros, fixture data, helper and cfg paths; preserve semantic scenario and outcome distinctions; shared fixture/outcome plumbing candidate.
crates/beryl-state/tests/theme_physical_service.rs	be35f50ce3f3eb70df1c1c56d075169cd4e9137b	20536	599	test	audited	full_bodies	ST-004,ST-011,ST-012,ST-014	Read all scenario bodies, setup/actions, assertions, macros, fixture data, helper and cfg paths; retain physical race fault timing and bounded paged manifest validation; consolidate fixture setup only.
crates/beryl-state/tests/theme_semantics.rs	3cb0f12b5552a693e9fd6f5fabf7716dd46bf2d6	6043	203	test	audited	full_bodies	ST-004,ST-013	Read all scenario bodies, setup/actions, assertions, macros, fixture data, helper and cfg paths; preserve semantic scenario and outcome distinctions; shared fixture/outcome plumbing candidate.
crates/beryl-state/tests/values.rs	e3d092adf2bc81bf5dc0840cf14c7390f3d08a85	465	14	test	audited	full_bodies		1-14 two invalid-value assertions retained; no extra fixture abstraction justified.
crates/beryl-state/tests/window_abandonment.rs	ae4ea0bbfcac05a062a3dac7b7a760a3e7e5054d	20381	605	test	audited	full_bodies	ST-004,ST-009	Read all scenario bodies, setup/actions, assertions, macros, fixture data, helper and cfg paths; preserve semantic scenario and outcome distinctions; shared fixture/outcome plumbing candidate.
crates/beryl-state/tools/generate_nfkc_cf.rs	595aa0d73740cbc4b1cf157aa567daab3c147cc1	5787	166	source	audited	full_bodies	ST-008	1-166 full generator main/path/version/data/range/replacement parsing and binary encoding; fixed trusted Unicode dataset generator retained unless exact replacement established.
crates/beryl-stream/src/channel.rs	76f2e622023ed1088f1b21064eea37991929a2fd	10079	337	source	audited	full_bodies	MS-002,MS-007	1-337; all construction, ring send/receive/wait/timeout, both drops, weak clone/observer, diagnostics and error bodies inspected.
crates/beryl-stream/src/lib.rs	552f337485d709043032a23c5ddda08bac69b7e5	2179	54	source	audited	full_bodies	MS-007,MS-008	1-54; complete module/re-export boundary and embedded example; structural timeout/custody contract retained.
crates/beryl-stream/src/page.rs	f7b7a67059ae1054e135ed2bc5a617bcb3fb60e5	6987	250	source	audited	full_bodies	MS-003,MS-004	1-250; construction, lease generation/acquisition, diagnostic snapshots, clones, all lease accessors and zero/release Drop inspected.
crates/beryl-stream/src/stream.rs	c740d21d13e1363a9c06ba80ec66fe88f95884a2	4338	181	source	audited	full_bodies	MS-008	1-181; all identity/replay/page/cursor methods, source/sink traits and errors; exact sequence validation retained.
crates/beryl-stream/tests/page_and_channel.rs	a49a19d011b7073f76a497362421f0c6ccee0943	6461	198	test	audited	full_bodies	MS-002,MS-003,MS-007	1-198; nonzero helper and all ten test bodies; capacity/reuse/FIFO/backpressure/close/deadline/allocation evidence retained.
crates/beryl-stream/tests/stream_contract.rs	007fc5282f50a77bfb503dabe806255cb47e57db	5893	183	test	audited	full_bodies	MS-008	1-183; helpers, SliceSource and CollectSink full trait bodies plus all four tests; bounded fixture and contract rejection/release retained.
crates/beryl/src/main.rs	e36034d5b618570945cc49aba2ecbf0a79d2f4d6	136	3	source	audited	declarations_only	EN-001	1-3; complete compile_error bootstrap placeholder and existing source comment inspected; package composition authority and paused root plan confirm no executable implementation to simplify.
crates/syndic-storage/examples/accepted_next_promotion.rs	d88bcc221f8004a55d357ff62ee092b6e993cddf	2127	57	source	audited	full_bodies		All example bodies: bounded two-level next-source/candidate pagination, unavailable-thread skip and opaque promotion request; retain compile example purpose.
crates/syndic-storage/examples/lineage.rs	6f3144dd06ca125a47d87d54417d159a65f2903f	824	22	source	audited	full_bodies		All example bodies: native lineage and selected-prefix construction/assertions; compact public API demonstration retained.
crates/syndic-storage/examples/live_event.rs	1f9b663e186e64f2fc47fd057e01e06fd755c9c9	882	25	source	audited	full_bodies		All example bodies: correlated TurnActivated construction and exact sequence/payload assertions; no substantive cut.
crates/syndic-storage/examples/provider_item_frame.rs	3d886e89d4230a9d6dfddc98b507a3126ce92190	1916	56	source	audited	full_bodies		All example/sink bodies: encode then streaming validation/span finish parity; small independent API demonstration retained.
crates/syndic-storage/examples/provider_observation.rs	ebff30d62bc1a683388bb6b7a1a50370162d41a1	7852	203	source	audited	full_bodies	SC-005	All main/error bodies: five stage outcomes repeat exact custody installation and later-failure handling; seal outcome remains distinct.
crates/syndic-storage/src/admission_attachment.rs	f7e71f374589501f9441f14a327358ef74f4f7a7	13759	380	source	audited	full_bodies	SC-002	All definitions and bodies incl test cfg: bounded 65-head reconstruction, empty-family probes, exact capacity accounting and retirement; preserve custody.
crates/syndic-storage/src/admission_attachment/attempt.rs	484aec8c86ced55affe0efe14bdb65274d4090a0	10915	327	source	audited	full_bodies		All reservation/Drop/attempt bodies incl test cfg: prepared versus dispatched identity and prior-owner rollback are meaningful; preserve distinct admission semantics.
crates/syndic-storage/src/admission_attachment/terminal.rs	17e453012467ce2422822a3ffee3328bf6053406	8776	281	source	audited	full_bodies		All terminal/cleanup bodies: exact-new absence behavior, idle/dispatched guards, inert versus joint reconstruction and writer closure; local repeated mechanics only.
crates/syndic-storage/src/catalog_title.rs	fe02692b48860327c19277652f61f7eb367dc5e6	13557	393	source	audited	full_bodies		All title snapshot/derivation/normalization bodies: bounded logical-prefix scan, text/hash/index validation, path rules and scalar limits; retain behavior.
crates/syndic-storage/src/catalog_title/snapshot.rs	67bc3e7d27d77c8396839a74f1b2637d1642d149	4873	166	source	audited	full_bodies		All store/domain snapshot implementations and range/limit helpers; small adapters preserve acquisition contexts, no substantial standalone saving.
crates/syndic-storage/src/codec.rs	3dd0fc9d695356a52cf8b24a35e0f55bd1d4d513	6571	193	source	audited	full_bodies	SS-006,SS-009,SS-010	Full lines 1-193; Family/ExactCodec adapter, typed limits and cfg(test) version assertions; manual CodecError formatting can derive thiserror with identical source chain.
crates/syndic-storage/src/codec/keys.rs	c6de5e7228a1c9d5854c8ea4e2a36244caf7aee1	9038	329	source	audited	full_bodies	SS-003	Full lines 1-329; Every ScanKey impl, id/owner-ordinal macros and invocation, pair/context codecs; ContextOwnerKey repeats existing model owner enum and codec.
crates/syndic-storage/src/codec/keys/cas.rs	986892d51cf8f5f72bf6cbc100db2d25b504b644	5848	227	source	audited	full_bodies		Full lines 1-227; All four Lower/Record/Upper CAS key enum codecs/scans/stored checks; sentinel pattern shares mechanics but exact per-payload identities and rejection retained.
crates/syndic-storage/src/codec/keys/content.rs	2bb3e1ada6958e9e8508bed1de6835258db4a581	3359	131	source	audited	full_bodies		Full lines 1-131; Byte/text span and piece key definitions/scans/codecs; zero-based offsets distinct from one-based pieces; existing owner_ordinal macro can cover piece key.
crates/syndic-storage/src/codec/keys/projection.rs	e96008d4ea3aba7616070ff700d793ce90e973b3	3982	143	source	audited	full_bodies		Full lines 1-143; Set/stable/generated projection key definitions, scans, generation bounds and codecs; retain generation separation and ordered key bytes.
crates/syndic-storage/src/codec/keys/provider.rs	e295934cf4e0ae389b8d245fae53531045362ee8	4413	152	source	audited	full_bodies		Full lines 1-152; Observation-chunk and narrative-span key constructors/accessors/codecs/scans; preserve zero ordinals and fixed encoded sizes.
crates/syndic-storage/src/codec/keys/query.rs	a9de1d9a4cb6cb883a3d250d5fdaa62bd28c12c5	6826	218	source	audited	full_bodies		Full lines 1-218; Label-origin/activity entry/source keys, every period bound and codec; running-first and reverse timestamp order are semantic and retained.
crates/syndic-storage/src/codec/keys/transcript.rs	ff5cbb10e7ea0ff84d24a9b2d52610a2022a28e7	5359	189	source	audited	full_bodies		Full lines 1-189; Build/path/entry/binding key definitions, scans and codecs; ordered generation/depth/position distinctions retained.
crates/syndic-storage/src/codec/parts.rs	1c88804220d5198978b12f5f6c78fa01195bebc1	13110	466	source	audited	full_bodies	SS-002,SS-003,SS-007,SS-008,SS-009	Full lines 1-466; Encoder/Decoder all methods, id/revision/ordinal macros and invocations, all scalar/tag helpers; identical revision/ordinal macro bodies can share; borrowing decoder and BE canonicality retained.
crates/syndic-storage/src/codec/parts/projection.rs	de9b5691a5e9af24506d27f49bcc08e7119fc155	2498	77	source	audited	full_bodies		Full lines 1-77; Text source and cursor tagged codecs; composer encoding checks and provider narrative distinction retained.
crates/syndic-storage/src/codec/parts/provider.rs	d5e2d70c5005e89b059655c479ff6bc0ddb00d27	16200	462	source	audited	full_bodies	SS-001,SS-002	Full lines 1-462; All frame/stream/narrative/build/completion/span codec pairs; mostly field-order plumbing, preserve constructors and exact frame references.
crates/syndic-storage/src/codec/parts/provider_observation.rs	c20ddfe520a2aa027110d0090ba896cdcda31574	13829	402	source	audited	full_bodies		Full lines 1-402; Every context/scalar/control/list/schema/build/chunk codec body plus include declaration; finite-float and closed-tag guards retained, fragment copy delegated to bounded constructor.
crates/syndic-storage/src/codec/parts/provider_observation/validator.rs	b6230ddc5b3affd808d8e3f52a4f5925501df78b	10656	271	source	audited	full_bodies		Full lines 1-271; All persisted validator frame encode/decode branches, UTF8/identity checks and preallocation depth limit; bounds/canonical snapshot guards retained.
crates/syndic-storage/src/codec/parts/provider_observation_header.rs	73659ccc72a313a610d05861dac0a13d3c31c65f	2333	73	source	audited	full_bodies		Full lines 1-73; Observation identity/begin codecs; existing from_tag conversion already centralizes enum admission.
crates/syndic-storage/src/codec/parts/value.rs	8d0832166fc2ea384eed41037ea40a302f285bd4	16022	471	source	audited	full_bodies	SS-001,SS-002,SS-010	Full lines 1-471; All steering/gate/lifecycle/context/path/lineage/execution codec bodies; retired tag 4 rejection, context digest recomputation and constructor validation retained.
crates/syndic-storage/src/codec/parts/value/content.rs	9a59b14f6c73353b0a23d304e9edd6bf4921d115	6056	188	source	audited	full_bodies	SS-001	Full lines 1-188; All content encoding/lifecycle/summary/reference/asset/owner codecs; marker summary and nonzero asset-length validation cannot be replaced by blind derives.
crates/syndic-storage/src/codec/parts/value/projection.rs	4158798467dd85f4940269ef01abbcc3cd7173fa	2928	91	source	audited	full_bodies	SS-001	Full lines 1-91; All projection lifecycle/format/range/Markdown codecs; explicit tags and heading validation retained.
crates/syndic-storage/src/codec/parts/value/provider.rs	a4775bd70291553c17207550cd0aa2de7529906c	3071	105	source	audited	full_bodies	SS-001	Full lines 1-105; All provider kind/phase/lifecycle encode and decode pairs; repeated closed-tag mapping is declarative codec opportunity.
crates/syndic-storage/src/codec/parts/value/turn.rs	1048e747b5ec601c7c5b0bbec00a3b2ea5005a51	7199	193	source	audited	full_bodies	SS-001	Full lines 1-193; All turn kind/lifecycle/outcome/reason/end-status codecs; closed tags and incomplete-reason constructor guard retained.
crates/syndic-storage/src/codec/primary.rs	7669ed0837cbd2f96f5e5863c9c7e7ed5cebf598	13818	469	source	audited	full_bodies	SS-003,SS-009	Full lines 1-469; id_family macro, all inventory invocations and six explicit Family implementations; inventory already declarative; scalar record body pairs are replacement surface, adapter names alone not savings.
crates/syndic-storage/src/codec/primary/binding.rs	6a149c031664a05838369bb1500d2f19d9aac776	9055	255	source	audited	full_bodies	SS-007	Full lines 1-255; All usable/stale/active binding and execution snapshot codec branches; twin snapshot constructors cause repetition; selected prefix/correlation distinctions retained.
crates/syndic-storage/src/codec/primary/compaction.rs	dbcaf3214cac636c55d45edf7ff53ea63716e1ba	13111	349	source	audited	full_bodies		Full lines 1-349; All compaction family/target/request/status/state/settlement codec branches; validated constructor preserves correlated provenance; duplicate scalar mappings are helper opportunity.
crates/syndic-storage/src/codec/primary/compaction/settlement.rs	5d837ecdd02e230dd36d4d57951baf9b5c0de22d	3685	92	source	audited	full_bodies		Full lines 1-92; Full receipt family codecs and SHA256 commitment preimage; exact source/successor gates and digest format retained.
crates/syndic-storage/src/codec/primary/content.rs	2b9d35c762a24596b3815bd84f4c4a97c2a66fbb	3487	95	source	audited	full_bodies		Full lines 1-95; Both manifest/chunk families, codecs and chunk digest recomputation; bounded chunk bytes and canonical digest checks retained.
crates/syndic-storage/src/codec/primary/core_record.rs	0232d84ba1e28b223e406f0284386e78c2a440b6	11685	324	source	audited	full_bodies		Full lines 1-324; All label/thread/draft/context/turn/state/accepted encoders and decoders; digest, root/history coherence and accepted-input validation retained.
crates/syndic-storage/src/codec/primary/input_gate.rs	e3c4f723d9aa3782050774d2c19ed1e97830e35a	2404	73	source	audited	full_bodies	SS-010	Full lines 1-73; Full Family plus gate codec; actual V4 conflicts with current V7 authority V5; preserve exact aggregate/route validation while reconciling authority.
crates/syndic-storage/src/codec/primary/projection.rs	7acffd0fb1f8ac9364976e6d0becffe68a56f3b1	15144	436	source	audited	full_bodies	SS-005,SS-008	Full lines 1-436; All projection/head/set/resource/history payload codecs; resource optional-field assertions suggest variant-owned state; temporary media/language copies unnecessary.
crates/syndic-storage/src/codec/primary/projection/canonical.rs	91015aaea75d186c4052f4bbf8075b2c25e07e7d	6313	201	source	audited	full_bodies	SS-007	Full lines 1-201; All canonical item/presentation/local-item decoding branches; provider-dependent option checks and stored kind/lifecycle equality are real validation.
crates/syndic-storage/src/codec/primary/projection_build.rs	3698f170cce8e43ca4e203f1c85dcc4204b41a93	10140	312	source	audited	full_bodies		Full lines 1-312; All item/transcript build phases, Markdown checkpoints/open blocks and path-turn codecs; bounded checkpoint state and generation facts retained.
crates/syndic-storage/src/codec/primary/provider.rs	b2b77b5bcb192a12bcd4eba71d90ccd0b85bf060	2951	86	source	audited	full_bodies		Full lines 1-86; Both provider build families/all methods and key/value guard; thin repeated family wiring, real key agreement retained.
crates/syndic-storage/src/codec/primary/query.rs	00eb360d1c2944049605734215b1b24b9e4ab1b2	4495	113	source	audited	full_bodies		Full lines 1-113; All activity head family methods and payload codecs; exact optional source/retention/bool/lifecycle checks retained.
crates/syndic-storage/src/codec/primary/route.rs	91cb9b921e8f0ef1a5a4c5d82d3f1d82e4abf2bd	8114	202	source	audited	full_bodies		Full lines 1-202; All generation-head and leaf family methods, transition/promotion codecs and retired tag rejection; use existing option helpers without removing provenance.
crates/syndic-storage/src/codec/primary/source.rs	3f3d95982ad17c6d06c9f6fe1d4cb9f660b321b6	3753	103	source	audited	full_bodies	SS-007	Full lines 1-103; All source-event/payload/observation-issue codecs; constructor and bounded provenance checks retained.
crates/syndic-storage/src/codec/primary/stop.rs	d2329244285bb45064ce6979fe60f9bd0dbb7395	13581	404	source	audited	full_bodies		Full lines 1-404; All family/target/admission/cause codecs, offset tracking and cfg test-fault corruption helpers; stop turn-kind adds provider-kind byte unlike ordinary codec; retain exact format.
crates/syndic-storage/src/codec/primary/stop/state.rs	48b02a03123d25ca8f529b330ee7dfea82ad160b	7041	188	source	audited	full_bodies		Full lines 1-188; All disposition/source/reopen/terminal/abandonment codec branches; ordinary/provider provenance remains distinct.
crates/syndic-storage/src/codec/primary/thread_properties.rs	7bd8caaf5468eee38ed73745a13089edd704eab0	9018	258	source	audited	full_bodies	SS-007	Full lines 1-258; All execution/attributes/title/archive/usage/catalog codecs; local dec_bool duplicates shared primitive; validated title and source witness construction retained.
crates/syndic-storage/src/codec/secondary.rs	437e557e9c9d6bfd94c98454d9d785af7433583d	13676	446	source	audited	full_bodies	SS-009	Full lines 1-446; fixed_family macro/all invocations and every index encode/decode pair; repeated field sequencing is possible codec simplification; retain exact key/value duplication and revision checks.
crates/syndic-storage/src/codec/secondary/cas.rs	5bc7f6b2de148168f0955504cf8c1cba68878087	3516	105	source	audited	full_bodies		Full lines 1-105; All four CAS index encode/decode pairs and optional retirement shape; full correlation identifiers retained.
crates/syndic-storage/src/codec/secondary/cas_family.rs	d80df3dc9b2e77167a8c4cd8b163c82a6aa6117f	4042	105	source	audited	full_bodies		Full lines 1-105; All four family declarations/methods including stored-sentinel rejection; extend existing family macro if net useful, do not remove validation.
crates/syndic-storage/src/codec/secondary/content.rs	e7b583ccf25557f89179e362561e7a57576f697e	7739	207	source	audited	full_bodies	SS-007	Full lines 1-207; All byte/text span and piece family codecs; text-piece branch repeats complete text-span codec; factor shared Encoder/Decoder helpers preserving context labels.
crates/syndic-storage/src/codec/secondary/provider.rs	f5155d914caaf78daa13f3d0acc6b8b79f792093	3545	97	source	audited	full_bodies		Full lines 1-97; Both provider chunk/narrative families and key/value/ordinal checks; exact span size and zero sentinel distinction retained.
crates/syndic-storage/src/codec/secondary/query.rs	2c56ff08206ac2d2dcd5f71ce02f825ee7a793f8	9232	222	source	audited	full_bodies		Full lines 1-222; All origin/activity entry/source codecs and checked activity stored-byte calculation; source/retention facts and key/value accounting retained.
crates/syndic-storage/src/codec/secondary/route.rs	b293b00310427f46e0e25e4ac2fedfb26713b415	11143	275	source	audited	full_bodies	SS-005	Full lines 1-275; All generation/next/ready family codecs and every lost-target/abandonment branch; paired optional interval can become single interval representation without byte change.
crates/syndic-storage/src/compaction.rs	ec05200beed77763916c3c10cc89fba10fc3d277	4335	120	source	audited	full_bodies		All derivation/preparation bodies: exact SHA256 domains and length-prefixed native identities; existing continuation hash helper already shared.
crates/syndic-storage/src/content.rs	8555c067e38d49b1b76b1bd0dbdde65eb15e5785	14882	454	source	audited	full_bodies	SC-001	All content/plan/sink/types/helpers: sole UTF8 caller of legacy PreparedPiece helper; ComposerV1 fold separate; concrete specialization candidate.
crates/syndic-storage/src/content/assembler.rs	9247f6523a711037b1d8199f54386e62c8bb74ae	3358	85	source	audited	full_bodies		All assembler bodies: chunk identity/order/length/chain and payload aggregate checks; complete-materialization public API only used by tests, no removal counted.
crates/syndic-storage/src/content/chunks.rs	a8eb964c144e3c6bb98ab920f89f5f788f22e7e0	7391	195	source	audited	full_bodies	SC-001	All chunk range/piece bodies: dead image-marker branch and unnecessary generic mixed-piece partitioning for sole UTF8 caller.
crates/syndic-storage/src/content/composer_v1.rs	762bb301ad0183737239b3e33e46405edfa46ab4	16433	468	source	audited	full_bodies		All fold/sink/driver/type bodies: bounded UTF8 chunk boundaries, atom parity, marker commitments and exact plan parity; retain independent contract checks.
crates/syndic-storage/src/content/decode.rs	38633a274e71cd93211f329717bf1589fc6a2169	2508	75	source	audited	full_bodies		All decoder bodies: version/tags/count/UTF8/EOF and constructor validation; independent complete composer oracle retained.
crates/syndic-storage/src/domain.rs	fb1dd2186657196e18cfeb8bab5c014dd0e0354f	18337	378	source	audited	full_bodies	SC-003	All registration/family/reconciliation bodies: repeated family inventories and repeated handle/attachment assembly; preserve exhaustive exact closure classification.
crates/syndic-storage/src/draft_piece/admission/assignment.rs	f3ddae56be642a5fd2f7e3579f345ba53a63ca00	24344	623	source	audited	full_bodies	SA-008	Full bodies: assignment prepare/ready/reconcile/failure classes and cfg helpers; retain one-shot readiness and generation retirement.
crates/syndic-storage/src/draft_piece/admission/assignment/mutation.rs	7d5198a68eba5daee7defc75c14b221f7631c76c	18644	515	source	audited	full_bodies	SA-003	Full bodies: least-source assignment, exact receipt/authority accounting and quantum mutation; shared charge finalization candidate.
crates/syndic-storage/src/draft_piece/admission/assignment/test_fixture.rs	f8d31d50efce2228706c267b9f02e45324ddaf75	22053	527	source	audited	full_bodies		Full bodies: limit/frontier/ready-target corruption and inspection helpers; preserve dedicated fault seams, no smaller distinct alternative.
crates/syndic-storage/src/draft_piece/admission/codec.rs	ec30531eabe53c01ca7c34d74c2d24698cce1aaf	41655	1183	source	audited	full_bodies	SA-001,SA-009	Full bodies: all tags/key/value codecs, digest helpers, charge calculators and cfg fixtures; borrowed canonical payload candidate; preserve V7 bytes.
crates/syndic-storage/src/draft_piece/admission/index.rs	130832b37a2b61918c9c47ff391c87ed0df033ac	34926	939	source	audited	full_bodies	SA-002,SA-006,SA-009	Full bodies: readers/ledger, deterministic IDs, occupancy, assignment/consumption and successor assembly; retain bounded authenticated storage.
crates/syndic-storage/src/draft_piece/admission/index/test_fixture.rs	47bbd4a974b9d48d8900f286b5f05a8db3b1e4e4	14335	416	source	audited	full_bodies		Full bodies: in-memory node fixture, injected tree/path/height/limit faults and exact footprint results; domain-specific test seams retained.
crates/syndic-storage/src/draft_piece/admission/index/tree_edit.rs	503cc91379f7c5713f1421235993ef706d46b5b9	21516	616	source	audited	full_bodies	SA-002,SA-009	Full bodies: path authentication, copy/split/rewrite, least leaf, reclaim/fresh-key checks; share predicates without allocating point-read paths.
crates/syndic-storage/src/draft_piece/admission/mod.rs	91acd568862aa36b34ae93da874cdb5ca8233243	1987	57	source	audited	declarations_only		All declarations/reexports and feature gates reviewed; no executable bodies or removable required target API.
crates/syndic-storage/src/draft_piece/admission/model.rs	022525b86c9926531f6af22268e996edfc122d8c	26335	914	source	audited	full_bodies	SA-001	Full bodies: limits/charge/tree/source/continuation values and head/receipt records; remove duplicate private Parts representations.
crates/syndic-storage/src/draft_piece/admission/publication.rs	6c3c70f3aa907690b94267398e0a69f0f8763af6	25208	653	source	audited	full_bodies	SA-003	Full bodies: seed/prior selection, mutation/reconcile reservation, exact page publication charge/limit logic; preserve per-boundary refusals.
crates/syndic-storage/src/draft_piece/admission/publication/progression.rs	998aa0ec22278d89191bfcb8039536f2f07b95dc	6254	167	source	audited	full_bodies		Full bodies: page continuation/current/obsolete/collision classifier; compact explicit state matching already fits exact replay contract.
crates/syndic-storage/src/draft_piece/admission/publication/test_fixture.rs	2e72a12d4b192157ea58c9ef4c7437a6a8b4d549	6307	168	source	audited	full_bodies		Full bodies: publication fixture configuration, command construction and bounded snapshot access; focused existing adapters retained.
crates/syndic-storage/src/draft_piece/admission/readiness_source/attempt.rs	231135953a543804bd90bc403e303bcca541dd4d	15214	392	source	audited	full_bodies	SA-004	Full bodies: attempt custody, request preflight/empty-ready branch, witness composition and cfg helpers; make four mandatory fields nonoptional.
crates/syndic-storage/src/draft_piece/admission/readiness_source/mod.rs	df58229c6332e2f7504328200f6feb846758fa76	759	18	source	audited	declarations_only		All module declarations/reexports reviewed; no executable body or independent simplification.
crates/syndic-storage/src/draft_piece/admission/readiness_source/model.rs	b320a42e5161f89f6f5889c661b90999aef37845	19309	505	source	audited	full_bodies	SA-008,SA-010	Full bodies: request/selector/evidence canonicalization, bounds/correlation and error formatting; retain occurrence and target distinction.
crates/syndic-storage/src/draft_piece/admission/readiness_source/proof.rs	2e89ab744ea3744e5a8aeb4903a3f87036c93ae1	23400	570	source	audited	full_bodies	SA-010	Full bodies: source/witness contributions, preflight and snapshot candidate/cut/accepted resolution; distinct authority observations retained.
crates/syndic-storage/src/draft_piece/admission/submission.rs	3066129e0e6fee6afc07a301ccfce14c98d9d2e9	15199	408	source	audited	full_bodies	SA-010	Full bodies: Ready/Reconcile flight handling, dispatch/refusal/outcome mapping and custody; sum type already expresses required linear state.
crates/syndic-storage/src/draft_piece/admission/terminal.rs	b2c170f7915a2a3a1ddb300dce0e853e7e187c1f	19307	503	source	audited	full_bodies	SA-008	Full bodies: transient cancel/terminal dispatch/cleanup/reconciliation scheduling and public errors; terminal custody state retained.
crates/syndic-storage/src/draft_piece/admission/terminal/closure.rs	cd9ed4717e93443f64175f8a61f5185bf7ebd3bd	7735	215	source	audited	full_bodies	SA-010	Full bodies: exact terminal receipt/charge/owner closure and bounded residue classification; mandatory inert cleanup checks retained.
crates/syndic-storage/src/draft_piece/admission/terminal/mutation.rs	002d660f4082b65cbe73d93b7c6bae46cd93bd31	19169	480	source	audited	full_bodies	SA-003	Full bodies: terminalization, bounded cleanup, metadata/aggregate charge and callback classification; share exact accounting only.
crates/syndic-storage/src/draft_piece/admission/terminal/settlement.rs	85715982d513107b8f77c13c266a4a9b0400c955	7529	192	source	audited	full_bodies		Full bodies: final exact terminal-to-settlement charge transfer and reservation/contribution; separate domain boundary retained.
crates/syndic-storage/src/draft_piece/admission/terminal/test_fixture.rs	6997df5c17d8135e56022e8688e264aa6e43e2ac	10903	292	source	audited	full_bodies		Full bodies: terminal receipt missing/mismatch/extra/charge corruption and transfer seams; preserve real malformed-state coverage.
crates/syndic-storage/src/draft_piece/admission/tree.rs	1c46177aa059982942bf78750777258645a3e892	29919	704	source	audited	full_bodies	SA-001,SA-009	Full bodies: schema constructors, structural/owner/fanout checks, head lifecycle invariants and receipt digest validation; borrowed Parts candidate.
crates/syndic-storage/src/draft_piece/admission/writer.rs	35463fc6ca7b46d90266d12d9e4c04db84cc894f	173	10	source	audited	declarations_only		All five module declarations reviewed; declaration-only file.
crates/syndic-storage/src/draft_piece/admission/writer/begin.rs	6f75e2ec0b23131b10c6f41b3aab870555b1f5f4	8938	231	source	audited	full_bodies	SA-003	Full bodies: ready-to-staging proof binding, metadata exchange, building transition and exact head checks; shared finalization candidate.
crates/syndic-storage/src/draft_piece/admission/writer/consumption.rs	710798f1a6b4995d614c3302e530a7d814241dac	7046	194	source	audited	full_bodies	SA-003	Full bodies: operation/fragment identity, point-authenticated target consumption and exact delta/head/capacity write; retain atomic consumption.
crates/syndic-storage/src/draft_piece/admission/writer/model.rs	eb4b5acb38aa87c408efb5d3ffee215332bd16e2	7864	204	source	audited	full_bodies	SA-010	Full bodies: writer/admission readiness binding and proof identity accessors; required home generation/root/occurrence custody retained.
crates/syndic-storage/src/draft_piece/admission/writer/release.rs	e588c255a4fb75adb897aa00c324d44c08ecb855	11948	294	source	audited	full_bodies	SA-003	Full bodies: settled writer release, exact old/new reconciliation and attachment retirement; retain distinct settlement lifecycle.
crates/syndic-storage/src/draft_piece/admission/writer/settlement.rs	f5b29e1117335f64a107c8895415887bad8aaf75	16525	424	source	audited	full_bodies	SA-003	Full bodies: success/terminal settlement, exact receipt/head predicates and terminal command bytes; share accounting while retaining outcomes.
crates/syndic-storage/src/draft_piece/builder_model.rs	60b365aa5e4a023b9e892ddffeba27c8773729cb	14489	485	source	audited	full_bodies	DT-004	All 485 lines read; bounded frontier/continuation declarations and bodies. Removing proposal remains schema-gated.
crates/syndic-storage/src/draft_piece/checkpoint.rs	2b7f1a2b2500f7d0cb85e47307c33c57daeb6080	9542	260	source	audited	full_bodies	DH-004,DH-012	Examined 1-260. Exact root/frontier checks, opening receipt/fork provenance, ordinary settlement/build-progress closure, historical candidate provenance; common historical-source mechanics are separable from candidate eligibility.
crates/syndic-storage/src/draft_piece/checkpoint/reader.rs	c913f8eb3bb24b737c58cd627edc533de8a7c2ff	1941	67	source	audited	full_bodies	DH-004,DH-012	Examined 1-67. All trait methods and both adapters inspected; read and transaction error/authentication semantics remain distinct.
crates/syndic-storage/src/draft_piece/checkpoint/saved.rs	223a23725c2a795df3a05f301af3306a1656342b	3084	73	source	audited	full_bodies	DH-012	Examined 1-73. Selector first read, exact activation/custody/session closure, saved identity, then head/selector final observations; no independent simplification beyond existing shared predicates.
crates/syndic-storage/src/draft_piece/codec.rs	cc87933559eadb36ec5e8d192984772b5733c9f8	107101	3028	source	audited	full_bodies	DT-001;DT-002	All 3028 lines read including every codec/tag branch and macro. Preserve V7 bytes, validation, field order and separate families.
crates/syndic-storage/src/draft_piece/codec/builder_continuation.rs	fc1e8f7d401f15d48a2c4fa34d8b066e9968edae	11010	335	source	audited	full_bodies	DT-004	All 335 lines read; every continuation codec branch reviewed. Required exact durable frontiers retained pending explicit schema decision.
crates/syndic-storage/src/draft_piece/codec/staging_head.rs	f95e77a09ec61b245d23ce49d606b102449997f0	10187	287	source	audited	full_bodies		All 287 lines read; canonical staging-head codec already follows fixed field order and separate validation. No smaller local alternative justified without shared schema-codec overlap.
crates/syndic-storage/src/draft_piece/codec/staging_page.rs	55372eb44d0aa3b57c95a35deb47346854cbab43	5763	179	source	audited	full_bodies		All 179 lines read; bounded canonical page key/value and item encoding required. No independent positive net simplification established.
crates/syndic-storage/src/draft_piece/codec/staging_progress.rs	393e6d58d15e14ed54b8279e6c7f9e0569f57470	17299	490	source	audited	full_bodies		All 490 lines read; distinct lifecycle/custody/progress encodings and canonical digest inputs are required. Generic scalar reuse overlaps schema audit and is not counted here.
crates/syndic-storage/src/draft_piece/history.rs	ebcee9bed09352c77bb512a68eabeb82b1e1bd3c	1609	42	source	audited	declarations_only	DH-012	Examined 1-42. Every module/export and test-faults gate inspected; routes canonical history, retention and adoption responsibilities.
crates/syndic-storage/src/draft_piece/history/adoption.rs	ec025a68562b5a901d03e09a62a835e472a42247	438	14	source	audited	declarations_only	DH-012	Examined 1-14. Every module/export inspected; internal codec/candidate validation and public preparation/status boundaries stay distinct.
crates/syndic-storage/src/draft_piece/history/adoption/codec.rs	4acda3bae79987e41210900e314be35d98e01407	11255	305	source	audited	full_bodies	DH-007,DH-011	Examined 1-305. Every key/request/outcome/optional successor encode/decode body inspected; duplicate transition-reference codec and malformed partial successor admission identified.
crates/syndic-storage/src/draft_piece/history/adoption/model.rs	cd7e113c5aee250de309fc6ed33754ba548e2aab	13240	359	source	audited	full_bodies	DH-011	Examined 1-359. All types/accessors/proof/outcome conversions inspected; noncommit accepts partial successor options by false==false; normal constructors are all/none.
crates/syndic-storage/src/draft_piece/history/adoption/mutation.rs	5671c1fcc4457d833f5184caaaddb0c305b15829	29056	710	source	audited	full_bodies	DH-004,DH-006,DH-010	Examined 1-710. All selection, preparation, adopt/terminal contribution, replay, marker/protection and session helpers inspected; duplicate effect ownership/common closure found.
crates/syndic-storage/src/draft_piece/history/adoption/status.rs	e0059963987a286cebd7e71d8ef41b7c56ff8c82	5962	153	source	audited	full_bodies	DH-004,DH-010,DH-011	Examined 1-153. Full immutable settlement/status/reconciliation flow inspected; source closure overlaps writer checks; noncommit successor validation depends on local shape.
crates/syndic-storage/src/draft_piece/history/append.rs	4d2a096f17320c3c5d9c18df935fc11b6ccb91e7	13572	378	source	audited	full_bodies	DH-012	Examined 1-378. Canonical empty construction, exact stored-key/value charges, cfg(test-faults) append and overflow/alternative fixtures inspected; preserve independent malformed fixtures and checked accounting.
crates/syndic-storage/src/draft_piece/history/codec.rs	f628ca7c466286c5f19fe14b6ecb0f2372b67f65	17171	481	source	audited	full_bodies	DH-007,DH-012	Examined 1-481. Every family/key/reference/frontier/transition codec and digest preimage inspected; shared reference codec available; exact bitmap/absent slots and V7 bytes retained.
crates/syndic-storage/src/draft_piece/history/codec/tests.rs	1f4ef929e1e4c249822dfa02a65c0d3799ca67c3	4543	137	test	audited	full_bodies	DH-012	Examined 1-137. All transition/chain fixtures and both tests inspected; witness byte commitment, missing/wrong-level references and stale digest are independent codec evidence.
crates/syndic-storage/src/draft_piece/history/records.rs	8237c8c461df2ae4abf04b5aed812a275e56be6f	15352	409	source	audited	full_bodies	DH-005,DH-012	Examined 1-409. All frontier/transition fields, constructors, getters and local validators inspected; fork/publication rekey-and-charge mechanics duplicate.
crates/syndic-storage/src/draft_piece/history/references.rs	5a8e58f48cc3bd8abc19fecb4dddb152edb5ab47	7571	298	source	audited	full_bodies	DH-012	Examined 1-298. All identities, policy/availability/reference values and coherence predicate inspected; repeated wire facts and full root/history identities retained.
crates/syndic-storage/src/draft_piece/history/retention.rs	5c7d4a123a588a6b66e6599d769a4306d08e92d7	19773	505	source	audited	full_bodies	DH-012	Examined 1-505. Both ordinary/historical append paths, transition construction and head-origin floor lifting inspected; retain checked budget eviction and distinct stack semantics.
crates/syndic-storage/src/draft_piece/history/retention/authentication.rs	4fa2be63fcf2a17006864cce41564599b30e1a58	22100	565	source	audited	full_bodies	DH-003	Examined 1-565. Both full frontier authentication paths, predecessor/root topology and local ordinary adoption predicates inspected; share stack/charge logic while retaining mode-specific acquisition.
crates/syndic-storage/src/draft_piece/history/retention/authentication/test_fixtures.rs	7074b8d83f2b2c085556291cfca2f9f9b821af36	5514	152	source	audited	full_bodies	DH-012	Examined 1-152. All five corruption constructors inspected; deliberate accounting/availability/no-head/first-gap/wrong-root mutations preserve targeted fault evidence.
crates/syndic-storage/src/draft_piece/history/retention/authentication/witness.rs	2024ff1cfc7c0b7acbb8c1678be1af7a9d16d86e	3404	99	source	audited	full_bodies	DH-003	Examined 1-99. Witness derivation and both ancestry walks inspected; fixed 64-level logic shared only through exact-read adapters.
crates/syndic-storage/src/draft_piece/history/witness.rs	d302f776b90127da26f8c52f3c5d8af06a5e5112	3949	115	source	audited	full_bodies	DH-012	Examined 1-115. All bitmap/slot code and cfg(test) bodies inspected; zero/one/high-bit depth, missing/extra slot assertions retained.
crates/syndic-storage/src/draft_piece/marker_commitment.rs	ed308c5a0681525dff7382e6862625b921e341b0	5823	195	source	audited	full_bodies	SA-010	Full bodies: marker-order summary/tree commitment and empty/count/maximum bounds; canonical domain semantics retained.
crates/syndic-storage/src/draft_piece/marker_seal.rs	a06ee8caf469832996ab21182204af950e2ddcd2	64322	1915	source	audited	full_bodies	SA-005,SA-008	Full bodies: seal models/cursor traversal, root/identity validation, begin/advance/terminal mutations and cfg corruption fixtures; consolidate terminal payload and errors.
crates/syndic-storage/src/draft_piece/materializer/codec.rs	33da18e7c34c6e181b1cafa10e20b37988104c60	16070	502	source	audited	full_bodies	DH-001,DH-012	Examined 1-502. Every format/key/reference/cursor/encoder/frontier/phase/lifecycle codec inspected; local shape validation and truncation rejection retained under validator consolidation.
crates/syndic-storage/src/draft_piece/materializer/engine.rs	9cf3d55440bb559242f7e28bdf7c01ee35768ed6	77702	2026	source	audited	full_bodies	DH-001,DH-002,DH-012	Examined 1-2026. All 2026 lines inspected: encoder, every prepare phase, local/stored closure validation and all three mutation implementations; state duplication and overlapping local validators found.
crates/syndic-storage/src/draft_piece/materializer/mod.rs	2b68ef1f30a939465e429f1ea087be687e91a6a4	124	8	source	audited	declarations_only	DH-012	Examined 1-8. Every module/export inspected; no body and no independently removable routing layer.
crates/syndic-storage/src/draft_piece/materializer/model.rs	ecebc64f1d1d147080b964ca60ff334df85388b6	28361	822	source	audited	full_bodies	DH-001,DH-002,DH-010,DH-012	Examined 1-822. Every type/accessor/error implementation and full phase-shape validator inspected; preserve engine-only union conditions and exact phase/publication state.
crates/syndic-storage/src/draft_piece/mod.rs	29f92f3d4e04f97ce01cc62dc91902365e7be1f8	5796	131	source	audited	full_bodies	DP-009	All constants, functions, cfg exports and module relationships examined; fixed staging/build/read ceilings and opaque protocol boundaries retained.
crates/syndic-storage/src/draft_piece/model.rs	86084381183f0f09637c255606b80d0bcae11dc6	120728	3880	source	audited	full_bodies	DT-001;DT-002;DT-007	All 3880 lines read; record, receipt, root, node, command/outcome, and accessor bodies examined. Private duplicate payload/union candidates isolated from required durable structures. 2026-09-07: DT-001 callers and DT-002 shared subset checked; opaque APIs and distinct durable records retained.
crates/syndic-storage/src/draft_piece/mutation.rs	15622ffe0002f00a391891f4e73c5cdad2b8e7c6	113864	2917	source	audited	full_bodies	DP-001,DP-009	All implementation/type/cfg bodies examined against exact V7, bounded acquisition and atomic custody authority; proposals are private construction or diagnostic mechanics only.
crates/syndic-storage/src/draft_piece/mutation/settlement.rs	a13f9b8dc6e2937f0f921a9e17a602a965e9730f	12252	346	source	audited	full_bodies	DP-009	All settlement branches and contribution bodies examined; committed root/history/session/build receipt atomicity and distinct noncommit proofs retained.
crates/syndic-storage/src/draft_piece/persistent.rs	4058cb2832a6a5e6e717d7062f8ddaf263590911	180535	4851	source	audited	full_bodies	DT-003;DT-004;DT-005;DT-007	All 4851 lines read including test-faults branch; sequence/index/order mutation, continuation, cursor, range and proof paths examined. Retain authenticated bounded trees.
crates/syndic-storage/src/draft_piece/persistent/marker_identity_lookup.rs	0c862f7427fdd33d31e091d133fc32b6b15fcae1	12204	365	source	audited	full_bodies	DT-007	All 365 lines read; Home and snapshot reader adapters share the actual traversal. Preserve exact root/summary and selected-root/index checks; no additional generic layer justified.
crates/syndic-storage/src/draft_piece/publication.rs	f58afe73596c7b5a2f894cc0c121cc3ada5a6a25	69323	1701	source	audited	full_bodies	DP-003,DP-006	All implementation/type/cfg bodies examined against exact V7, bounded acquisition and atomic custody authority; proposals are private construction or diagnostic mechanics only.
crates/syndic-storage/src/draft_piece/publication/abandon_fresh.rs	3067a184cbe6fe4ce1937b1349c2313644ffa057	12458	323	source	audited	full_bodies	DP-004	All implementation/type/cfg bodies examined against exact V7, bounded acquisition and atomic custody authority; proposals are private construction or diagnostic mechanics only.
crates/syndic-storage/src/draft_piece/publication/disposal.rs	aa8931a102d333be6951d3b06d4f2b834710387b	3155	81	source	audited	full_bodies	DP-004	All implementation/type/cfg bodies examined against exact V7, bounded acquisition and atomic custody authority; proposals are private construction or diagnostic mechanics only.
crates/syndic-storage/src/draft_piece/read.rs	0b03da56d56e2251eed782a9a55b935b32583c0d	48147	1156	source	audited	full_bodies		All 1156 lines read including test-faults hooks; stabilized current/candidate reads, exact receipt/effect/session/settlement closure and custody reconciliation examined. Independent checks retained; no deletion justified from apparent repetition.
crates/syndic-storage/src/draft_piece/session.rs	23f4865a46f35ea8b0e53315f3d8094772f8b93d	33542	839	source	audited	full_bodies	DP-003,DP-006,DP-009,DP-010	All implementation/type/cfg bodies examined against exact V7, bounded acquisition and atomic custody authority; proposals are private construction or diagnostic mechanics only.
crates/syndic-storage/src/draft_piece/staging.rs	928b629f1c9824ea0793ebc042c519b459273061	10714	351	source	audited	full_bodies	DP-006	All implementation/type/cfg bodies examined against exact V7, bounded acquisition and atomic custody authority; proposals are private construction or diagnostic mechanics only.
crates/syndic-storage/src/draft_piece/staging/acquisition.rs	ff433cf5c4c1d453b3fcc9654e9f8ace893178b4	1777	59	source	audited	full_bodies	DP-009	All acquisition accounting examined; read and complete encoded-value byte budgets are charged before every bounded point read.
crates/syndic-storage/src/draft_piece/staging/digest.rs	0e8cec1c97c8324b10c15acaa681b17d5a1a26f5	12419	302	source	audited	full_bodies	DP-002	All implementation/type/cfg bodies examined against exact V7, bounded acquisition and atomic custody authority; proposals are private construction or diagnostic mechanics only.
crates/syndic-storage/src/draft_piece/staging/integrity.rs	eb00c36cca761a023b4ff2d898176ad4d16487fd	13433	312	source	audited	full_bodies	DP-002,DP-009	All implementation/type/cfg bodies examined against exact V7, bounded acquisition and atomic custody authority; proposals are private construction or diagnostic mechanics only.
crates/syndic-storage/src/draft_piece/staging/mutations.rs	a72b993f7e9bd795aac4909afb6eae0bf74dc93a	27141	630	source	audited	full_bodies	DP-005	All implementation/type/cfg bodies examined against exact V7, bounded acquisition and atomic custody authority; proposals are private construction or diagnostic mechanics only.
crates/syndic-storage/src/draft_piece/staging/prepare_batch.rs	94a53ff37eccba928d9f97bcfd1018117719068d	4873	121	source	audited	full_bodies	DP-009	All page-batch preparation examined; consecutive lane/ordinal/cursor validation and one final atomic custody endpoint retained.
crates/syndic-storage/src/draft_piece/staging/prepare_begin_page.rs	d06c8ae015104cf0375b370ebe862aa9152090c0	12211	323	source	audited	full_bodies	DP-002	All implementation/type/cfg bodies examined against exact V7, bounded acquisition and atomic custody authority; proposals are private construction or diagnostic mechanics only.
crates/syndic-storage/src/draft_piece/staging/prepare_finish.rs	8a72579094863857bf0a4b62ca48ca2d480a35da	7071	195	source	audited	full_bodies	DP-002	All implementation/type/cfg bodies examined against exact V7, bounded acquisition and atomic custody authority; proposals are private construction or diagnostic mechanics only.
crates/syndic-storage/src/draft_piece/staging/prepare_terminal.rs	25d19277f9590cc632026d9f5b5afb3e31be9736	11157	298	source	audited	full_bodies	DP-002	All implementation/type/cfg bodies examined against exact V7, bounded acquisition and atomic custody authority; proposals are private construction or diagnostic mechanics only.
crates/syndic-storage/src/draft_piece/staging/status.rs	38a9a7ccf9a1b35b378b062ab51a7491120e23c5	23607	515	source	audited	full_bodies	DP-005	All implementation/type/cfg bodies examined against exact V7, bounded acquisition and atomic custody authority; proposals are private construction or diagnostic mechanics only.
crates/syndic-storage/src/draft_piece/staging/terminal.rs	deaaa7566f6f46deed23901b2c8a7f3e365f6838	14434	391	source	audited	full_bodies	DP-009	All terminal evidence matching and election bodies examined; terminal-before-begin conflict and admitted non-conflict outcomes remain distinct.
crates/syndic-storage/src/draft_piece/staging/transfer_builder.rs	cda66af46317ee4596c7fb40a8b2c4a274017a65	13617	315	source	audited	full_bodies	DP-005,DP-009	All implementation/type/cfg bodies examined against exact V7, bounded acquisition and atomic custody authority; proposals are private construction or diagnostic mechanics only.
crates/syndic-storage/src/draft_piece/staging_model.rs	1aa40e0342ed445f0cc3bf61507d0b15f02a44a3	228	13	source	audited	declarations_only	DP-009	All module and export declarations examined; this file contains no implementation body.
crates/syndic-storage/src/draft_piece/staging_model/begin_page.rs	8812f455c65c9d2e980a305bd550c454539f775f	10543	338	source	audited	full_bodies	DP-009	All constructors, accessors, lane/page/head and bounded begin models examined; independent key/value and command evidence remain required.
crates/syndic-storage/src/draft_piece/staging_model/identity.rs	391e0cf74e257c04b9a0577b2d5f82ad711e39c0	2938	119	source	audited	full_bodies	DP-009	All identity/digest/reference constructors and accessors examined; exact nonzero ordinal and natural owner identity retained.
crates/syndic-storage/src/draft_piece/staging_model/receipt_status.rs	b844d2a8033b6a4e0bebf1dbdc89881ba4f1ad55	6503	181	source	audited	full_bodies	DP-002,DP-009	All implementation/type/cfg bodies examined against exact V7, bounded acquisition and atomic custody authority; proposals are private construction or diagnostic mechanics only.
crates/syndic-storage/src/draft_piece/staging_model/terminal.rs	28e56fc5260937ea35a10270d9aa6a8842df3827	6962	241	source	audited	full_bodies	DP-009	All closed terminal request/observed-pair/custody evidence examined; no safe outcome-union collapse identified.
crates/syndic-storage/src/draft_piece/test_unadmitted_marker.rs	e1e350600c471a579e9c2aefe527d22afe97141f	3151	98	source	audited	full_bodies	DP-009	All cfg-only registry and test capability bodies examined; explicit unadmitted marker fixture authorization retained.
crates/syndic-storage/src/draft_piece/tree.rs	c42805c041c3bf6cc64f0ee175dd6af1dc058a27	83551	2054	source	audited	full_bodies	DT-002;DT-007	All 2054 lines read; canonical hash, normalization, transition and validation helpers examined. Shared progress hashing candidate; existing distinct hash domains and auth checks retained.
crates/syndic-storage/src/error.rs	d4dc459b4e8c7d12f0304de0b7f65196a59dfcca	19608	459	source	audited	full_bodies	SC-002	All error variants/Display/Error/From/callback bodies: thiserror candidate must keep read source, validation source=None and callback provenance.
crates/syndic-storage/src/footprint.rs	e17ab52da43516e177c75f3b73dde21b65531164	4710	135	source	audited	full_bodies		All footprint functions and cfg(test) assertions: operation-specific maxima and independent literal totals retained.
crates/syndic-storage/src/lib.rs	f704a714b59481ce8a08b3d2d2678e1c52199efa	43803	915	source	audited	full_bodies		Every module/export/cfg and all existing doctest examples inspected; existing source docs not new authority and no comment-removal work counted.
crates/syndic-storage/src/membership.rs	e87420f8164b6c009a079da8863fe4ae6d77dd07	1785	51	source	audited	full_bodies		All membership resolver bodies: one bounded stable-prefix or generation-suffix point read; two stores reflect durable ownership.
crates/syndic-storage/src/mutation.rs	93214a2432c3650049e9f8a7635ae6e51944be06	23274	591	source	audited	full_bodies		All thread creation/read/helper/contribution bodies: complete immutable initial closure, absence gates, source-tail validation and atomic publication retained.
crates/syndic-storage/src/mutation/accepted.rs	128f640a7873ebc0a6d2fa2744cb1dc6fec1b51b	7598	236	source	audited	full_bodies		Examined 1-236. Exact typed delivery intents/current versus expected-domain command wrappers; transition macro examined. Existing enum-driven mutation retains source-lifecycle distinctions.
crates/syndic-storage/src/mutation/accepted/transition.rs	e409be98458377b81d4fe0cd4078791fbd68f289	14638	353	source	audited	full_bodies	SL-R01	Examined 1-353. Checked route/gate counter deltas, leaf transition proof and atomic source-index updates; no scan or loss of delivering versus rejected state allowed.
crates/syndic-storage/src/mutation/activity.rs	288a5b2f2cc4b9b6e675722f0a324d8e414955cd	10637	294	source	audited	full_bodies	SX-001	Examined 1-294. Exact child terminal/final-answer membership and maximal completed-row retention; activity order/pruning already shared with live events.
crates/syndic-storage/src/mutation/admission.rs	f12fae37ff0381562a4c298703fc2f18ed1ddc6b	6839	205	source	audited	full_bodies		Examined 1-205. Idle/accepted command selection and reserved promotion source custody are necessary; fixed public request fields bind draft/root/history/materialization and gate.
crates/syndic-storage/src/mutation/admission/accepted.rs	3524075454037f3da63ded0cec218bc5a0745380	15427	431	source	audited	full_bodies	SL-001	Examined 1-431. Accepted route extension versus fresh next-turn generation remains distinct; exact immutable input and order indexes retained. Candidate direct reader imports.
crates/syndic-storage/src/mutation/admission/idle.rs	9d16bcb02f6c966357dabe1f20ddb4ec53dc97af	12411	361	source	audited	full_bodies	SL-001;SL-002	Examined 1-361. Idle turn/item/context publication and stale transcript/build replacement retained; candidate direct reader imports and parent-index reuse.
crates/syndic-storage/src/mutation/admission/shared.rs	fdf34edf2e5bc060f9d8acb328a4a2b138d48a9a	21687	524	source	audited	full_bodies	SL-001	Examined 1-524. Full load_base candidate/session/history/asset proof and fixed reservation/write closure reviewed. Candidate direct imports and identical parent-index helper reuse.
crates/syndic-storage/src/mutation/admission/successor.rs	e97cb94512e33a271b5c6dcd43de7c55a5f83031	4491	94	source	audited	full_bodies		Examined 1-94. Authenticate checks exact intended/current accepted input and order plus one-step leaf promotion; durable successor observation cannot reconstruct linear custody.
crates/syndic-storage/src/mutation/admission_helpers.rs	a3ae4b894e3b50690363fba88f4c615be2bc4a3e	1681	48	source	audited	full_bodies	SL-001	Examined 1-48. Bounded ancestor-skip turn shape retained; parent-index constructor duplicates admission/shared exactly.
crates/syndic-storage/src/mutation/binding.rs	23fb3e47836c7f221f2a4da1351ab07af62288c2	17030	597	source	audited	full_bodies		Examined 1-597. Intent data and wrappers reviewed including test-fault scope; stable nominal requests retain operation-specific identities.
crates/syndic-storage/src/mutation/binding/abandon.rs	3d2554dc4e7598dfec841210250385e006d72f13	20409	503	source	audited	full_bodies	SL-003	Examined 1-503. Loss target, rejected leaf, checked reroute/terminal counts and atomic retirement reviewed; duplicate published-turn check can share only after branch gate checks.
crates/syndic-storage/src/mutation/binding/active.rs	80a102a5d9b5eacd78909360ec934bdc45805a86	21048	538	source	audited	full_bodies	SL-003	Examined 1-538. Activation, CAS-turn identity and route publication closures reviewed; possible shared binding publication effects preserve snapshots and route updates.
crates/syndic-storage/src/mutation/binding/cancel.rs	378a0c36565d892f9639ce95e2820d25c655f105	7468	202	source	audited	full_bodies	SL-003	Examined 1-202. Nondispatch/no-source/no-queue gate proves cancellation; reservation and membership remain atomic with valid binding.
crates/syndic-storage/src/mutation/binding/publish.rs	a26e6e18f6e45d38c37fb8e748cdd1107f781bd1	3764	136	source	audited	full_bodies		Examined 1-136. Public valid/stale request records preserve exact execution, represented prefix, native count, tool profile and lineage facts.
crates/syndic-storage/src/mutation/binding/transition.rs	4afd59c3f602c07f628cca02aa5c1dde2fa10b37	7484	216	source	audited	full_bodies	SL-003	Examined 1-216. Valid/stale/unbound preparation shares transition base; records carry optional reservation/membership for semantically different outcomes.
crates/syndic-storage/src/mutation/binding/validation.rs	7b347794f9cd48cf3b0a25cf1469a415add4fdd6	18657	500	source	audited	full_bodies	SL-R01	Examined 1-500. Every lineage/prefix/reservation body reviewed; retirement returns Some on every success, while historical traversal is bounded by selected-path helpers.
crates/syndic-storage/src/mutation/compaction/admission.rs	59015fc0b64c675eaff06f8dc76fcc77f79032e1	15210	387	source	audited	full_bodies		Examined 1-387. Exact idle admission, derived snapshot identity, provider live/stop target and terminal witness logic reviewed; distinct checks and error channels retained.
crates/syndic-storage/src/mutation/compaction/api.rs	9aa6d198fbf391f3c895174aa812fbd596fea02b	4806	161	source	audited	full_bodies		Examined 1-161. Current/expected-domain compaction command wrappers and abandonment-to-settlement adaptation are thin and behavior-specific.
crates/syndic-storage/src/mutation/compaction/continuation.rs	d66ae39905ff5428768e0e54f20fc7a2d289d9e2	18278	476	source	audited	full_bodies	SL-002;SL-R01	Examined 1-476. Accepted-next election precedes continuation; pure pending-turn/activity construction repeats admission and promotion, while receipt and preserved draft remain distinct.
crates/syndic-storage/src/mutation/compaction/mod.rs	936c524ca971e41588f01a1b96c026b6f893cc5d	14145	446	source	audited	full_bodies		Examined 1-446. All typed compaction requests and fixed lifecycle-content seal checked; immutable request metadata and system-derived identities retained.
crates/syndic-storage/src/mutation/compaction/observation.rs	13621fa63a5eb910a85873121bad4acc2ffee93a	10525	285	source	audited	full_bodies		Examined 1-285. Claim/request/provider event mutations reviewed; provider terminal and CAS-turn write sets differ and remain atomic.
crates/syndic-storage/src/mutation/compaction/settlement.rs	42928f0ecc6d525db6b9064054a1a3c14cab9c69	13773	373	source	audited	full_bodies	SL-003;SL-R01	Examined 1-373. All settlement eligibility, terminal event, retirement and exact receipt composition reviewed; successful-compaction predicate repeats continuation.
crates/syndic-storage/src/mutation/content.rs	b498d787cbee3b85e5356e08c3343fe20a24351c	10362	309	source	audited	full_bodies	SX-R02	Examined 1-309. Bounded contiguous content append with separate chunk/span/piece collision checks, manifest frontier and atomic contribution; no justified larger replacement.
crates/syndic-storage/src/mutation/content/validation.rs	5f468c6952e5205b306162174616edc74f610069	887	24	source	audited	full_bodies	SX-R02	Examined 1-24. Content-address identity and sealed frontier checks distinguish identity collision from manifest conflict; retain.
crates/syndic-storage/src/mutation/error.rs	bf8bbbfcf83a4be6654b4ecbfcd7921c9e7b4ac3	18742	453	source	audited	full_bodies	SC-002	All mutation error variants/Display/Error/From/callback bodies: exact formatted getters and six existing cause chains eligible for derive.
crates/syndic-storage/src/mutation/initial_content.rs	aecfee40f13be07b5f7e8876de5fb4a35c9240d0	2366	68	source	audited	full_bodies	SX-004	Examined 1-68. Same two chunk/span point-read loops repeated in present/absent manifest arms; candidate collapse expected optional value preserving exact collision behavior.
crates/syndic-storage/src/mutation/live.rs	14038c039fec621cfa871d4c9987052410aa7626	14806	465	source	audited	full_bodies	SX-002	Examined 1-465 including test-faults scope. Public event/freeze/finalize/completion wrappers and exact family reservations; freeze/finalize remain separate durable steps.
crates/syndic-storage/src/mutation/live/complete.rs	94c730873b78c89ce5112291c6f47262afd02963	2874	83	source	audited	full_bodies	SX-R02	Examined 1-83. Exact terminal transcript and compatible descendant gate validation already uses shared terminal_history proof; retain fixed gate-only effect.
crates/syndic-storage/src/mutation/live/event.rs	1c038cc3b308727edae9c695e2f2e736dd19f333	15733	417	source	audited	full_bodies	SX-R02	Examined 1-417. Ordered event identity/revision/timestamp admission, item counters, terminal source/gate effects and transcript refresh versus invalidation; preserve all error fences.
crates/syndic-storage/src/mutation/live/event/activity.rs	5451054048a7344cda44fe444a9c97315dfe5a72	16377	441	source	audited	full_bodies	SX-001,SX-003	Examined 1-441 including cfg(test) full-order retention case. Handoff duplicates ActivityEffect representation/contribution; pure activity order also duplicates validation calculation.
crates/syndic-storage/src/mutation/live/event/issue.rs	d08d6ffb90a6476fa00779d131fcc816abad2a76	3771	88	source	audited	full_bodies	SX-R02	Examined 1-88. Issue evidence and recomputed reason independent of current item lifecycle/index frontier; required error precedence retains completed-before-kind check.
crates/syndic-storage/src/mutation/live/event/item.rs	b50c26d4e3b8b1fc14ac6c76a9cf500fb81c7bc3	15642	426	source	audited	full_bodies	SX-003	Examined 1-426. First/user-correlation/subsequent frame cases preserve exclusive source/lifecycle and projection invalidation. Duplicate pure provider-kind presentation classification is local extraction candidate.
crates/syndic-storage/src/mutation/live/event/item/effect.rs	e779d33364d237113ae9d9380abf4fb504815a26	4158	122	source	audited	full_bodies	SX-R02	Examined 1-122. Atomic manifest/item/source/CAS indexes and projection invalidation; redundant provider_build identity equals item.id but no substantial standalone cut.
crates/syndic-storage/src/mutation/live/event/item/helpers.rs	34ed771176071ecc6c05604cacdfe8ecfde016c2	7044	216	source	audited	full_bodies	SX-003	Examined 1-216. Index/frontier checks retained. assistant_phase_for_frame duplicates validation phase fold; exact delta/unknown/conflict rules can share pure helper.
crates/syndic-storage/src/mutation/live/event/item/publication.rs	8eb24036ad06b08f246bc2b0210f73ffde851c8f	3888	98	source	audited	full_bodies	SX-R02,SQ-005	Examined 1-98. Staged structural proof and selected manifest frontier both necessary; SQ-005 boundary Read versus ProviderFrameValidationConflict mapping confirmed.
crates/syndic-storage/src/mutation/live/finalize.rs	dee1643b09cba6891bfbc1d7121cbd282aae9183	7370	184	source	audited	full_bodies	SX-002	Examined 1-184. Freeze/finalize duplicate exact next-item acquisition and summary/effect mechanics; finalized projection/source/media checks remain finalization-specific.
crates/syndic-storage/src/mutation/live/freeze.rs	8f4116358391b976f04b1d7f93fd3ce8552c18da	10139	265	source	audited	full_bodies	SX-002	Examined 1-265. Same exact next-item acquisition as finalize; freezes provider content and item revisions before projection completion. Selected-path and visibility filters must remain distinct.
crates/syndic-storage/src/mutation/live/terminal.rs	024dcdcc73e5b0045a26ab5e7f8ed47781736387	8177	220	source	audited	full_bodies	SX-R02	Examined 1-220. Terminal stop witness and valid binding advancement require distinct route, snapshot, active-turn and CAS reverse authority; existing reservation/membership helpers reused.
crates/syndic-storage/src/mutation/live/terminal/gate.rs	95bdc1d9466220258373e51f61c5c60d9b7d860c	13505	373	source	audited	full_bodies	SX-R02	Examined 1-373. Bounded steering reclassification and reactivation maintain ready/next sources atomically; exact stop/unknown-terminal states and counts retained.
crates/syndic-storage/src/mutation/projection.rs	91c1ad79b4765737a5b52171f23ee7dbdc6751da	2986	108	source	audited	full_bodies	SX-R02	Examined 1-108. Small grouped projection command wrappers; explicit current versus caller revision paths retain HomeStore semantics.
crates/syndic-storage/src/mutation/projection/advance.rs	5ad8e266d1ff3568ca9c0fbe0c1df706885f87aa	12115	299	source	audited	full_bodies	SX-006	Examined 1-299. Prepared output uses parallel record/presence vectors and three mutually exclusive continuation/publication options; smaller prepared representation feasible without skipping occupied-record equality.
crates/syndic-storage/src/mutation/projection/advance/finish.rs	6ff8854296e25f491544e673cca05bb1a641f940	4075	110	source	audited	full_bodies	SX-006	Examined 1-110. finish sets continuation or completed set/head exclusively; outcome enum can replace optional field state, retaining stable live prefix versus immutable EOF behavior.
crates/syndic-storage/src/mutation/projection/lifecycle.rs	62d8d78d926f7bc41799283c1686879a239ec1a6	9168	242	source	audited	full_bodies	SX-R02	Examined 1-242. Bounded latest generation lookup, append-compatible checkpoint seeding and historical set stability retained; start duplicates only mechanical superseded-build construction.
crates/syndic-storage/src/mutation/projection/materialize.rs	9ce85547913753e89c49c4b22e496113ec06d8e5	5616	180	source	audited	full_bodies	SX-R02	Examined 1-180. Source-preserving inline/resource/media materialization binds immutable identities and exact ranges; avoid generic parser-output replacement losing resource provenance.
crates/syndic-storage/src/mutation/projection/parser.rs	edc04e4a3652af08ff87db1a93e8b3c37b8a083f	16772	463	source	audited	full_bodies	SX-005,SX-R01	Examined 1-463. Durable bounded line/block state and stable checkpoint semantics retained. Repeated open-block take/reconstruction can reduce locally with owned or borrowed state.
crates/syndic-storage/src/mutation/projection/parser/output.rs	16442a84318a4493fd548a34466b4c7ed31eab7a	12284	418	source	audited	full_bodies	SX-005,SX-R01	Examined 1-418. Paragraph/fallback append, flush and finish mechanics repeat; use borrowed alternation and one restoration after a bounded split loop while preserving distinct tags.
crates/syndic-storage/src/mutation/projection/parser/syntax.rs	2d24ab2b4373c30b5cd7a922de41aab76c28afed	5478	176	source	audited	full_bodies	SX-005,SX-R01	Examined 1-176. Explicit bounded GFM recognition/fallback policy; transient delimiter/thematic Vecs unnecessary but not standalone savings claim.
crates/syndic-storage/src/mutation/projection/range.rs	c735d45e6097eda84df674fbef32f85fb6e7e381	16420	419	source	audited	full_bodies	SX-R02	Examined 1-419. Composer piece EOF includes zero-width markers; provider narrative uses exact generation/range and UTF8 carry. Separate source framing remains necessary.
crates/syndic-storage/src/mutation/projection/start.rs	21ce67fa49498f1e09f36feae148d4b4a5ea371d	5356	141	source	audited	full_bodies	SX-R02	Examined 1-141. Exact next generation and seed validation preserve already-current and supersession errors; mechanical superseded constructor duplicate with lifecycle only.
crates/syndic-storage/src/mutation/promotion.rs	a1413e716d32b8b0ad8b17319e2c978c05015b96	6315	182	source	audited	full_bodies		Examined 1-182. Promotion binds opaque earliest candidate, stable ids and source domain revision; fixed reservation list preserves all atomic effects.
crates/syndic-storage/src/mutation/promotion/records.rs	6ecc779cf21ec42dc64e927f0e41a4fe400d96e4	9145	228	source	audited	full_bodies	SL-002	Examined 1-228. Full immutable candidate equality before promotion; pending-turn/item construction repeats idle/continuation and read-side exact oracle.
crates/syndic-storage/src/mutation/promotion/records/projection.rs	25a901ccd71f6cdedeefeef071212f76bcb9e89a	4839	145	source	audited	full_bodies	SL-002	Examined 1-145. Projection creation repeats initial activity pair; transcript-build read and head identity validation must stay at current boundary.
crates/syndic-storage/src/mutation/promotion/records/route.rs	fb4abcf7bee83a8c5f8a34f590ac1bdb76d279cb	7241	174	source	audited	full_bodies	SL-004	Examined 1-174. Pure route/leaf successor construction duplicates read/promotion/exact with different error mapping; older generation must leave newer route head intact.
crates/syndic-storage/src/mutation/promotion/records/validation.rs	24a29b8bbb5a9a022f840437a9c931c658df3251	4031	97	source	audited	full_bodies		Examined 1-97. Complete candidate value comparison and collision checks retain typed promotion conflict and fixed parent lifecycle reads.
crates/syndic-storage/src/mutation/provider_frame/completion.rs	d650a4dd7ea05827722964f591f04eec98da1013	4393	128	source	audited	full_bodies	SX-R02,SQ-005	Examined 1-128. Completion advances one expected build; SQ-005 shared validation-error caller map preserves Read versus ComparisonConflict.
crates/syndic-storage/src/mutation/provider_frame/contribution.rs	82dfe6a1390b450684c5da5fb0a9fa206d1ef44e	12874	356	source	audited	full_bodies	SX-R02	Examined 1-356. Provider frame/observation begin wrappers already share one mutation; independent manifest and staged chunk/span identity checks protect publication.
crates/syndic-storage/src/mutation/provider_frame/mod.rs	44b66e9d47e927b50b6319a868b071ccd8b26631	571	16	source	audited	declarations_only		Examined 1-16. Declaration-only module/reexport boundary for provider preparation, staging, comparison and contribution.
crates/syndic-storage/src/mutation/provider_frame/prepare.rs	f2834d460321d097fd8c5d8a22ca8e55f64e9633	17119	498	source	audited	full_bodies	SP-003	Examined 1-498. Second NarrativeCountingSink repeats entire frame encode after first count; SP-003 incremental mutation opportunity confirmed by AgentMessage/Plan item/delta encoder bodies.
crates/syndic-storage/src/mutation/provider_frame/stage.rs	fc6b9f2812efd3130111c3eb010cbb19ca62cf8c	21532	541	source	audited	full_bodies	SP-003,SX-R02	Examined 1-541. Full synchronous staging, resume frontiers, callback result and receipt/custody propagation; preparation-pass deletion does not remove this independent durable traversal.
crates/syndic-storage/src/mutation/provider_frame/stage/batch.rs	f73a239c83330238f148c9a00e6ce66efbb77fef	9284	241	source	audited	full_bodies	SX-R02	Examined 1-241. Batch size, exact next-build construction, chunk/span continuity and narrative chain revalidation remain required before write.
crates/syndic-storage/src/mutation/provider_observation.rs	262c85ac7b20291352a2b0449e92b54b0b6b033c	5106	145	source	audited	full_bodies	SX-R02	Examined 1-145 including test-faults scope. One typed normalized observation stage with exact expected frontier and optional chunk, no duplicated semantic conversion at this boundary.
crates/syndic-storage/src/mutation/stop.rs	dbe6a0b30bbaac5f9bab77ee89c341f0267f4b9a	10624	377	source	audited	full_bodies		Examined 1-377. Stop requests expose separate ordinary-route and provider forms; claim/join/reopen remain distinct behavior and revision authority.
crates/syndic-storage/src/mutation/stop/abandonment.rs	d5021d9049f6dfa4f103f12a6090be1c04466add	21168	523	source	audited	full_bodies	SL-003;SL-R01	Examined 1-523. Ordinary abandonment enters FinalizingHistory with exact event/state, route and stale binding; cannot merge provider's direct Idle settlement.
crates/syndic-storage/src/mutation/stop/abandonment/provider.rs	a9bb2d08af152f58e4dc8d06fc77e7d30e382e2d	12268	324	source	audited	full_bodies	SL-003;SL-R01	Examined 1-324. Provider abandonment closes exact stop and compaction with receipt and retirement; repeated binding writer and terminal event mechanics are candidates.
crates/syndic-storage/src/mutation/stop/admission.rs	9fb5555fc18c74b19ded16174fa1834490cf9d6f	15519	371	source	audited	full_bodies		Examined 1-371. Stop admission reroutes only ready work, forbids delivering, and distinguishes provider handoff; all optional write fields examined.
crates/syndic-storage/src/mutation/stop/authority.rs	b416c926101fc253e0cb8b6fcbcd6335a5160320	10915	274	source	audited	full_bodies		Examined 1-274. Ordinary and provider live-stop proofs intentionally differ; reverse ownership, generation and stopped-descendant predicates retained.
crates/syndic-storage/src/mutation/stop/transition.rs	924b8c7c55dbf8361147c3ffada45660b40135f2	12176	343	source	audited	full_bodies		Examined 1-343. Cause/claim successors and ordinary/provider reopen reviewed; interrupting approval prohibition and fresh route generation remain explicit.
crates/syndic-storage/src/mutation/thread_properties.rs	763958a8b87ae09e363dbf16d98b9154cfe833e5	11379	330	source	audited	full_bodies	SX-R02	Examined 1-330. Independent title/archive/usage revisions and immutable title provenance/current provider usage route are distinct mutations; common trait glue too small to justify framework.
crates/syndic-storage/src/mutation/thread_properties/catalog.rs	d7cde3bc9122b0f77526a340b83f0fb2c02cd13e	5407	147	source	audited	full_bodies	SX-R02	Examined 1-147. Opaque catalog replacement and validation-only source fences compare exact records; retain independent from rebuildable title derivation.
crates/syndic-storage/src/mutation/transcript.rs	c38eb64eab92ff08e3c034202440001a5af79701	2818	100	source	audited	full_bodies	SX-R02	Examined 1-100. Transcript command wrappers expose exact generation/revision requests with current and composed HomeStore entry points.
crates/syndic-storage/src/mutation/transcript/advance.rs	a326b301c51ebeaa377b249d43e7145b24ec8e16	5663	156	source	audited	full_bodies	SX-R02	Examined 1-156. Advance admits captured nonfuture revision with exact selected tail/path, dispatches collecting/publication; prepared head always supplied by both branches.
crates/syndic-storage/src/mutation/transcript/invalidate.rs	dd49415ffab5ae27539a2485ac820e764b5074fd	3584	105	source	audited	full_bodies	SX-R02	Examined 1-105. Latest active build lookup bounded to one; supersession and stale head preserve selected-path generation and exact revision.
crates/syndic-storage/src/mutation/transcript/path.rs	8dd73ab1182d0ea4f72947e4878e403106f79fc0	3948	112	source	audited	full_bodies	SX-R02	Examined 1-112. Tail-to-root path collection commits one turn and exact state snapshot per step, then root-to-tail publication; retain phase order.
crates/syndic-storage/src/mutation/transcript/publication.rs	2a707a6aafec2c7dbd49c1e4c1ae9d135bec23f9	11549	311	source	audited	full_bodies	SX-R02	Examined 1-311. Bounded membership batch with independent projection identity proof; redundant parallel next-projection counters/final self-consistency checks can simplify using validated cursor.
crates/syndic-storage/src/mutation/transcript/refresh.rs	88251ff2b5e318f92f20926ecba6c03f668792fc	1634	47	source	audited	full_bodies	SX-R02	Examined 1-47. Presentation-neutral refresh updates only selected current historical path row; no rebuild or current-tail equality substitution.
crates/syndic-storage/src/mutation/transcript/start.rs	340c669a1eb4065ac7386e9272683bd5916a397e	7427	216	source	audited	full_bodies	SX-R02	Examined 1-216. Start validates exact stale generation and nonfuture source revision; selected head always present, separate path/entry collision point pages retained.
crates/syndic-storage/src/native_projection.rs	02fc482562f0ddddf47689d9b06cf9ee78d6a602	12342	347	source	audited	full_bodies		All native request/basis/source/plan/error/read bodies: current/fresh/resume/fork/unavailable and target-owned retirement remain distinct; typed acquisition retained.
crates/syndic-storage/src/native_projection/classify.rs	4549b5e65b3cf519dc1183abe865bd161fc993b2	13684	362	source	audited	full_bodies		All native classification/source/correlation bodies: exact provider terminal event, CAS reservation, execution/tool profile and bounded ancestry checks; no substantial cut.
crates/syndic-storage/src/pristine_thread.rs	0740c7ba7704ea750a569c5b42d7b6cb56e17c23	31621	854	source	audited	full_bodies	SC-004	All pristine inspection/facts/mutation/deletion bodies: 17 repeated required-read absence branches; exact closure/fingerprint and stable error boundaries retained.
crates/syndic-storage/src/projection.rs	c352167809171708fa01b336f9ed4307ee1e03d0	8472	256	source	audited	full_bodies		All projection identity/payload/tag/hash bodies: exact V7 SHA256 domains and canonical provenance; no substantial replacement.
crates/syndic-storage/src/provider_frame_test_support.rs	bf57015a0b311a729f2e8dcb4b514a02e15c9587	84	1	test_support	audited	declarations_only		Sole gated re-export inspected; independent bounded provider decoder access remains feature restricted.
crates/syndic-storage/src/provider_item.rs	2ff6fd227d7957904c2c0e91f4401cc324fbae8c	259	14	source	audited	declarations_only		Declaration/re-export boundary; keeps item model ownership explicit.
crates/syndic-storage/src/provider_item/codec.rs	0e02776a51a2a3e19955915e14525eea137860c2	5463	159	source	audited	full_bodies		Complete sink contract, bounded/streaming limits, frame encode/decode error types and feature-gated materializer exports read; bounded oracle remains separate from production validation.
crates/syndic-storage/src/provider_item/codec/decode.rs	7f2f76c23fd263d252b8a0821a10126c528691ef	11022	314	source	audited	full_bodies	SP-006	Bounded independent decoder retained as feature-gated oracle; full materialization is excluded from production and preserves exact validation parity.
crates/syndic-storage/src/provider_item/codec/decode/item.rs	30dd3e39f76807677e33b9f1c317188d5f213741	3970	100	source	audited	full_bodies	SP-006	Independent feature-gated materializer covers every closed item/delta field; retain oracle separation from streaming validator and exact tags/content reference rejection.
crates/syndic-storage/src/provider_item/codec/decode/item/activity.rs	639c53d36a6faa5789e274a55710769fbbff2452	5829	134	source	audited	full_bodies	SP-006	Independent feature-gated materializer covers every closed item/delta field; retain oracle separation from streaming validator and exact tags/content reference rejection.
crates/syndic-storage/src/provider_item/codec/decode/item/execution.rs	b9789e0f31a4d10d565233e8e0b0d9754fb04597	8734	205	source	audited	full_bodies	SP-006	Independent feature-gated materializer covers every closed item/delta field; retain oracle separation from streaming validator and exact tags/content reference rejection.
crates/syndic-storage/src/provider_item/codec/decode/item/message.rs	5b985d73987ec6195c4d1e17d16a0245e1636314	4299	107	source	audited	full_bodies	SP-006	Independent feature-gated materializer covers every closed item/delta field; retain oracle separation from streaming validator and exact tags/content reference rejection.
crates/syndic-storage/src/provider_item/codec/encode.rs	91a2e6ab9fe0c250afe2ec6872abd1924f5ecc9f	11262	323	source	audited	full_bodies	SP-001	Full typed encoder preserves PIV1 field order, byte tags, text roles, references and sink chunk bounds; cross-path writer consolidation evaluated separately.
crates/syndic-storage/src/provider_item/codec/encode/item.rs	4fc6d6481901121bcf0915d4ce946367b3c1d26d	5396	149	source	audited	full_bodies		Full typed encoder preserves PIV1 field order, byte tags, text roles, references and sink chunk bounds; cross-path writer consolidation evaluated separately.
crates/syndic-storage/src/provider_item/codec/encode/item/activity.rs	86c0c65cfd7402068d3e1c618e1a5796bc72151a	5180	134	source	audited	full_bodies		Full typed encoder preserves PIV1 field order, byte tags, text roles, references and sink chunk bounds; cross-path writer consolidation evaluated separately.
crates/syndic-storage/src/provider_item/codec/encode/item/execution.rs	ef80c4a43631ae09854618a8e1be9d21f37a0e4c	8091	219	source	audited	full_bodies		Full typed encoder preserves PIV1 field order, byte tags, text roles, references and sink chunk bounds; cross-path writer consolidation evaluated separately.
crates/syndic-storage/src/provider_item/codec/encode/item/message.rs	7d62046c9dfc08e594e44e61c893f7b7e8aed941	2870	79	source	audited	full_bodies		Full typed encoder preserves PIV1 field order, byte tags, text roles, references and sink chunk bounds; cross-path writer consolidation evaluated separately.
crates/syndic-storage/src/provider_item/codec/stream.rs	c8c91c6163a28adc0e65d82b76abcb8cefcc456f	9363	281	source	audited	full_bodies	SP-006	Constant-resident frame reader preserves byte digest, structural rejection and regenerated span facts; full-value decoder cannot replace streaming path.
crates/syndic-storage/src/provider_item/codec/stream/item.rs	7674ece09ab284fe9e0cba4f16ec32f6fd0e378d	7376	214	source	audited	full_bodies	SP-006	Constant-resident frame reader preserves byte digest, structural rejection and regenerated span facts; full-value decoder cannot replace streaming path.
crates/syndic-storage/src/provider_item/codec/stream/item/activity.rs	3c61f27e47c0407bbbe9c676f5bd82f30ed7ff5c	4559	116	source	audited	full_bodies	SP-006	Constant-resident frame reader preserves byte digest, structural rejection and regenerated span facts; full-value decoder cannot replace streaming path.
crates/syndic-storage/src/provider_item/codec/stream/item/execution.rs	89cbb35c9d6bcb4f4b68860ef44536c063abe5de	6522	165	source	audited	full_bodies	SP-006	Constant-resident frame reader preserves byte digest, structural rejection and regenerated span facts; full-value decoder cannot replace streaming path.
crates/syndic-storage/src/provider_item/codec/stream/item/message.rs	8cb331415189fcd5519b25e10809bdea74618fe8	4083	109	source	audited	full_bodies	SP-006	Constant-resident frame reader preserves byte digest, structural rejection and regenerated span facts; full-value decoder cannot replace streaming path.
crates/syndic-storage/src/provider_item/codec/stream/structured.rs	6dec678720d2231d7c44a806a2803db4abc0f9b0	6180	177	source	audited	full_bodies	SP-006	Constant-resident frame reader preserves byte digest, structural rejection and regenerated span facts; full-value decoder cannot replace streaming path.
crates/syndic-storage/src/provider_item/codec/stream/text.rs	1ca2f4a804b80386ba5d5c1114c60b1e9769c55c	7039	189	source	audited	full_bodies	SP-006,SP-007	Constant-resident frame reader preserves byte digest, structural rejection and regenerated span facts; full-value decoder cannot replace streaming path.
crates/syndic-storage/src/provider_item/codec/stream/utf8.rs	cf2e8a6fdb554e29b60c9f871ef4c66d636abc7d	1743	54	source	audited	full_bodies	SP-006	Constant-resident frame reader preserves byte digest, structural rejection and regenerated span facts; full-value decoder cannot replace streaming path.
crates/syndic-storage/src/provider_item/codec/tags.rs	7482b1f1a1b8b59e905030584063c99dd3db09ce	337	11	source	audited	declarations_only		All explicit PIV1 observation, text and option tag constants read; tiny persisted format declarations are retained.
crates/syndic-storage/src/provider_item/error.rs	ea21e2ed9fb00b6d51fb9271b5dc9749c8837fc5	3825	70	source	audited	declarations_only		Typed validation error variants already use thiserror; preserve distinct identity, lifecycle, depth, locator, status and overflow errors.
crates/syndic-storage/src/provider_item/frame.rs	258a8ef1a3827efd659d54b254c2a0b8917b3c6c	12378	441	source	audited	full_bodies		Checked frame/span identity and lifecycle facts remain compact; typed errors already use thiserror; preserve completion-only and monotonic history support.
crates/syndic-storage/src/provider_item/frame/lifecycle.rs	f6ebbf40d7bca20a98fd63bcaf3206ec2b149542	9720	284	source	audited	full_bodies	SP-002	Checked frame/span identity and lifecycle facts remain compact; typed errors already use thiserror; preserve completion-only and monotonic history support.
crates/syndic-storage/src/provider_item/structured.rs	afce23be583f25744405230716a11dbdc95b2c60	9632	335	source	audited	full_bodies	SP-006	Typed structured/reference/privacy boundary and exact frame transport declarations retained; ordered object entries and numeric bits prohibit casual serde_json Value substitution.
crates/syndic-storage/src/provider_item/structured/locator.rs	5bf755e5d01ae2a6d29735ea6d70416859358414	7072	233	source	audited	full_bodies	SP-007	Fixed-state URI validation preserves exact bytes, data-image classification and arbitrarily long streamed locators; std IPv6 parser already reused. Whole-string URL parsing is not a streaming substitute.
crates/syndic-storage/src/provider_item/structured/locator/authority.rs	cd159204e4e398d5197931a71655fea952233a75	8017	295	source	audited	full_bodies	SP-007	Fixed-state URI validation preserves exact bytes, data-image classification and arbitrarily long streamed locators; std IPv6 parser already reused. Whole-string URL parsing is not a streaming substitute.
crates/syndic-storage/src/provider_item/validate.rs	ac57b555b5f3193c3da244435a4b133c3e5c53f2	12435	341	source	audited	full_bodies		Full item/text/reference/completion validation mirrors closed value variants; retain depth/frontier/status checks pending codec synthesis.
crates/syndic-storage/src/provider_item/value.rs	d6b1f129317bf7852f7f004030577fb7f09bd07b	3302	81	source	audited	full_bodies	SP-006	Closed item union, kind dispatch and unsupported-WebSearch history facts preserve domain distinctions; validate delegates to shared item validation.
crates/syndic-storage/src/provider_item/value/auxiliary.rs	6161a4471363c1a84d7f96e2e6c8c3675e3c6dec	1592	60	source	audited	declarations_only		Closed normalized item payload declarations; distinct semantic variants retain exact metadata without catch-all JSON.
crates/syndic-storage/src/provider_item/value/collaboration.rs	b72b34ed3d11785cf7a3c6b39e83f04957c73fba	1705	69	source	audited	declarations_only		Closed normalized item payload declarations; distinct semantic variants retain exact metadata without catch-all JSON.
crates/syndic-storage/src/provider_item/value/execution.rs	ea6ca12c432edeea3a0cc79404a26f3d331574a7	4085	151	source	audited	declarations_only		Closed normalized item payload declarations; distinct semantic variants retain exact metadata without catch-all JSON.
crates/syndic-storage/src/provider_item/value/message.rs	57cb689845a7a0dd9d2f93bf88e60cbfeec7b585	1628	63	source	audited	declarations_only		Closed normalized item payload declarations; distinct semantic variants retain exact metadata without catch-all JSON.
crates/syndic-storage/src/provider_observation.rs	ad43e174a75c16a0a694d0984a30fe371444e9ea	2689	65	source	audited	declarations_only		All module/re-export declarations and identity bound read; keeps private grammar/validator and public custody/staging boundaries explicit.
crates/syndic-storage/src/provider_observation/canonical.rs	4eed01907904fdd6297e23282e3bf1079456cf91	6949	186	source	audited	full_bodies		Canonical observation hashing intentionally ignores physical fragmentation while retaining control/number/field order; exact digest domain and escape rules retained.
crates/syndic-storage/src/provider_observation/compaction_marker.rs	238c22ff12d864b4eebd66dfb118a9eaaf7cc872	6770	169	source	audited	full_bodies		Compact source-free marker reuses typed validation with bounded identity/timestamp; no durable staging needed for this route.
crates/syndic-storage/src/provider_observation/compiler.rs	85be72b028a5a4a5436de8d20112ab4db75fd29c	14571	400	source	audited	full_bodies		Route-bound preparation and closed grammar retain move-only replay custody and typed semantic outcomes; cross-path encoding examined separately.
crates/syndic-storage/src/provider_observation/compiler/encode.rs	82cf32bf5a7d445f3031d59d2b6c58f08dfb5788	10389	316	source	audited	full_bodies	SP-001	Full observation-to-PIV1 emitter read: field selectors stream staged text and preserve exact field/default/tag order; common frame byte writer is a concrete reduction.
crates/syndic-storage/src/provider_observation/compiler/encode/item.rs	d766c8319787b6f56e9cc4c18b185680d356bce9	10533	288	source	audited	full_bodies	SP-003	Full observation-to-PIV1 emitter read: field selectors stream staged text and preserve exact field/default/tag order; common frame byte writer is a concrete reduction.
crates/syndic-storage/src/provider_observation/compiler/encode/item/activity.rs	42d7ff4a7ceeebe574701b38d623168dc4ee3bd3	6325	165	source	audited	full_bodies		Full observation-to-PIV1 emitter read: field selectors stream staged text and preserve exact field/default/tag order; common frame byte writer is a concrete reduction.
crates/syndic-storage/src/provider_observation/compiler/encode/item/execution.rs	556f1aa1f727dd098160c0ee7ebbcd4f242d7c03	5252	134	source	audited	full_bodies		Full observation-to-PIV1 emitter read: field selectors stream staged text and preserve exact field/default/tag order; common frame byte writer is a concrete reduction.
crates/syndic-storage/src/provider_observation/compiler/encode/item/execution/tool.rs	82f78f4ebfda43115edc4400541b86fa108f36b0	5372	113	source	audited	full_bodies		Full observation-to-PIV1 emitter read: field selectors stream staged text and preserve exact field/default/tag order; common frame byte writer is a concrete reduction.
crates/syndic-storage/src/provider_observation/compiler/encode/item/message.rs	0f82e7b09e9ca9d321667c82d6427488361da0cc	3940	101	source	audited	full_bodies	SP-003	Full observation-to-PIV1 emitter read: field selectors stream staged text and preserve exact field/default/tag order; common frame byte writer is a concrete reduction.
crates/syndic-storage/src/provider_observation/compiler/encode/structured.rs	07f1895cfccc270ae0675a57e558dc73b0cfb7fd	2352	62	source	audited	full_bodies		Full observation-to-PIV1 emitter read: field selectors stream staged text and preserve exact field/default/tag order; common frame byte writer is a concrete reduction.
crates/syndic-storage/src/provider_observation/compiler/replay.rs	9f6500721215af9957b6c2b65a60224d29a6db67	9309	263	source	audited	full_bodies		Every selector/replay body read; scans revalidate canonical sealed state with fixed paths and exact ownership; shared text selection loop can remove duplicate summary/output traversal code.
crates/syndic-storage/src/provider_observation/compiler/replay/query.rs	8e4f6e5b8694bb6881ced356a7f7d6287c8a623f	12057	377	source	audited	full_bodies		Every selector/replay body read; scans revalidate canonical sealed state with fixed paths and exact ownership; shared text selection loop can remove duplicate summary/output traversal code.
crates/syndic-storage/src/provider_observation/compiler/replay/query/structured.rs	55f3e86a1edadae1093261f592d47b166cfa2a5c	4339	106	source	audited	full_bodies		Every selector/replay body read; scans revalidate canonical sealed state with fixed paths and exact ownership; shared text selection loop can remove duplicate summary/output traversal code.
crates/syndic-storage/src/provider_observation/compiler/replay/query/text.rs	1fe20e584cb5fdefc62f48d357115a5342ded78e	6544	167	source	audited	full_bodies	SP-004	Every selector/replay body read; scans revalidate canonical sealed state with fixed paths and exact ownership; shared text selection loop can remove duplicate summary/output traversal code.
crates/syndic-storage/src/provider_observation/compiler/stage.rs	c603625393eac6b8bdbb08c6b533386678a7383b	1680	48	source	audited	full_bodies		All count/prepare/stage bodies read; preserve exact prepared target and commit outcomes. Narrative-only second counting pass and duplicate lifecycle transition are concrete simplification candidates.
crates/syndic-storage/src/provider_observation/compiler/stage/prepare.rs	0e1f228287ef86b8dbe62eb4dddf771490d116a4	11023	295	source	audited	full_bodies	SP-002,SP-003	All count/prepare/stage bodies read; preserve exact prepared target and commit outcomes. Narrative-only second counting pass and duplicate lifecycle transition are concrete simplification candidates.
crates/syndic-storage/src/provider_observation/compiler/stage/staging.rs	86c994a8ef6ce35b38ceeba59d3ab973da22c274	18421	469	source	audited	full_bodies		All count/prepare/stage bodies read; preserve exact prepared target and commit outcomes. Narrative-only second counting pass and duplicate lifecycle transition are concrete simplification candidates.
crates/syndic-storage/src/provider_observation/compiler/stage/staging/count.rs	eedee9eb4f0e9cf813c0e6fdb34a08519db33cd2	7330	207	source	audited	full_bodies	SP-003	All count/prepare/stage bodies read; preserve exact prepared target and commit outcomes. Narrative-only second counting pass and duplicate lifecycle transition are concrete simplification candidates.
crates/syndic-storage/src/provider_observation/cursor.rs	204333427aaeabdae8367210f7826e7ba9a69e71	14720	430	source	audited	full_bodies		Bounded route-bound cursor and resumed replay retain sealed-build checks, exact chunk ordinals and terminal EOF; no whole-observation materialization.
crates/syndic-storage/src/provider_observation/grammar.rs	96172094d47b9402bef9f722d4c21191399e30e4	11699	477	source	audited	full_bodies		Route-bound preparation and closed grammar retain move-only replay custody and typed semantic outcomes; cross-path encoding examined separately.
crates/syndic-storage/src/provider_observation/grammar_tags.rs	051fe6c22f95d01ffbe4b3cfb25e345ef40f4254	1487	53	source	audited	full_bodies		All explicit observation enum mapping macro declarations read; persisted tag authority retained without ordinal inference.
crates/syndic-storage/src/provider_observation/issue.rs	ed9e4cfc201f09c3b6d4b05341f4ae2f342e4a39	11456	279	source	audited	full_bodies		Issue evidence replays exact sealed observation and earlier source interval; conflict classifier retains typed lifecycle failure rather than fabricating item history.
crates/syndic-storage/src/provider_observation/schema.rs	6db9b303c5a7a94f7667bd210bc01c63463a694e	8579	274	source	audited	full_bodies		Compact field/object schemas already share required/default/nullable and enum validation; preserve late discriminants, object ownership and exact field sets.
crates/syndic-storage/src/provider_observation/schema/items.rs	aa54db8636af73937d4f5b68dea3a481f3baa965	6739	198	source	audited	full_bodies		Compact field/object schemas already share required/default/nullable and enum validation; preserve late discriminants, object ownership and exact field sets.
crates/syndic-storage/src/provider_observation/schema/objects.rs	06897e5de56c4e695b912f31a14c8d577d1e10c7	5449	133	source	audited	full_bodies		Compact field/object schemas already share required/default/nullable and enum validation; preserve late discriminants, object ownership and exact field sets.
crates/syndic-storage/src/provider_observation/staging.rs	77c959371c225df0c458b797ed7b7ef2483f7aaa	19005	515	source	audited	full_bodies		Stager retains cloned prospective validation until definite commit and consuming seal custody; no smaller generic outcome wrapper may erase indeterminate ownership.
crates/syndic-storage/src/provider_observation/validator.rs	83b40a6aabec74e0be08abb4c6a7cb9776f44484	10341	248	source	audited	full_bodies		Full resumable typed validator enforces depth, duplicate/required fields, exact contexts, UTF-8 and bounded identities; current persisted state shape is V7 authority.
crates/syndic-storage/src/provider_observation/validator/structure.rs	f300e554353a84c102f8c95ee684b1ad60b27e45	11022	278	source	audited	full_bodies		Full resumable typed validator enforces depth, duplicate/required fields, exact contexts, UTF-8 and bounded identities; current persisted state shape is V7 authority.
crates/syndic-storage/src/provider_observation/validator/value.rs	87fed5b53c80413865ebfefe631ab184399d9358	16190	413	source	audited	full_bodies	SP-007	Full resumable typed validator enforces depth, duplicate/required fields, exact contexts, UTF-8 and bounded identities; current persisted state shape is V7 authority.
crates/syndic-storage/src/provider_observation/validator_types.rs	9b7a8e620732d8a55d8219bd17524056a185a119	5084	175	source	audited	full_bodies		Full resumable typed validator enforces depth, duplicate/required fields, exact contexts, UTF-8 and bounded identities; current persisted state shape is V7 authority.
crates/syndic-storage/src/read.rs	a87b3c11add8ab13dbaf4fc6449b71bb710e542f	20394	586	source	audited	full_bodies		1-586: thin typed point wrappers and bounded page values retain public family separation; ContextOwnerKey removal belongs SS-003; current binding checks head and exact immutable revision.
crates/syndic-storage/src/read/accepted_delivery.rs	a1b6a6964fb39fcb3de417a1854a609e36adbb73	236	8	source	audited	declarations_only		1-8: module/re-export routing only.
crates/syndic-storage/src/read/accepted_delivery/ready.rs	a53e415f4f9cf741bf52a17b4adf786c8019f234	13481	383	source	audited	full_bodies	SQ-001	1-383: fixed twelve-point eligible closure, early-result anchor confirmation and test-fault accounting; possible common confirmation helper must preserve ordered anchor checks.
crates/syndic-storage/src/read/accepted_delivery/reconciliation.rs	aa8f68fa094142146f8b6c250eb3c972834bacad	12756	328	source	audited	full_bodies		1-328: one shared transition request classifier already covers four operations; retained successor proof and promoted-successor history semantics.
crates/syndic-storage/src/read/accepted_delivery/validation.rs	49f3cc4bf130cc2577c615312e03dee055318c4d	5631	135	source	audited	full_bodies	SQ-001	1-135: route membership and execution tuple checks protect different relationships; preserve loaded-generation and activation-time predicates.
crates/syndic-storage/src/read/accepted_next.rs	9fb1cab2b3c0a766fdfc8e3b79e71cda1763c4be	9638	309	source	audited	full_bodies		1-309 and included tests/unit/accepted_next_row_bound.rs: fixed promotion basis is consumed by mutation and reconciliation; source page mechanics sharing candidate.
crates/syndic-storage/src/read/accepted_next/candidate.rs	279177fb40ba132451855fe311edade671029862	10041	257	source	audited	full_bodies		1-257: one-row ordered scan stops at earliest candidate, advances terminal rows, fences both success/error by domain revision; retain earliest-source proof.
crates/syndic-storage/src/read/accepted_next/candidate/authority.rs	3b8faeff0740d3ef2ec902e7f9db844d6ce794cb	5349	141	source	audited	full_bodies		1-141: source authority, route membership, and effective reason have distinct eligibility semantics; no generic state-machine replacement.
crates/syndic-storage/src/read/accepted_next/candidate/basis.rs	8cff36c553f6ace7a02490b1e16b452775ecbba0	3155	87	source	audited	full_bodies		1-87: fixed bounded promotion basis acquisition consumed by mutation/promotion; do not replace with identifier-only replay authority.
crates/syndic-storage/src/read/accepted_next/candidate/scan.rs	4002e224ee0da6b9ca3b582eda17dd105b914fc4	2468	78	source	audited	full_bodies		1-78: exact cursor acquisition preserves stored and decoded byte charges; compare shared ReadByteTotals rather than new dependency.
crates/syndic-storage/src/read/accepted_next/candidate/validation.rs	560fd471b526077484423950201a3400cc6fb727	4346	95	source	audited	full_bodies		1-95: candidate-specific source/input/binding/projection checks retain stale-transcript promotion exception.
crates/syndic-storage/src/read/accepted_next/source.rs	12c9c5a70218da610c6c0b1382d50528964f678e	3645	91	source	audited	full_bodies	SQ-007	1-91: revision-fenced ordered compact-source page duplicates accepted_ready source transport mechanics.
crates/syndic-storage/src/read/accepted_ready.rs	48f9745a32b5c47fc1ec22e51d1535b4fabe3c18	4483	148	source	audited	full_bodies		1-148: typed source/candidate cursors and bounded result APIs distinguish source revision from anchor-bound candidate pages.
crates/syndic-storage/src/read/accepted_ready/candidate.rs	f03d1831094e5526cabecbf4f6cac7ca2016bff4	11675	282	source	audited	full_bodies		1-282: compact source snapshot and scanned-ordinal continuation remain local; filtered result cannot advance only returned rows.
crates/syndic-storage/src/read/accepted_ready/source.rs	94721aad7bfa00fa1e6ef933b5470ab43defcc90	3546	88	source	audited	full_bodies	SQ-007	1-88: revision-fenced ordered compact-source page duplicates accepted_next source transport mechanics.
crates/syndic-storage/src/read/admission.rs	6b2659626bf87bf1ae81191355ecad6203462afe	22971	537	source	audited	full_bodies		1-537: double-observed exact first-acceptance closure; fresh_keys and fresh_records_are_exact duplicate canonical fresh root/history derivation.
crates/syndic-storage/src/read/binding.rs	546481a156cb6cbd367cc1f645711ea23b39798e	17423	439	source	audited	full_bodies		1-439: binding publication and permanent CAS reservation classifiers already shared; exact owner retirement and predecessor eligibility remain necessary.
crates/syndic-storage/src/read/binding/publication.rs	576edf72c13eccca7c3465e0a096f8af6ba09f8e	18248	465	source	audited	full_bodies		1-465: abandonment distinguishes prior/live versus historical exact targets; bool plus optional source_gate_revision in rejected_leaf_matches can become an explicit stage.
crates/syndic-storage/src/read/capture.rs	cebf9dca844d072fc4953d223ee31e73fd1bc658	5723	162	source	audited	full_bodies		1-162: item/index/resource stabilization protects selected live capture; item content and resource options represent independently observed corruption states.
crates/syndic-storage/src/read/capture_text.rs	763d14d4f799f72fbf7265a89e5feea4d983704f	5465	164	source	audited	full_bodies		1-164: exact live-item text range reobserves capture around bounded UTF-8 page; compare finish_page with other range clipping before sharing.
crates/syndic-storage/src/read/catalog_summary.rs	055e915025a64b4929acf12e30cdcbef1bd17890	9356	258	source	audited	full_bodies		1-258: Source-current title/summary derivation retains fixed source tuple and exact revision; rebuildable title scan is delegated to catalog_title.
crates/syndic-storage/src/read/compaction.rs	54cc3302138ba19c484ba2355b53280c931cd8ff	18065	469	source	audited	full_bodies		1-469: Fixed admission and consumed/live recovery classifications retain operation-specific lifecycle, reverse reservation and double-observation guarantees.
crates/syndic-storage/src/read/compaction/reconciliation.rs	c8716bacec0af99dd4c1f16633f913cc3ee7ea16	4195	112	source	audited	full_bodies		1-112: Late compact-start response distinguishes exact request from terminal-already-settled; keep retained terminal and dispatch-claim authority.
crates/syndic-storage/src/read/compaction/successor.rs	b99e963571fe5200641c4f14f0c192e890aa92c7	15772	399	source	audited	full_bodies		1-399: Settlement variants require different preserved/retired/continuation witnesses; no generic Boolean-success replacement of exact durable successor.
crates/syndic-storage/src/read/content_text.rs	d84ae5ce5eb2d6c4adecabd56d2f2aded12ef17b	14578	435	source	audited	full_bodies	SQ-003	1-435: Sealed marker-free frontend duplicates segment-range assembly orchestration; bounded predecessor/forward span walker already serves both.
crates/syndic-storage/src/read/content_text/append.rs	cf5e5f6a2cab56718b72519b1a8bbefd55bcd0f3	7759	219	source	audited	full_bodies		1-219: One cached chunk plus caller-bounded output; per-span UTF-8 and digest checks; chunk digest can be checked once when installing cache.
crates/syndic-storage/src/read/content_text/segment.rs	c0f2178b50cd7b7a0d9389fdbf2abe133bae9119	12462	352	source	audited	full_bodies	SQ-003	1-352: Opaque segment proof and marker-aware range frontend; share only manifest-stabilized range orchestration with marker-free frontend.
crates/syndic-storage/src/read/content_text/segment/marker.rs	7a173a25a0802020fa00aa7a83d135bc4982317a	9110	277	source	audited	full_bodies	SQ-002	1-277: Canonical 25-byte marker authentication uses dedicated byte-span walker; possible shared exact content-byte fill preserves fixed array and digest comparison.
crates/syndic-storage/src/read/content_text/segment/validation.rs	d30cb4a0712a04f9572517fd35ad5530452621f0	10962	304	source	audited	full_bodies		1-304: Complete ordered-piece segment proof uses compact scan state; range reads avoid rescanning entire segment; retain marker ordinal and EOF checks.
crates/syndic-storage/src/read/current.rs	0a7615e4badd56f4c9db5960b06066b7c9d9fc82	14058	386	source	audited	full_bodies		1-386: Current draft/history and thread-tail exact source proofs; thread-creation natural identity closure cannot reduce to digest equality.
crates/syndic-storage/src/read/delivering_steering.rs	54e2d19e82e4917ee3abba07373c8ced416d6b1f	13595	394	source	audited	full_bodies	SQ-001	1-394: Twelve-point acquisition and stabilization duplicate ready-steering path; preserve non-Routed delivering invariant versus ready absence.
crates/syndic-storage/src/read/delivering_steering/validation.rs	e426a980dd19715298bbad25eeaf12a95ea5ab88	5464	128	source	audited	full_bodies	SQ-001	1-128: Execution predicate duplicates ready-steering validator; route count/lifecycle differ.
crates/syndic-storage/src/read/delivery_recovery.rs	2a386649c7b49191a7916ee4a2d428054d811858	13513	406	source	audited	full_bodies		1-406: Closed recovery cases and home/revision-bound cursor shapes preserve source drift and typed read provenance; startup physical gate scan is pending architecture replacement, not deletion.
crates/syndic-storage/src/read/delivery_recovery/classifier.rs	d946c8f4bd7f36eec6ebb2a2c61f17f071e5a567	9900	271	source	audited	full_bodies		1-271: Shared fixed RecoveryFacts closure double-observed; provider stopping delegates to authenticated stop admission and checks exact source gate.
crates/syndic-storage/src/read/delivery_recovery/classifier/abandonment.rs	6482fdda512e27daace4c397ca34cc0a06d1d6ec	7973	189	source	audited	full_bodies		1-189: Historical lost-route proof and stale-binding provenance are distinct; snapshot/pending/CAS-turn predicates overlap active classifier.
crates/syndic-storage/src/read/delivery_recovery/classifier/active.rs	9e12884821f1168656c765de6b65c905f2d50a5c	7684	175	source	audited	full_bodies	SQ-R02	1-175: Active lifecycle and route eligibility remain explicit; snapshot predicate duplicates stopping classifier with operation-specific diagnostic.
crates/syndic-storage/src/read/delivery_recovery/facts.rs	97c66cd9a0da28f262ac05ea25dce3bb6c164893	5668	152	source	audited	full_bodies		1-152: Optional fields represent independently absent/corrupt observations before classification; snapshot selection follows fixed active/lost/compaction precedence.
crates/syndic-storage/src/read/delivery_recovery/pages.rs	caf4dbd1f5446f557b798a287f022474a89b820b	10776	287	source	audited	full_bodies		1-287: Startup home cursor permits owned earlier mutations; pending cursor revision fenced with physical-row continuation; broad gate discovery target already planned.
crates/syndic-storage/src/read/delivery_recovery/stopping.rs	ad150268147a34ed36d6c1154d933b022588f1cb	11288	295	source	audited	full_bodies		1-295: Ordinary stop route and execution closure authenticated; shared snapshot predicate possible with active classifier while provider stop remains separate.
crates/syndic-storage/src/read/delivery_recovery/stopping/provider.rs	c7b7ebdd192101cf9cf0e166f2209ddb30a1789d	3462	93	source	audited	full_bodies		1-93: Provider stop requires valid binding and full StopObservation authentication; reusing ordinary active stop classification would weaken distinct authority.
crates/syndic-storage/src/read/pages.rs	36a7aac11c0bbf5521b09d5893ecba5f37415f94	16865	479	source	audited	full_bodies		1-479: Composite stable-prefix and generation-local projection pages preserve merged item/byte ceilings; owner-page wrappers already factor ordinal mechanics.
crates/syndic-storage/src/read/pages/owner.rs	5004ad030baf511015df76d56bb0b2c8745de9db	3259	121	source	audited	full_bodies		1-121: All seven owner_page_family macro expansions inspected; private family trait and shared typed page transfer already remove repetitive cursor code.
crates/syndic-storage/src/read/promotion.rs	a91c8a64d44bb2889e9fe3077ea9eafa82250b69	14762	340	source	audited	full_bodies		1-340: Two fixed observations protect promotion descendants; optional facts represent absence/collision evidence, not redundant runtime states.
crates/syndic-storage/src/read/promotion/exact.rs	f9cea393f72887389484c799cddae4cc9cbf7354	15263	407	source	audited	full_bodies	SQ-R02	1-407: Reconstructs complete promotion successor records also produced in mutation/promotion; candidate for shared pure expected-record construction, preserving descendant predicates.
crates/syndic-storage/src/read/promotion/exact/descendant.rs	f58ba898aa48c81ccb981f22ead9bb41f6c4a75e	9107	250	source	audited	full_bodies	SQ-R02	1-250: Admission/draft/activity/transcript descendant rules preserve exact witnesses through allowed later work; replacing with equality would regress replay.
crates/syndic-storage/src/read/queries.rs	ed4d009a23850cbb114a10c9c230a1b1fa1a2bf9	14786	404	source	audited	full_bodies		1-404: Skip-lift lineage pages and binary-search inherited label origin avoid whole-lineage vectors; retained-entry byte ceiling is not a whole traversal cap.
crates/syndic-storage/src/read/queries/activity.rs	1383b07042a88ed02c26034b4fd740ae36baa196	9935	281	source	audited	full_bodies		1-281: Entry/source pages share current-head fences and page metadata plumbing; source-active entry lower bound remains query-specific.
crates/syndic-storage/src/read/range.rs	d2ce06eb05f2b317c004dfd37aed82ca78f3fcba	13961	413	source	audited	full_bodies		1-413: Composer logical byte windows permit arbitrary byte boundaries; do not replace with UTF-8-clipping sealed text API.
crates/syndic-storage/src/read/range/provider.rs	4cba83ca47daeae1fff9aaccdfaa744074aed014	14868	433	source	audited	full_bodies	SQ-002	1-433: Provider generation spans map to physical byte spans; encoded-range walker overlaps marker byte acquisition; retain narrative terminal chain digest.
crates/syndic-storage/src/read/routes.rs	fe6179fecd1a961038595116c08626acf4d4b4a2	13226	360	source	audited	full_bodies		1-360: Fixed route page accounting and generation confirmation; effective_state can use a small exact match but no dependency warranted.
crates/syndic-storage/src/read/stop.rs	c1e478ea42efee62f37876b05cf9c4fe77c224a6	663	19	source	audited	declarations_only		1-19: Closed public transition enum and module routing only.
crates/syndic-storage/src/read/stop/authentication.rs	1a4f901c054e83aae04a2be6ee26164fe0f45e5f	20102	490	source	audited	full_bodies		1-490: Live/safe-reopen/terminal/abandoned descendants use different route and binding proofs; retain separate provider authentication.
crates/syndic-storage/src/read/stop/authentication/admission.rs	bf1ad0c64039ae07f1a473536174940804c84601	10323	229	source	audited	full_bodies		1-229: Provider stop checks compact-operation revision chain and consumed receipts; broad generic stop machine would hide distinct authority.
crates/syndic-storage/src/read/stop/observation.rs	910157ffafca65db0b5eb1f82e4c682e2842327a	11234	292	source	audited	full_bodies		1-292: Shared stop/terminal two-pass observation already factors acquisition; independently optional records are corruption evidence.
crates/syndic-storage/src/read/stop/reconciliation.rs	31a212eb30abd9461bd99204264ddd6852a8dc31	16047	408	source	audited	full_bodies		1-408: Six operation-specific retained witnesses share stable observation and live-prior authentication; no generic digest-only reconciliation.
crates/syndic-storage/src/read/stop_admission.rs	ead1d320ef5045be7cb7bc23f9b9034ef18976c3	19822	543	source	audited	full_bodies	SQ-R02	1-543: Combines RecoveryFacts and StopObservation then stabilizes twice; correlated target/authority and duplicated current facts are private consolidation candidates requiring preserved drift classification.
crates/syndic-storage/src/record.rs	535ef0068e82853542591b5b171a51f216c49965	1276	55	source	audited	full_bodies	SS-009	Full lines 1-55; All module exports/constants and validate_text; bounded nonempty/NUL/text checks remain constructor boundary.
crates/syndic-storage/src/record/binding.rs	c4192e83790ff646d9a4960a9d809edd6d111c4e	16987	549	source	audited	full_bodies		Full lines 1-549; Every usable/active/stale binding, snapshot and active-turn constructor/accessor; snapshot constructors duplicate fourteen fields; distinct observed/usable/selected/represented facts retained.
crates/syndic-storage/src/record/compaction/mod.rs	30ee62dd00c1047c29eac7de9a86d86113d4532e	12430	410	source	audited	full_bodies	SS-004	Full compaction witnesses/state/record constructor and guards read; optional observations are independently sequenced authority, avoid generic state-machine compression erasing validation.
crates/syndic-storage/src/record/compaction/settlement.rs	a582ae1cb2d5dbae0a8369ed50b98a45b9be03e2	7580	212	source	audited	full_bodies		Full receipt construction, exact gate transition, continuation and descendant checks. Small optional-generation helper repeats input_gate helper; not major savings; settlement relations retained.
crates/syndic-storage/src/record/compaction/stop_provenance.rs	84cf48aa0145b5082d66983406607b1ad6e32b2e	8813	237	source	audited	full_bodies		Full stopping/safe-reopen/terminal/abandonment ancestry checks, request timing, frontier arithmetic and canonical revision; existing shared proof helpers already remove overlap, no safe further substantive collapse.
crates/syndic-storage/src/record/compaction/transitions.rs	bc98bf37bbcef744a9b41d2ebe8b34e3ce2720cd	14598	397	source	audited	full_bodies	SS-004	Full claim/request/handoff/reopen/consume/provider transitions and exact receipt checks. Repeated 13-field reconstruction can private clone-edit-validate successor; keep all preconditions, checked revision and final constructor validator.
crates/syndic-storage/src/record/content.rs	23842871150370532b5248dee9fd3d20eb099ed6	10731	399	source	audited	full_bodies		Full lines 1-399; All content summary/reference/manifest/chunk methods and digest chain functions; counts/lifecycle and domain-separated hashes retained; summary duplicates SequentialMarkerSummary fields.
crates/syndic-storage/src/record/content/span.rs	aabd58f0449620d9ec9a665a8d010f2a4c79425b	8784	333	source	audited	full_bodies		Full lines 1-333; All byte/text span constructors/getters, bounded span assembly and image-marker/text piece variants; exact nonempty/mapped range validation retained.
crates/syndic-storage/src/record/digest.rs	1e804ed42853df98833f2cf1fc350a612a00d04a	2272	62	source	audited	full_bodies		Full lines 1-62; All five digest domains and root/child/empty digest functions; small explicit canonical preimages retained rather than introducing hashing framework.
crates/syndic-storage/src/record/history.rs	574f6190545cac07af93fd322683257058b73119	12707	449	source	audited	full_bodies		Read all draft/turn/context record constructors, capture-frontier layering, aggregate validation and lifecycle/end-status relation; repetitive forwarding constructor tiers are candidate, guards retained.
crates/syndic-storage/src/record/history/accepted.rs	7789fe88490dd494933e1a83ab7d9f1db91c7f22	4586	145	source	audited	full_bodies		Full admission and accepted input constructors enforce replacement-draft collision and accepted-input identity; getters no substantive simplification.
crates/syndic-storage/src/record/history/thread.rs	141dfc12d5ce741f62cbc119d5804358079f4974	3268	124	source	audited	full_bodies		Full lineage/thread record bodies; selected-path proof and lineage already grouped coherently.
crates/syndic-storage/src/record/index.rs	b91204494dd7b66c6e21ce7a1bd881edbb2c7c72	12726	469	source	audited	full_bodies		Read all secondary index shapes and accessors. Stable versus generation-owned projection rows express distinct identity; no justified unification. Plain immutable index DTOs are potential constrained macro territory, no blanket getter deletion saving.
crates/syndic-storage/src/record/index/binding.rs	93585c902f5dcbec7b691c419c714ea8af394f1a	1065	46	source	audited	full_bodies		Entire binding index DTO read; no independent simplification beyond already compact schema shape.
crates/syndic-storage/src/record/index/cas.rs	c6b1b293580fe3243e5a8ca8db48b595f4447a18	7771	268	source	audited	full_bodies		Full CAS index DTOs and lifecycle constructor variants; constructor tiers candidate only if calls adapted; retained first/latest/retired revisions have distinct meaning.
crates/syndic-storage/src/record/input_gate.rs	0ca3cb561784460d71753034ec26bfd586a10b22	7213	209	source	audited	full_bodies		All constructor/accounting and descendant-release tests in mechanics inspected; selected-route high-water and checked counters retained. map/unwrap chain could use is_some_and/is_none_or locally; not material finding.
crates/syndic-storage/src/record/payload.rs	fedd81d68b9fb77bac957c95aae95b930238debc	3872	139	source	audited	full_bodies		Full atom/payload construction and unique-marker checks read; three atom traversals can one-pass counters+set but bounded convenience materialization needs caller-boundary constraints, not deletion of uniqueness.
crates/syndic-storage/src/record/projection.rs	eeb476ca2ffab193cd5906e0e3a8393c11ca5df3	15714	454	source	audited	full_bodies	SS-005	Full canonical item construction/shape guards, observation lifecycle and presentation matrix; correlated provider state and derived kind/lifecycle could grouped payload, retain identity/completion-offset validation. Transcript/history records simple proof carriers.
crates/syndic-storage/src/record/projection/build.rs	159f8d6f96261568875739d6473510433cc7890f	11460	445	source	audited	full_bodies		Full parser checkpoint/open-block, item/transcript build phases and path-turn snapshots. Phases carry resume-specific data; no generic merge. Immutable records mostly required serialization shape.
crates/syndic-storage/src/record/projection/item.rs	d9ea729ff665557bf83dd2c5cff1ca772f00e1a4	8965	338	source	audited	full_bodies		Full projection range/block/payload holder/head/set record bodies; strict nonempty range, heading bounds, stable and live frontier distinctions retained.
crates/syndic-storage/src/record/projection/item/payload.rs	da565b56b4cfe58d518e72620b4d75dbd1125886	5534	184	source	audited	full_bodies		Full inline/resource/image payload construction and getters; resource block-kind validation repeats match and unreachable arm, collapse to one checked match (minor). Range/string lengths retained.
crates/syndic-storage/src/record/projection/presentation.rs	f4f515aa3d8388fd0ac54c1324ea37b6cbc3ae14	2098	71	source	audited	full_bodies		Full presentation sum type and accessors; existing boxed asset proof avoids large enum payload, retain.
crates/syndic-storage/src/record/projection/resource.rs	95919ca4c79069c677cf5365bdb43a2c296f8a35	8428	289	source	audited	full_bodies	SS-005,SS-008	Full resource variants, text/table bounds, text metadata and generated-media constructors. Private correlated optional fields yield codec unreachable checks; coherent payload candidate; resource/code text constructors validate and allocate, confirming decode copies redundant.
crates/syndic-storage/src/record/projection/source.rs	76404f6980aefe034282290c9b151ed50fd9ecfb	3802	135	source	audited	full_bodies		Full CAS turn/item source and event sum type; external-source requirement checked centrally, no broad union deletion.
crates/syndic-storage/src/record/projection/text_source.rs	813c3bc6b8839e251b43751137eae568e30adcd3	4083	117	source	audited	full_bodies		Full composer/provider text-source and cursor behaviors; can_extend uses immutable composer and monotonic provider proofs differently, retain distinction.
crates/syndic-storage/src/record/provider.rs	98bbfc88945da704a1c053a7261b655bc40660a8	258	15	source	audited	full_bodies		Full provider module/export inventory; retain domain grouping.
crates/syndic-storage/src/record/provider/build.rs	e82c97d656391a0462fedba6b9494052e12bd4e6	19760	497	source	audited	full_bodies	SS-004	Full build identity, frame/narrative/frontier/completion validation plus advancing methods. Candidate clone-edit-validate removes repeated record reconstruction; validation remains essential.
crates/syndic-storage/src/record/provider/build/lifecycle.rs	6271f78e05f6cc66a3deadf6a65e80a61c9b9d62	177	6	source	audited	full_bodies		Both staging/sealed variants read, closed domain.
crates/syndic-storage/src/record/provider/build/validation.rs	a095e6c77597f8e0de6ee0c167238b458ac7af57	734	33	source	audited	full_bodies		Both frontier-range/regression validators fully read; distinct error evidence retained.
crates/syndic-storage/src/record/provider/completion.rs	5fd86cad4ef61b095f1d52ad244f767cc934971a	3625	128	source	audited	full_bodies		Full comparison frontier/check and terminal disposition conversions. Could nested terminal enum reduce duplicate variants but adds codec shape adaptation, no reliable net saving.
crates/syndic-storage/src/record/provider/error.rs	268357f63e9f42ba5398313fdf2205d4aaad2835	6192	119	source	audited	full_bodies		All thiserror variants read; existing derive appropriate, meaningful validation errors retained.
crates/syndic-storage/src/record/provider/frame.rs	d612f5be2099f264fabe80c42b072b6cf19160fe	4379	118	source	audited	full_bodies		Full sealed frame content/frontier/stream-observation checks; apparently redundant range guard depends on frame trusted invariants and should not count without authority decision.
crates/syndic-storage/src/record/provider/narrative.rs	850a0ecd5237f80894bd1fe49459d69ff5059665	9803	307	source	audited	full_bodies		Full narrative proof/span constructors, exact hash preimages and frontier/span validation; creation and stored digest paths distinct, constructor call reuse minor only.
crates/syndic-storage/src/record/provider/observation.rs	374ea532a939982c52fbf6d937065ec7df6e5565	7946	277	source	audited	full_bodies		Full observation build initialization/decode/advance and fragment construction; checked chunk/revision relation and fragment byte cap essential, no generic serde bypass.
crates/syndic-storage/src/record/provider/observation_issue.rs	2f306c8ff877b8cc130604b70e6d1ce88de92e0c	8735	248	source	audited	full_bodies		Full sealed observation reference, issue identity/lifecycle and closed kind mappings; derived sealed summary could centralize field comparisons but adapters likely offset saving.
crates/syndic-storage/src/record/query.rs	6ac02c9b95213ac9a1eb3d973dae26a5bb30b632	8113	268	source	audited	full_bodies		Full image-label authority/protection hashing, monotonic checked advance, origin interval and tests. Domain-separated digest preimages and strict-vs-nonstrict maximum advance differ deliberately.
crates/syndic-storage/src/record/query/activity.rs	bfedf972834c6ed02381b0c1f2e2ecb92f5ff075	13916	496	source	audited	full_bodies		Full activity source/membership/order/head/entry bodies. Custom order intentionally reverses running/time then ascending ID. Paired completed counts/bytes/cutoff shape validates retained bounded query state.
crates/syndic-storage/src/record/route.rs	496fc0e3baac6b1cb6fbb35a954aee197ea2a7b0	15766	549	source	audited	full_bodies	SS-005	Read all route target/proof/generation/leaf/source record bodies; paired optional interval requires local validation and codec unreachable arm; coherent interval representation candidate.
crates/syndic-storage/src/record/route/abandonment.rs	5728c9010f5a9be80e88e25a3e68cf8fc9c7c3bd	3864	136	source	audited	full_bodies		Full lost-target, exact-rejection and abandonment proof types; limited subset of routable target prevents invalid next-turn lost proof, do not merge mechanically.
crates/syndic-storage/src/record/stop.rs	75e16da8113f456d8d06857f076966383740e3f5	7271	252	source	audited	full_bodies	SS-005	Full target/admission variant bodies; duplicate route accessors panic or return Option. Variant-scoped witness access could remove partial accessors, trace callers before estimate.
crates/syndic-storage/src/record/stop/operation.rs	655a31eda7b6424898f2ea1b00cdc50aca5f3903	17609	456	source	audited	full_bodies	SS-005	Full stop record constructor, admission/consumed target checks and six-slot exact transition ledger. Match admission variants directly instead of projecting paired Options; preserve duplicate/gap/future ledger validation.
crates/syndic-storage/src/record/stop/provider.rs	dd43a41b200d66c4173a86f4c6f69726acf48edc	2244	54	source	audited	full_bodies		Full provider-abandonment authentication and reason mapping; cross-operation receipt and revision checks retained.
crates/syndic-storage/src/record/stop/successor.rs	be98a23239724a64101f86b9294dcd52dcde43be	9839	330	source	audited	full_bodies	SS-005	Full ordinary/provider reopen/terminal/abandonment witnesses and accessors. Common fields outside target-specific payload could shrink repeating enum projections, but caller pattern rewrite costs prevent confident broad saving.
crates/syndic-storage/src/record/thread_properties.rs	0c3613ce3eed537652bd4fcd5460cb09c8e3fe7f	139	9	source	audited	full_bodies		Full thread-properties module/export inventory.
crates/syndic-storage/src/record/thread_properties/attributes.rs	4ec2c087ab3511d4e1f4f7bafe1d632e9f0a14f8	5757	194	source	audited	full_bodies		Full generated title and archive constructors/transitions. Generated title requires alphanumeric/trim/control validation distinct from history-derived title.
crates/syndic-storage/src/record/thread_properties/catalog.rs	80d14855ab0e07799397135501fe877555b9bda5	9341	302	source	audited	full_bodies	SS-004	Full title/source witnesses/summary construction; initial duplicates existing from_sources field mapping exactly, direct reuse saves ~15-20 lines. History-derived title deliberately permits leading whitespace and punctuation.
crates/syndic-storage/src/record/thread_properties/execution.rs	48e16aea0109928e8932f2aa66be7ef27259ab04	683	28	source	audited	full_bodies		Full execution identity holder; no substantive simplification.
crates/syndic-storage/src/record/thread_properties/usage.rs	1a845da7e65406d45365807c7e0c7fc8edfe896d	6233	220	source	audited	full_bodies		Full usage counters/provenance observation/record publishing. Optional model context uses NonZero; total counters reflect provider reporting rather than arithmetic derivation.
crates/syndic-storage/src/recovery.rs	16e83c5543235164853afa01387e2aabcc25f53b	10762	254	source	audited	full_bodies		All recovery preparation/proof binding bodies: scopes, native-empty path, metadata budgets and source-revision fences retained.
crates/syndic-storage/src/recovery/cursor.rs	270f4414637fbaf9b4e30c9a8916492f3ec4ad66	18017	486	source	audited	full_bodies		All cursor/state/page bodies: single lease, one-item acquisition, accumulator/EOF/poison transitions and current-proof fences retained.
crates/syndic-storage/src/recovery/text.rs	5b499a5b34636f073604e5f752f8d4f99e3b7539	3138	91	source	audited	full_bodies		All recovery text range/UTF8 bodies: caller/output/scalar ceilings and exact cursor error distinctions retained; existing SQ read transport owns overlap.
crates/syndic-storage/src/recovery/traversal.rs	4c8cc33487ddab26d449d1652b924536eb98fbfc	20642	497	source	audited	full_bodies		All topology/item traversal/preflight/hash bodies incl metrics cfg: count and byte refusal precede text hashing; one tail exception, exact source checks and bounded residency retained.
crates/syndic-storage/src/recovery/types.rs	a7475b60c370c830744ccdebbde2eb79dc1f9d78	6774	197	source	audited	full_bodies		All recovery scope/request/proof/accessor bodies: compact proof and separate missing/zero metadata states retained.
crates/syndic-storage/src/selected_path.rs	f9715e95dbc7fdd2220e82af51bde959c0149468	9025	273	source	audited	full_bodies		All ancestor/selected-path fold and cfg(test) bodies: deterministic skip bound and off-path identity rejection independently exercised.
crates/syndic-storage/src/terminal_history.rs	fc1c9bc48e0d9d177fb1a30d4463ae2eba7e43c6	7279	204	source	audited	full_bodies		All terminal-transcript/item/content predicates: fixed closure, generated-media disposition and terminal frontier exceptions retained.
crates/syndic-storage/src/test_faults.rs	ce245df3c3231255f219d96c38d5b90f88c09166	34679	853	source	audited	full_bodies	SC-006	All test-fault facade/types/helpers: explicit fixtures, full immutable snapshot, stop corruption mapping, lifetime weak probe and digest helpers; fixture dispatch duplication candidate.
crates/syndic-storage/src/test_faults/content_text.rs	f25cf62f8e54d6e8c3c87c5c3ff9e840d1f2776f	5708	200	source	audited	full_bodies		All content residency tracker/counter/lease/Drop bodies: scoped ownership and separate peak byte/instance counters retained.
crates/syndic-storage/src/test_faults/draft_composer.rs	8c8e4018b2ba449062b37b0b4f649f83333ea3da	23781	661	source	audited	full_bodies	SC-007	All composer fault enum/function/mutation bodies: repeated encoder copies could share field selection; retain all 13 corruption variants, independent payload offsets and output deletion targets.
crates/syndic-storage/src/test_faults/draft_edit_history.rs	aa72b35987f572897ab55f1f43ccf09343b5cf62	22823	663	source	audited	full_bodies	SC-008	All history fault/replacement/publication bodies: frontier-only deletion duplicates existing deletion enum path; retain exact multi-record/session corruption semantics.
crates/syndic-storage/src/test_faults/draft_marker_admission.rs	5a1eeaecb11c501c8eeedbce4d37f794f473109c	6665	196	source	audited	full_bodies		All admission capacity/head/snapshot/contribution bodies: malformed physical and codec-valid aggregate faults intentionally separate; preserve exact quotas and writes.
crates/syndic-storage/src/test_faults/draft_piece_candidate_drift.rs	e448493f6f3b35b23abf87fcbceb57290faa666a	741	27	source	audited	full_bodies		All candidate drift hook bodies: one-shot global hook taken before invocation, independent of current-selector hook; small plumbing retained.
crates/syndic-storage/src/test_faults/draft_piece_corruption.rs	5831e80cb814f4c3ccc35fea3dca97183a8574cd	84292	2289	source	audited	full_bodies	SC-007	Full corruption enum, build/fragment/progress/session/root/descendant injection and mutation bodies reviewed; retain independent malformed shapes and exact read/reservation targets; local coordinated replacement reuse is SC-007, excluding DT-002 build payload work.
crates/syndic-storage/src/test_faults/draft_piece_current_drift.rs	af0e664e4ffbff7b9e36f931625d8b49ebb5a1d2	737	27	source	audited	full_bodies		All current-selector drift hook bodies: one-shot global hook taken before invocation, distinct timing from candidate hook; small plumbing retained.
crates/syndic-storage/src/test_faults/draft_piece_staging.rs	5192a3604a370fc6392cd5978c7a08d4e4a39548	16036	487	source	audited	full_bodies		All staging corruption/accessor/replacement bodies: exact prefix page/receipt counts, locally authenticated corrupt heads and digest/ceiling faults retained; reconstruction overlaps DP-002.
crates/syndic-storage/src/test_faults/fixture_command.rs	30b702fed789f1f897d23051202c82e21f1d6c7b	18353	382	source	audited	full_bodies	SC-006	All fixture operation/batch/quota/error/reservation/read bodies: bounded batch and exact per-family reservation; repeated enum dispatch list candidate.
crates/syndic-storage/src/test_faults/fixture_delete.rs	8dcd6e0a4598d032d99cf85eac62483cae8ef868	10305	242	source	audited	full_bodies		Complete delete dispatch including all composite CAS/activity/projection keys reviewed; retain explicit FixtureDelete shapes and dispatch. SC-006 deliberately counts no deletion-framework savings.
crates/syndic-storage/src/test_faults/fixture_put.rs	2774b8e2e55c3a66287ed2fbdfcd28cdea4572dd	10931	279	source	audited	full_bodies	SC-006	Complete put dispatch for every variant including composite CAS/activity/projection keys; eligible for test-local declarative mapping, preserving all keys.
crates/syndic-storage/src/test_faults/metrics.rs	755ef7ed67ccd3aa2b6f4d39011e2145a30521e0	9796	288	source	audited	full_bodies		All atomic metric/reset/snapshot/read bodies: independent binding point roles and recovery/page maxima retained; no material simplification.
crates/syndic-storage/src/test_faults/physical.rs	b1c3146248a7888396cab81fd57f9fc0836165de	25899	683	source	audited	full_bodies		All physical family dispatch/representative/retired-format/envelope injectors: preserve all63 family targets, 3 rejection classes and independent literal tag offsets.
crates/syndic-storage/src/test_faults/physical/family.rs	794a0632b7ed550710bfbe434e7c39b052e94ead	7543	204	source	audited	full_bodies	SC-006	All PhysicalFamily enum/ALL/name mapping declarations and bodies: repeated test-only identity list can share declaration with explicit literal names; do not derive expected names from production.
crates/syndic-storage/src/test_faults/provider.rs	dc84c4191052c96a8995ba032fa6b103990ca0f0	19656	516	source	audited	full_bodies		All provider fixture codec/corruption and transactional fault bodies: exact target/destination checks, moved-key two-record writes and decoder oracles retained.
crates/syndic-storage/src/test_faults/provider_observation.rs	229031f414e7a3636d86ba4be4096e6a6671ba54	5983	162	source	audited	full_bodies		All observation corruption error/command/prepare/reserve/contribute bodies: missing-chunk and build-digest cuts distinct; exact expected-build check retained.
crates/syndic-storage/src/test_faults/schema_history.rs	7ce8670ef20b45938dade4b759ad4375f345f98c	5626	166	source	audited	full_bodies		All schema-history tags/predecessor injectors: independent offsets32/33, predecessor versions and roundtrip checks retained.
crates/syndic-storage/src/thread_lineage.rs	7fa909bb575cce205a88fb107d4dd0f24b77a434	2875	75	source	audited	full_bodies		All thread lineage lift/child-shape bodies: shared deterministic skip arithmetic, checked depth and bounded identity/depth validation; generic unification with turn records would obscure useful domain types for little net saving.
crates/syndic-storage/src/validation.rs	5150d0e4f1792972556833f179c260fce128a785	1229	43	source	audited	full_bodies	SQ-005	1-43: Explicit exhaustive validator composes domain passes in dependency order; ordinary reads must not call this sweep.
crates/syndic-storage/src/validation/bindings.rs	1fc54fa2627c8b5600e856d709a09227cf258cce	17256	454	source	audited	full_bodies		1-454: Ordered CAS membership group holds only previous binding/frontier; stale/native/recovered lineage transitions cannot be replaced by whole-domain sets.
crates/syndic-storage/src/validation/bindings/active.rs	eacc7c0ccb701ca547f40d680facb76447b64e7a	23206	568	source	audited	full_bodies		1-568: Independent snapshot/CAS reverse passes plus active/abandoned source-history scans; pure tuple predicates can be shared while exhaustive reader acquisition remains separate.
crates/syndic-storage/src/validation/bindings/history.rs	b2e486f0cdced0bd8e91300b7b287fa5e0211534	10937	262	source	audited	full_bodies		1-262: One previous binding establishes contiguous immutable history and terminal authority; retain allowed cancellation and source-less abandonment terminal distinctions.
crates/syndic-storage/src/validation/bindings/proofs.rs	3b824b5cee74681f9620041c4449da55b4d159ca	8774	220	source	audited	full_bodies		1-220: Skip-lift prefix membership avoids whole-path vectors; selected/current/pending prefix distinctions are semantic, not duplicate validators.
crates/syndic-storage/src/validation/bindings/reservations.rs	aba06aabd5c59dbb0dfc892b03df310d1a60ce07	4248	109	source	audited	full_bodies		1-109: Two-sided permanent reservation ownership is necessary; retirement lookup rereads already-loaded latest binding after proving equal revisions.
crates/syndic-storage/src/validation/compaction.rs	9ccd55e1ff52c623ab953642f655947afa59f36e	16309	397	source	audited	full_bodies		1-397: Compaction operation, receipt, gate reverse scans protect live and consumed authority; settlement-specific lifecycle and retirement checks remain distinct.
crates/syndic-storage/src/validation/compaction/continuation.rs	3e718d38aaf78826115eacfa85cc9167302ff77d	7264	191	source	audited	full_bodies		1-191: Deterministic continuation identities and immutable turn shape checked against mutable descendant lifecycle; no ordinary-terminal replacement.
crates/syndic-storage/src/validation/content.rs	7e04500802ec23408f1c924339ec5f1e9bd52087	17177	446	source	audited	full_bodies		1-446: Physical, piece, text, and owner reverse checks cover independent orphan/frontier cases; encoded marker range can share bounded byte fill.
crates/syndic-storage/src/validation/content/physical.rs	4824f76574c97d2c567e3f94aa8c9427d82f8b89	16140	426	source	audited	full_bodies	SQ-005,SQ-R01	1-426: Exhaustive physical scans preserve staged versus published provider frontier; compact owner state could be typed but generic scan replacement would not remove authority.
crates/syndic-storage/src/validation/content/range.rs	3f0199e44d63a09a57607d6da75db63eb145a894	13758	374	source	audited	full_bodies	SQ-002	1-374: Three predecessor-and-forward bounded range loops; encoded-byte fill duplicates public read marker/provider transport, keep 65536 and projection source semantics.
crates/syndic-storage/src/validation/draft_marker_admission.rs	9bf6b1c40dae65f153a3314070949d9e673c71f2	23326	596	source	audited	full_bodies	SQ-R01	1-596: Bounded authenticated tree descent, replay predecessor set difference, terminal cleanup order, aggregate charge and orphan scans all necessary; derived BTreeSet comparisons can use ordered iterators.
crates/syndic-storage/src/validation/graph.rs	e8219da333524d0b8a9f82fb99fad274d412a61d	23294	542	source	audited	full_bodies	SQ-R01	1-542: Two-sided graph/draft/context checks include historical finalized projection text equality; child digest/skip derivation already shares selected_path and lineage primitives.
crates/syndic-storage/src/validation/graph/child.rs	492bff69de89a55cdcc393746c507d8add6ddee9	2962	77	source	audited	full_bodies		1-77: Child reverse indexes and replacement selected transcript intent have distinct key closures; retain concrete checks.
crates/syndic-storage/src/validation/ordering.rs	7144b335677af4548ddda166409387fe40b8defe	28989	733	source	audited	full_bodies	SQ-R01	1-733: Input/order/leaf/generation/gate exhaustive scans preserve historical witnesses and aggregate counts; source presence checks are bidirectional, not redundant public query validation.
crates/syndic-storage/src/validation/ordering/abandonment.rs	ab49976871c7d8241909dd95b6fedbf7754e43fe	5665	139	source	audited	full_bodies		1-139: Retirement and exact rejected-input immediate-versus-later descendant witnesses remain separate; immutable snapshot tuple overlaps recovery predicates.
crates/syndic-storage/src/validation/ordering/promotion.rs	3ecc237e457122fa83a09e466aef2590c23dd6b5	4239	111	source	audited	full_bodies		1-111: Promotion temporal ancestry and immutable successor membership retained; later mutable descendants intentionally permitted.
crates/syndic-storage/src/validation/ordering/transition_witness.rs	6be9cfda2a41237dcf5c6f8c4b0e62504b652d79	5641	140	source	audited	full_bodies		1-140: Finite transition successor and pre-promotion compatibility rules are explicit domain authority, not a candidate generic state-machine dependency.
crates/syndic-storage/src/validation/ordering/util.rs	2ef3e385004e6019ee8232a00adb388d1c2665c5	390	12	source	audited	full_bodies		1-12: Two tiny result helpers already share accepted-route checked-add diagnostics; no independent simplification.
crates/syndic-storage/src/validation/projections.rs	e9664ee4e53c35c3046997762830c65e105dfa0d	962	34	source	audited	full_bodies		1-34: Concrete validation orchestration preserves exhaustive physical-family coverage; no generic validation registry needed.
crates/syndic-storage/src/validation/projections/events.rs	129e099796e6c591341087f82c9a1704461bf208	7579	198	source	audited	full_bodies		1-198: Event order replay and terminal reverse frontiers preserve first issue and compaction terminal distinction; existing source evidence helper reused.
crates/syndic-storage/src/validation/projections/item_replay.rs	985cd0ce867bafad4c0cb4ca3061b76dbc97cc4d	17778	454	source	audited	full_bodies	SQ-R01	1-454: Streaming merge of sets/builds plus parser replay already shares mutation materialization; retain exact checkpoints and EOF suffix behavior.
crates/syndic-storage/src/validation/projections/item_replay/membership.rs	1bb0c298ea52f8d189bf88fb6c3e7ea8290c57c1	3147	98	source	audited	full_bodies		1-98: Stable/suffix membership checks have distinct keys; tiny enum already bounds abstraction.
crates/syndic-storage/src/validation/projections/items.rs	14e78ba4187e1ba780be844646c478fdc73556fa	11781	315	source	audited	full_bodies		1-315: Canonical and reverse CAS/item indexes cover orphans and finalized media/projection authority; repeated current-set acquisition can share a local helper.
crates/syndic-storage/src/validation/projections/membership.rs	022a5cb66ef7a583689c53f0b9be0359067e6edb	10275	284	source	audited	full_bodies		1-284: Stable/suffix and head physical scans preserve obsolete generations and exclusivity; owner set can be cached per contiguous group without new scan cap.
crates/syndic-storage/src/validation/projections/records.rs	30be9d1a15cfcc8710c827d1946a561e308bfbf0	2872	75	source	audited	full_bodies		1-75: Physical projection scan is required even for unindexed records; payload range and resource ownership checks retained.
crates/syndic-storage/src/validation/projections/resources.rs	5098102d0c7942268aa18fd8356d4a50e668c5da	5202	142	source	audited	full_bodies		1-142: Generated-media/text backing split and bidirectional resource indexes are semantic boundaries; no external storage/query framework replacement.
crates/syndic-storage/src/validation/projections/source.rs	80294989bd115feb24aab53b34d8294fbd37d559	17121	447	source	audited	full_bodies	SQ-005,SQ-R02	1-447: Replay already uses published frame validator; assistant phase fold and finalization-only successor are pure sharing candidates requiring mutation reviewer coordination.
crates/syndic-storage/src/validation/projections/transcript.rs	24353a39dd088f4cf798082a99eb63ef772a67a6	498	24	source	audited	full_bodies		1-24: Explicit transcript validator composition is already minimal.
crates/syndic-storage/src/validation/projections/transcript/builds.rs	d2b03a5ad99f57804d1c91f95c425f6aaf6f4c7b	6912	161	source	audited	full_bodies		1-161: Collecting/publishing/complete/superseded frontiers deliberately differ; tail proof acquisition duplicates heads but small net extraction.
crates/syndic-storage/src/validation/projections/transcript/cursor.rs	27bceb9d1c009b3bf64cad51e0b834e94a90a8df	8512	240	source	audited	full_bodies		1-240: Constant-state prefix fold validates publishing cursor; canonical-item/current-set acquisition repeats other transcript validators but cannot omit current checks.
crates/syndic-storage/src/validation/projections/transcript/entries.rs	b70aaf176bb87425e94911c3c3c34985ad60a882	6478	166	source	audited	full_bodies		1-166: Physical entry ordering plus generation/path/finalization membership protects old generations as well as current selection.
crates/syndic-storage/src/validation/projections/transcript/heads.rs	fa554071529638120eed58228ece194d8433e485	8046	199	source	audited	full_bodies		1-199: Current completeness count is independent of physical entry digest; current-set acquisition can share cursor helper with explicit predicate differences.
crates/syndic-storage/src/validation/projections/transcript/paths.rs	ef23f072cfd64eb30dde43cf01fb575aab594d9b	6294	171	source	audited	full_bodies		1-171: Group fold preserves collecting suffix start and current-versus-historical snapshot policy; retain independently scanned orphan paths.
crates/syndic-storage/src/validation/projections/transcript/snapshot.rs	9f25775301ffee9105e6f240f4f78c0c979d5731	5415	148	source	audited	full_bodies	SQ-R01	1-148: Historical snapshot may precede mutable state; cannot replace with current equality. Equal item/finalized frontier point read can be reused.
crates/syndic-storage/src/validation/projections/transcript/summaries.rs	87c1dce7199a15c3006eb6ff80a37d209960b744	3613	94	source	audited	full_bodies		1-94: Existing SelectedPathFold shared for exhaustive summary derivation; retain full historical path walk and reverse owner scan.
crates/syndic-storage/src/validation/projections/transcript/visibility.rs	a180e8ff85ae01ad9b0f90e581be69ffaf55db7b	280	8	source	audited	full_bodies		1-8: One finite visible-kind predicate; compare shared canonical visibility authority before any deletion.
crates/syndic-storage/src/validation/provider_frame.rs	6e9072c7f34af8bdfbfd56d1bca430ec2d755d30	15532	439	source	audited	full_bodies	SQ-004,SQ-005	1-439: FrameChunkReader keeps physical error side channel through std::io; staged narrative append duplicates PublishedSpanVerifier and identical Read/Invariant errors produce conversion boilerplate.
crates/syndic-storage/src/validation/provider_frame/completion.rs	edddf3df71f56c4928aeb0a19a1587787f333ef5	14153	387	source	audited	full_bodies	SQ-005	1-387: Fixed-work comparison advancement reused by persisted frontier replay; preserve exact first mismatch and verified chain frontier. Error conversion can use shared internal validation error.
crates/syndic-storage/src/validation/provider_frame/prefix.rs	ebfa72575061451c0ea261ff5e8aa1090d05da6f	5344	137	source	audited	full_bodies	SQ-004,SQ-005	1-137: Bounded staged narrative prefix authentication must allow spans whose bytes are not fully staged; no published-validator substitution.
crates/syndic-storage/src/validation/provider_frame/published.rs	a4b9c111764fee518d7ca7dd09200d20fde61d37	14258	376	source	audited	full_bodies	SQ-004,SQ-005	1-376: Published append duplicates staged span construction/acquisition/chain update; completion shape and first-generation checks remain local. Shared error removes pure conversion adapter.
crates/syndic-storage/src/validation/provider_frame/source.rs	e84669611f94070d32a468763098dd4a1fbcd1e1	2423	79	source	audited	full_bodies	SQ-005	1-79: Source digest and UTF8 page carry checks are independent of range assembly; preserve incomplete-codepoint rejection across pages.
crates/syndic-storage/src/validation/provider_observation.rs	0778586454e50f372a4c73dba033f9f246c0c7d4	3325	86	source	audited	full_bodies		1-86: Replay already uses provider_observation canonical state; reverse physical chunk scan detects orphans and durable frontier gaps.
crates/syndic-storage/src/validation/queries.rs	a535475810e710c8b1766121d6f0be729eb6a42a	6741	185	source	audited	full_bodies		1-185: Image label origins/protection and authority reverse scans protect permanent/inherited label frontiers; no eager all-label collection.
crates/syndic-storage/src/validation/queries/activity.rs	29c70c0cec40f692c816af62a7ed70e2621fbf6a	17769	451	source	audited	full_bodies	SQ-R02	1-451: Explicit source membership, child handoff and activity-start authority differs from public pages; activity order/expected-entry derivation may share mutation pure helpers.
crates/syndic-storage/src/validation/queries/activity/retention.rs	ac722b44fe61ac93248a246bf227828f1e7a9295	6093	156	source	audited	full_bodies		1-156: One first-excluded candidate proves maximal newest-prefix retention without collecting all rows; preserve running rows and row/byte budgets.
crates/syndic-storage/src/validation/scan.rs	a9e247dba56a711c98209c31ac8f06a1d000d52b	2643	84	source	audited	full_bodies	SQ-R01	1-84: Shared bounded scan/scan_range already covers ordered families with borrowed rows, continuation and typed read provenance.
crates/syndic-storage/src/validation/stop.rs	896cf62dbf231cf7c34df05e6bb666aea77f6103	12128	309	source	audited	full_bodies	SQ-R02	1-309: Provider versus ordinary stop target share immutable snapshot/CAS tuple but differ binding kinds and current-live checks; pure relationship helper candidate.
crates/syndic-storage/src/validation/stop/consumed.rs	05a0616b6267c9798aa90081cfb662e8ee0c6ec7	19253	495	source	audited	full_bodies		1-495: Consumed stop variants intentionally differ compaction receipts, finalizing gates and exact descendant rules; common provider receipt acquisition alone is small.
crates/syndic-storage/src/validation/thread_properties.rs	caeb6ff9783fff20812ab9322bb4574664dfe56b	12380	314	source	audited	full_bodies		1-314: Canonical title and catalog derivation already use shared catalog_title authority; current-vs-historical witness checks and orphan scans retained.
crates/syndic-storage/src/value.rs	d612e5bb54f8f4f9fe7b3b5bd6f80879bfb9a492	5385	116	source	audited	full_bodies	SS-002	Full lines 1-116; All exports and SyndicValueError variants/attributes; existing thiserror derive retained.
crates/syndic-storage/src/value/compaction.rs	b03ea3000da9ca43f1f6767ff4c5771d3944b22f	5732	210	source	audited	full_bodies	SS-002	Full lines 1-210; Nonce/counter macros, operation identity, statuses and settlements; duplicated nonzero/nonce macros can reuse existing local definitions.
crates/syndic-storage/src/value/content.rs	17f5e695d78ac760aaae8b2a985be60d1fd22a97	2219	70	source	audited	full_bodies		Full lines 1-70; ContentChunkOrdinal constructors/checked_next and encoding/lifecycle predicates; same nonzero macro opportunity; immutable state distinction retained.
crates/syndic-storage/src/value/context.rs	4602210f1546a3cab2d8af3d8de10704839f27c7	7586	282	source	audited	full_bodies		Full lines 1-282; Exact text/range validation, descriptor SHA256, source accessors and envelope construction; bounds, source/text agreement and non-lossy text retained.
crates/syndic-storage/src/value/input_gate.rs	bca16d47ee4d4a28b83cc917f7bf8bbdff495e2a	4499	164	source	audited	full_bodies	SS-010	Full lines 1-164; Pending/exact steering proofs, every gate variant and selector; exact CAS correlation and lifecycle distinctions retained.
crates/syndic-storage/src/value/lifecycle.rs	6d8e74566580e375821e47431ba1e395e0220483	8687	277	source	audited	full_bodies		Full lines 1-277; All closed lifecycle/kind enums and predicates, TurnEndStatus validation; semantic distinctions prevent admitting unsupported terminal/history states.
crates/syndic-storage/src/value/ordering.rs	9391d63c0dfec0d52726060fac076749f33f00cc	6141	213	source	audited	full_bodies	SS-002	Full lines 1-213; one_based_value macro and all invocations, image-label frontier, timestamp; reuse macro for equivalent counters, retain distinct nominal types.
crates/syndic-storage/src/value/parent.rs	d9bddaf625ed7dbe7b9df5888bb64afe29e3966b	892	30	source	audited	full_bodies		Full lines 1-30; ConversationParent and both Option conversions; small explicit domain boundary, no framework warranted.
crates/syndic-storage/src/value/proof.rs	5e2879a221b2e39f83c2a2c1156aab0be26144cf	11528	378	source	audited	full_bodies		Full lines 1-378; Recovery bounds/count checks, every proof constructor/accessor, native/recovered lineage rules; retain distinct selection/represented prefix semantics.
crates/syndic-storage/src/value/stop.rs	62eeab2f6038512b993d43eea37789636b35a94f	12268	367	source	audited	full_bodies	SS-002	Full lines 1-367; Nonce/revision constructors, bitset validation, four cause-first revision slots, admission/publish and dispatch witness; reuse equivalent counter macro, retain provenance validation.
crates/syndic-storage/tests/abandon_fresh_candidate.rs	03508b5a628269ba1263f76dc1637c8e310cba01	506	18	test	audited	declarations_only		All cfg and path-module declarations examined; reuses history support and keeps six fresh-abandonment scenario modules.
crates/syndic-storage/tests/abandon_fresh_candidate/codec.rs	d401f4fc09415b3845b84e41e2b00f6bed7df769	6196	163	test	audited	full_bodies		All canonical tag-three and fresh/ordinary disposal substitution cases examined; exact independent codec assertions retained.
crates/syndic-storage/tests/abandon_fresh_candidate/concurrency.rs	3c33535647d7dd8a9e7452664b262c636a65a53d	6851	167	test	audited	full_bodies		All mutation/publication serial-race scenarios in both orders examined; separate fresh eligibility and one-winner outcomes retained.
crates/syndic-storage/tests/abandon_fresh_candidate/reconciliation.rs	e46e70e0928d5d59e910b027319e411e2f73c5ca	7086	191	test	audited	full_bodies		All actual atomic cuts, retained collision custody, reopen and unauthorized-successor classifications examined; no scenario reduction identified.
crates/syndic-storage/tests/abandon_fresh_candidate/rejection.rs	bffe3b6640319851d6635abd1597be54d94f9191	9068	238	test	audited	full_bodies		All stale/dirty/custody/disposed and selector-drift/identity cases examined; distinct admission outcomes retained.
crates/syndic-storage/tests/abandon_fresh_candidate/shared.rs	ee62b56a361e28c836e2d2ea70d05090508fb861	3624	102	test	audited	full_bodies	DP-007	All test/scenario and helper bodies, cfg branches and macros examined; only shared construction mechanics proposed; independent bytes, positions, fault timing and intermediate custody assertions retained.
crates/syndic-storage/tests/abandon_fresh_candidate/success.rs	01a73a18e7635f17966996b16f8d07c27014282f	3701	98	test	audited	full_bodies		All fresh abandonment, exact three-read preparation, canonical frontier reset, replay and reopen checks examined.
crates/syndic-storage/tests/accepted_delivery.rs	c527b93a7bf4dada88c231a8e9d391f1c3dd4623	365	14	test	audited	declarations_only		Examined 1-14. Module/cfg declarations inspected; accepted-operation tests remain behavior named.
crates/syndic-storage/tests/accepted_delivery/accepted_support.rs	9481b59defe6bf6c371a96e9fb8cf9889bc71c14	16170	478	test	audited	full_bodies		Examined 1-478. Enum operation fixture and all fault/reconciliation/reopen assertions examined; retain point-read and reconciliation ownership checks.
crates/syndic-storage/tests/accepted_delivery/faults.rs	2daa7a5ddd691fd7cba66c45ea887a6c84ba3633	5192	125	test	audited	full_bodies		Examined 1-125. Full fault matrix and pre/post persistence assertions inspected.
crates/syndic-storage/tests/accepted_delivery/fixtures.rs	5de3faba94d7d04ac3b68ef3c62d8ada46111bea	10684	291	test	audited	full_bodies	SL-005	Examined 1-291. All mixed-abandonment seed records and targets inspected.
crates/syndic-storage/tests/accepted_delivery/reads.rs	cc3cecf5b4203c51b949a32757cbddc78ce58a3f	4656	140	test	audited	full_bodies		Examined 1-140. Full ready-record bounded point-read and corruption tests inspected.
crates/syndic-storage/tests/accepted_delivery/reconciliation.rs	6e921747366e23b738e78f363abdda0d2c2f78ae	13858	392	test	audited	full_bodies		Examined 1-392. All source witness and exact retry/terminal reconciliation cases inspected.
crates/syndic-storage/tests/accepted_delivery/transitions.rs	e93e4f75f7bd3aa9a32aae76a63354b845000ade	4780	148	test	audited	full_bodies		Examined 1-148. All accepted transition identity and domain-revision assertions inspected.
crates/syndic-storage/tests/accepted_delivery_faults.rs	50af8bcdf688e3cb18d42f41ec95a51e5fac3e99	237	10	test	audited	declarations_only		Examined 1-10. Module/cfg declarations inspected.
crates/syndic-storage/tests/accepted_next_pages.rs	f0a6bd05b8caf712896bb5ec45dee4c152df28b1	18641	556	test	audited	full_bodies		Examined 1-556. All page ordering, 256-row limits, stale cursor, nonidle gate and terminal-prefix tests inspected.
crates/syndic-storage/tests/accepted_next_pages/support.rs	80f311d25f0164c3f730e65f9e7a5a271f092f55	12858	349	test_support	audited	full_bodies		Examined 1-349. All next-turn record constructors and source-page fixture helpers inspected.
crates/syndic-storage/tests/accepted_promotion.rs	ce58d9f4f830c7d8f072db19022fdf17ce03c6c1	6361	205	test	audited	full_bodies	SL-004	Examined 1-205. Exact promotion and source consumption tests inspected.
crates/syndic-storage/tests/accepted_promotion/descendants.rs	763ace47d1c48f2da3376c4d665921ad3c295bdc	3966	119	test	audited	full_bodies		Examined 1-119. Successor descendant reconciliation cases inspected.
crates/syndic-storage/tests/accepted_promotion/newer_generation.rs	709e90df09abd2b6db97feb2b1fb6043c8a05228	5324	152	test	audited	full_bodies	SL-004	Examined 1-152. Newer route generation retention test inspected.
crates/syndic-storage/tests/accepted_promotion/prior_delivery_witness.rs	28ef24da14fe02f75c35921f594e893e427e674e	8846	263	test	audited	full_bodies	SL-004	Examined 1-263. Prior delivery witness lifecycle through promotion and reopen inspected.
crates/syndic-storage/tests/accepted_promotion/support.rs	dddf2735dc084614a5f98c24a76c9a8fbd1bd9ab	14664	410	test_support	audited	full_bodies		Examined 1-410. Promotion source/root rewrite and detached draft fixture constructors inspected; possible support reuse requires exact resulting-record equivalence.
crates/syndic-storage/tests/accepted_promotion_storage_faults.rs	d936a3b6f563854fb353ecd19f97244779c1bdc0	19371	532	test	audited	full_bodies	SL-004	Examined 1-532. All commit-boundary faults and same-revision expected-value drift cases inspected.
crates/syndic-storage/tests/accepted_promotion_storage_faults/corruption.rs	99484107cd03be5700cf78a9fec5d312d2b1118e	2944	92	test	audited	full_bodies		Examined 1-92. Promotion witness scrub/reopen corruption case inspected.
crates/syndic-storage/tests/accepted_promotion_storage_faults/deep_tail.rs	ed5e2d0a823d524e47f747ec33096c281de3286e	10926	331	test	audited	full_bodies		Examined 1-331. Deep-tail and skip-link promotion proof fixtures and cases inspected.
crates/syndic-storage/tests/accepted_promotion_storage_faults/descendant_collisions.rs	ee85725efa5bd0bdf9a956f466da63601fc64355	14066	388	test	audited	full_bodies	SL-004	Examined 1-388. All descendant collision and prior-source drift variants inspected.
crates/syndic-storage/tests/accepted_promotion_storage_faults/identity.rs	651db7fec3db220fabde3f2b281369e31b0e2165	4179	125	test	audited	full_bodies		Examined 1-125. Admission identity/draft mismatch refusal cases inspected.
crates/syndic-storage/tests/accepted_ready_pages.rs	265264cd95ea6f6d0bf729b5b49f9fc7a1431e6b	21302	573	test	audited	full_bodies		Examined 1-573. Ready-page fixed point-read work, ordering and terminal-heavy fixtures inspected.
crates/syndic-storage/tests/activity_query.rs	52da362443d72acbd1d3ee43ac657a034570c0e6	13384	430	test	audited	full_bodies		1-430: Child handoff nonterminal/preexisting/invalid-range rejection, exact source cursor revision, physical reopen corruption all retained; share fixture setup only.
crates/syndic-storage/tests/activity_query_corruption.rs	c536c7e7465a3ce03064dda6d0e0affc510a59bc	4114	112	test	audited	full_bodies		1-112: Terminal-adjacent handoff and coherent compact-fact corruption retain independent failure assertions.
crates/syndic-storage/tests/activity_query_corruption/support.rs	0c51f680da45a1363ca8afedd0e2c73672e464e5	6394	210	test_support	audited	full_bodies		1-210: Candidate/published fixture builders already factor setup; one shared candidate shape may replace near-identical structs but low net benefit.
crates/syndic-storage/tests/admission_reconciliation.rs	266389cc54611a48daca9ad4c05095e8c06b4047	11611	359	test	audited	full_bodies		Examined 1-359. Full delivery/projection-loss/promotion witness removal and identity-chain corruption cases inspected.
crates/syndic-storage/tests/atomic_staging_batches.rs	9a590d98867c2982d88004a1d654c479ecbc8744	13530	404	test	audited	full_bodies		All cases examined: two/one/max 257 pages, cancellation, overflow/mixed/gapped cursors, exact replay and reopened builder drain; scenarios retained.
crates/syndic-storage/tests/atomic_staging_batches/faults.rs	5ae7bd0e82f11504ca2d7c5c351a6d3edcb3aa25	10749	341	test	audited	full_bodies		All writer-cut, partial-prefix/occupied-target, missing-receipt and locally exact overflow fixtures examined; independent source/target assertions retained.
crates/syndic-storage/tests/atomic_staging_batches/support.rs	8ec1b05ea61ee065185f1996164c8193592d89bc	9120	284	test_support	audited	full_bodies	DP-007	All test/scenario and helper bodies, cfg branches and macros examined; only shared construction mechanics proposed; independent bytes, positions, fault timing and intermediate custody assertions retained.
crates/syndic-storage/tests/awaiting_terminal.rs	a39bdf4e8da97edaa5754ac0c02d53746164a1bf	16927	547	test	audited	full_bodies	SL-005	Examined 1-547. All awaiting-terminal helpers, unknown-terminal/reactivation, late-item and startup recovery bodies and cfg branches inspected.
crates/syndic-storage/tests/awaiting_terminal/canonical.rs	3573281d4f864d6dca377c0db4d27ac118c3cac9	417	10	test	audited	full_bodies		Examined 1-10. Exact canonical codec tags and round-trip assertions inspected.
crates/syndic-storage/tests/awaiting_terminal/corruption.rs	ba66f713f43823519a0e74536cc2467ee1101cc2	4166	131	test	audited	full_bodies		Examined 1-131. Codec predecessor rejection plus gate/ready/next half-transition corruptions inspected.
crates/syndic-storage/tests/awaiting_terminal/recovery.rs	953a6bdd2d909a4bcfb1993e4f916d7afefa4dac	11983	343	test	audited	full_bodies	SL-R01	Examined 1-343. All active/lost-authority restart classifications and three fault cuts retain whole-state/custody assertions.
crates/syndic-storage/tests/awaiting_terminal/resolution.rs	29a2111be3384c46c96ec1a8cda5e1dfda4438b5	9137	288	test	audited	full_bodies		Examined 1-288. All late terminal/promotion/direct terminal and delivering-refusal scenarios inspected.
crates/syndic-storage/tests/binding_invariants.rs	e7c964d35f4b0c6b1ff7f509d7746f1ea86c6d08	16530	563	test	audited	full_bodies		Examined 1-563. All record fixtures and immutable history/permanent CAS reservation assertions inspected.
crates/syndic-storage/tests/binding_invariants/native_turn_count.rs	baf665bbd581d306e08ca7b2d28fde3954946b79	4763	161	test	audited	full_bodies		Examined 1-161. Provider-operation canonical depth versus CAS native-count proof inspected.
crates/syndic-storage/tests/binding_invariants/recovered_handoff.rs	107f5a2813617ff969c0c36f918ed583e7aeac26	10608	332	test	audited	full_bodies		Examined 1-332. Recovered handoff fixture, same-process generation advancement and exact snapshot retirement cases inspected.
crates/syndic-storage/tests/binding_invariants/recovered_lineage.rs	89e1c52706757e5b7792b99acc783c2ee75c6d6f	10186	328	test	audited	full_bodies		Examined 1-328. Recovered/native provenance, chronological activation and exact/colliding CAS publication cases inspected.
crates/syndic-storage/tests/binding_invariants/reopen_binding_records.rs	1250d3dfbeec7b7531b5b57a57437144ae2f3815	7490	213	test	audited	full_bodies		Examined 1-213. Creation-time binding, pending-tail and first-membership corruption constructors/reopen validation inspected.
crates/syndic-storage/tests/binding_invariants/reopen_correlations.rs	231a4035d3a146edb7b316f3487ba56e1fca1f50	18019	458	test	audited	full_bodies		Examined 1-458. All malformed snapshot/profile/count/predecessor/membership/source correlations inspected; per-case independent expected diagnostics retained.
crates/syndic-storage/tests/binding_invariants/retirement.rs	c0c97c4e3cd1878d3f9511efb5c3e1e075f8cc49	6877	216	test	audited	full_bodies		Examined 1-216. One-way CAS retirement and first stale inclusive-fork provenance/reopen cases inspected.
crates/syndic-storage/tests/binding_invariants/route_allocator.rs	734426a752f9b395e08d29567d13871acde1b4d0	13733	447	test	audited	full_bodies	SL-005	Examined 1-447. Shared selected/unselected route allocator and exhaustion no-overwrite cases inspected.
crates/syndic-storage/tests/binding_invariants/selected_prefix.rs	754bef0109631ad2d6a0ad3d791fd70cfe47a17e	12968	419	test	audited	full_bodies		Examined 1-419. Pending root/parent/sibling, live and unknown-terminal selected-prefix refusal cases inspected.
crates/syndic-storage/tests/binding_mutations.rs	e487c99ae0d3b2c10d0d3dfdbacfa6f0a7cf3137	46309	1456	test	audited	full_bodies	SL-005	Examined 1-1456. All fixture constructors, active abandonment, source identity, queued retry and reopen invariants inspected; duplicate unselected queued-input fixture confirmed against route_allocator.
crates/syndic-storage/tests/binding_mutations/lifecycle.rs	cab2a4208e2e919e2b6d27096e6ef466ed6a5612	25374	783	test	audited	full_bodies	SL-005	Examined 1-783. Activation/cancellation/native-count/source-less terminal and continuation history scenarios inspected; complete_active_terminal duplicates an existing activate_pending option.
crates/syndic-storage/tests/catalog_summary.rs	fd5744efd13169b138dc511c381c18262067d0b4	27562	801	test	audited	full_bodies	SX-007,PRE-004	Examined 1-801. Cross-domain catalog publication and stale replacement atomicity scenarios retained. Two publication helpers duplicate runtime/claim source capture and validators; isolated temp-home helper overlaps global tempfile proposal.
crates/syndic-storage/tests/chunked_content.rs	83db5c65b5c41099d781be9b5072c0a9308c0d06	5700	163	test	audited	full_bodies		Examined 1-163 including cfg and child mounts. Reusable bounded content staging helper retains per-batch progress and clean receipt assertions; project-item setup duplicates other projection fixtures.
crates/syndic-storage/tests/chunked_content/identity_mismatch.rs	e891919f2aa3e7708a2b5916edf8b04040f5ad50	924	28	test	audited	full_bodies		Examined 1-28. Forged content-id/summary mismatch rejected before append; focused independent request-construction case retained.
crates/syndic-storage/tests/chunked_content/large_draft.rs	2c4d1fde2c1472b80336d358dd5a6759a96859b6	3837	114	test	audited	full_bodies		Examined 1-114. Ten-million-byte content, UTF8 chunk boundary, reopen mid-build and one-record paging assertions retained; no equivalent smaller scenario.
crates/syndic-storage/tests/chunked_content/marker_summary.rs	434a3ca0aa45cfafb761c1796b4d2b662b112fe1	3008	78	test	audited	full_bodies		Examined 1-78. Independent marker digest/order/maximum-label checks and reopen persistence retained; reuse only staging plumbing.
crates/syndic-storage/tests/chunked_content/owner_metadata.rs	2e1abd7efb1e35b106ed95f681fb9a37ce88365c	6997	210	test	audited	full_bodies		Examined 1-210. Large accepted/canonical content with compact owner records and explicit fixture closure; retain independent records and field values.
crates/syndic-storage/tests/compaction_marker_stager.rs	3014a8026f1140003219fa630a4477e5ed40f151	4289	122	test	audited	full_bodies		Examined 1-122. Marker stager fragmented identity, lifecycle/time retention and 256-byte boundary tests inspected.
crates/syndic-storage/tests/compaction_schema.rs	babf8567312644a50212fb431ac5bec8db3d49bd	2184	63	test	audited	full_bodies		Examined 1-63. Canonical content bytes, operation identity and lifecycle turn/item domain separation inspected.
crates/syndic-storage/tests/compaction_storage.rs	eb8df27c92d905ee464fa54876d14559d6e27763	473	16	test	audited	declarations_only		Examined 1-16. Module paths and all cfg declarations inspected.
crates/syndic-storage/tests/compaction_storage/corruption.rs	71a2215b569d379f4d2d6a72485c031592799040	12420	366	test	audited	full_bodies	SL-R01	Examined 1-366. All compaction terminal/consumed witness corruption helpers and independent receipt checks inspected.
crates/syndic-storage/tests/compaction_storage/corruption/continuation.rs	c6e33a9ff60a4311a59cf55703fe7d5c02c9b4bc	7470	231	test	audited	full_bodies		Examined 1-231. Receipt binding/parent/path revision/home identity/origin/lifecycle corruption cases inspected.
crates/syndic-storage/tests/compaction_storage/lifecycle.rs	90dddc6acfb8eb23e3884060979351adedd13e23	9561	292	test	audited	full_bodies		Examined 1-292. Manual success, lifecycle continuation, user-work priority and active/terminal descendant assertions inspected.
crates/syndic-storage/tests/compaction_storage/provider_stop.rs	0a3812d7682d61490ffe6f6357e7169194141a0d	14964	438	test	audited	full_bodies		Examined 1-438. All provider stop admission/restart/abandonment/deferred-work and revision witness cases inspected.
crates/syndic-storage/tests/compaction_storage/provider_stop/exact_successors.rs	d3264131b07a843a44089770d658f70fd13878ea	6766	207	test	audited	full_bodies		Examined 1-207. Safe reopen, matching terminal and abandonment exact compaction revision pairs inspected, including coherent forgery refusals.
crates/syndic-storage/tests/compaction_storage/recovery.rs	3a3ac1347bcb575e0a89d16248c9402a8125db39	3038	96	test	audited	full_bodies		Examined 1-96. Unissued/possible-dispatch/finalize-success/settled reopen distinctions inspected.
crates/syndic-storage/tests/compaction_storage/request_reconciliation.rs	631779c705825fb16593258f988dbccfa65ee6d6	12514	367	test	audited	full_bodies		Examined 1-367. Prior/exact/late terminal request reconciliation and preserved successor corruption cases inspected.
crates/syndic-storage/tests/compaction_storage/request_reconciliation/successor_corruption.rs	f11b6899a3d233b38b5fc9d3dd3e4d9668027e1b	7046	218	test	audited	full_bodies		Examined 1-218. All provider state/binding/admission topology/depth/ancestor-skip successor corruptions inspected.
crates/syndic-storage/tests/compaction_storage/support.rs	7e80bcf405c42401619c44d0468abdee307d5b63	20315	588	test_support	audited	full_bodies		Examined 1-588. All fixture ownership/drop, content staging, current command helpers, provider sequence and deferred-input records inspected.
crates/syndic-storage/tests/composer_v1_fold.rs	57109f84b57d92c46bb999a61087f3e1976f44ca	9878	272	test	audited	full_bodies	DH-012	Examined 1-272. All sink/helper/test bodies inspected; UTF-8 edge, empty atom distinction, cross-chunk marker spans, independent bytes and plan mismatch assertions retained.
crates/syndic-storage/tests/content_text_range.rs	a99b0b5b01eca279457d211cb6a9d5c6ca56aeed	13989	429	test	audited	full_bodies	SQ-002,SQ-003	1-429: UTF8 clipping, zero-copy ownership, exact byte accounting, absence, bounds, physical corruption and manifest race are required extraction regressions.
crates/syndic-storage/tests/content_text_segment_range.rs	f5151506c5b4b04e9a03b6352c112d4bf2e263b2	14582	449	test	audited	full_bodies	SQ-003	1-449: Marker interval identity including adjacent empty intervals, large proof scan and bounded subsequent pages must survive shared frontend.
crates/syndic-storage/tests/content_text_segment_range/corruption.rs	26de5c3bef26d1eea50c200fb6ed32cddde9a891	8819	264	test	audited	full_bodies	SQ-002,SQ-003	1-264: Independent proof-time and page-time boundary corruption, forged marker bytes/digest/ordinal assertions retained; helper reuse is already local.
crates/syndic-storage/tests/context_temporal.rs	366d1bee615e2e1922af9524cb132a5e62bb607d	22197	671	test	audited	full_bodies	SQ-R01	1-671: Full fixture and failure/reopen helpers inspected; coherent UnknownTerminal mutation reconstructs historical authorities intentionally. Shared scrub/reopen harness can reduce boilerplate without replacing evidence.
crates/syndic-storage/tests/context_temporal/child_path.rs	725d548f09156f2f67e4d4b4edc0ae58b4ae4403	9608	258	test	audited	full_bodies		1-258: Explicit coherent fixture proves submitted context owner may leave selected child path; record payload itself is required evidence.
crates/syndic-storage/tests/context_temporal/reopen_validation.rs	66710d91b79e21777921d13d462fa9c4f558c667	2422	72	test	audited	full_bodies		1-72: Six distinct context finalization/association/kind/revision/text cases use shared helpers; retain matrix.
crates/syndic-storage/tests/context_temporal/selected_away.rs	01d3271b70df3794a4f30ce4ec10f38cd4242155	5237	141	test	audited	full_bodies		1-141: Source selection moving away preserves historical context; canonical records could use helper but no blanket current equality.
crates/syndic-storage/tests/creation_fault_reconciliation.rs	928a4fb50858c0d7f3242199429820b578f213ed	6142	179	test	audited	full_bodies		Examined 1-179. Creation old/new fault cuts and concurrent current-draft index race exercise distinct outcomes; race synchronization/cleanup must remain.
crates/syndic-storage/tests/default.rs	172c9020731869e63438bb218cdd2edc0415552f	1844	65	test	audited	full_bodies		Full lines 1-65; Complete TestHome new/path/drop, open helper and default-feature register/reopen/read scenario; custom temp-directory lifecycle can use established tempfile.
crates/syndic-storage/tests/delivering_steering_read.rs	2d5d3721eb7ea7b5b6b47c35e0b2db2e084718da	15988	441	test	audited	full_bodies	SQ-001,SQ-006	1-441: Redundant eight-record rewrite loop after final construction can be deleted with summary final revision constructed directly; retain 384 members and exact twelve-point-read checks.
crates/syndic-storage/tests/delivery_recovery.rs	d8153b6ae4d8cea5cc4f3fbea38b2256c076a86a	557	18	test	audited	declarations_only		Examined 1-18. All module declarations inspected.
crates/syndic-storage/tests/delivery_recovery/authority_lost_context.rs	1ba541352747e2030df818951fccf97dad78c843	15899	490	test	audited	full_bodies		Examined 1-490. Exact immediate-predecessor authority-lost context and reason/source/frontier/media exclusions inspected; bounded leased replay loop retained.
crates/syndic-storage/tests/delivery_recovery/classification.rs	7e400099d4f2c81b4f2ac42c6098af61264d0de6	12583	400	test	audited	full_bodies		Examined 1-400. Safe pending, active, post-abandonment, deferred, drift and corruption classifications inspected.
crates/syndic-storage/tests/delivery_recovery/finalizing_history.rs	fd6504de65b2156a94ca166c90e439d6b53149a9	18790	598	test	audited	full_bodies		Examined 1-598. History completion/refusal, queued descendants, complete history and impossible gate revisions inspected.
crates/syndic-storage/tests/delivery_recovery/finalizing_history_support.rs	5fc13dbac24af28be5e5e5b90c4464bb577b1d82	14230	437	test	audited	full_bodies		Examined 1-437. All terminal-home, bounded projection convergence and synthetic queued-input records inspected.
crates/syndic-storage/tests/delivery_recovery/pages.rs	42022b8e4bc763fe9369362459eea96574669c5b	9303	253	test	audited	full_bodies		Examined 1-253. Physical page caps, filtered progress, revision/home cursor fences and reopen proof tests inspected.
crates/syndic-storage/tests/delivery_recovery/projection_support.rs	1090e3f5223ed023829d95a0be05160ba7fb1974	6156	201	test	audited	full_bodies		Examined 1-201. All builder/marker proof/monotonic fixture clock and leased-page construction bodies inspected.
crates/syndic-storage/tests/delivery_recovery/support.rs	73ce30f6541df6c08e11d5144cef644d1c11b2c1	8906	301	test_support	audited	full_bodies		Examined 1-301. All pending/active/cancel/retire/gate replacement and startup-source fixture helpers inspected.
crates/syndic-storage/tests/draft_candidate_adoption.rs	f3b958366a84b605a4c4a514c6a79d7423c2c07e	76405	2370	test	audited	full_bodies	DP-007,DP-008	All test/scenario and helper bodies, cfg branches and macros examined; only shared construction mechanics proposed; independent bytes, positions, fault timing and intermediate custody assertions retained.
crates/syndic-storage/tests/draft_candidate_publication.rs	71f04af383eb48e87cb02dd148636bef78dd2575	59258	1590	test	audited	full_bodies	DP-007	All test/scenario and helper bodies, cfg branches and macros examined; only shared construction mechanics proposed; independent bytes, positions, fault timing and intermediate custody assertions retained.
crates/syndic-storage/tests/draft_composer_materializer.rs	81c0c032ba05e5ea58312e6d183be35cd1da9364	68782	2079	test	audited	full_bodies	DH-001,DH-009	Examined 1-2079. All 2079 lines, cfg branches and thread_local position macro inspected; reuse local setup/acceptance/finish helpers; retain every fault, bound, phase and byte oracle.
crates/syndic-storage/tests/draft_edit_history.rs	a943ac321a6efaa6e270a0872d2152380f135cce	351	12	test	audited	declarations_only		Examined 1-12. All feature/module declarations inspected; each referenced physical cohort file separately reviewed.
crates/syndic-storage/tests/draft_edit_history/accounting_recovery.rs	7714aa6bdcff75ece409f797037d61288a72ced4	14576	390	test	audited	full_bodies	DH-008	Examined 1-390. All exact budget/overflow/crash-cut/missing-or-replaced closure scenarios inspected; successful seed helper sharing only, preserving manually expected charges.
crates/syndic-storage/tests/draft_edit_history/adoption.rs	e8de4f576198de5a6396fca6635df4c04e8bd56e	8369	214	test	audited	full_bodies	DH-008	Examined 1-214. All ordinary transition, directed position and stale-pair scenarios inspected; retain intermediate root/history/selection assertions.
crates/syndic-storage/tests/draft_edit_history/creation.rs	51b19b27e5a2af5bf0d97d1dcabe36d5058bc2fa	5452	140	test	audited	full_bodies		Examined 1-140. Both complete creation/replay/reopen/fork/missing-frontier scenarios inspected; 86-family expectation is existing SS-010 rework drift, not new savings.
crates/syndic-storage/tests/draft_edit_history/session_faults.rs	9fbcad193d893cad27d000d3753749a40267c71c	14321	395	test	audited	full_bodies	DH-008	Examined 1-395. All session replay/read/range/identity corruption scenarios inspected; repeated successful seed/session plumbing may share; restart/fault points remain explicit.
crates/syndic-storage/tests/draft_edit_history/support.rs	bbafd8f922d58d48bc60f1efedccb3664fc5bec4	12199	370	test_support	audited	full_bodies	DH-008	Examined 1-370. All imports/cfg, TestHome, Transaction and fixture/edit/build/reconcile helpers inspected; ordinary-edit mechanics duplicate historical support; no TempDir savings counted.
crates/syndic-storage/tests/draft_edit_history_retention.rs	008386926fb2955f6fcfb74eef3a2442fa324932	472	16	test	audited	declarations_only		Examined 1-16. Every feature/allow/path/module declaration inspected; shared physical support counted once.
crates/syndic-storage/tests/draft_edit_history_retention/authentication.rs	53ca6edfdd866003272e8cda397a9b60a5b30bd6	10418	285	test	audited	full_bodies	DH-008	Examined 1-285. All six capacity/policy/current/gap/predecessor/accounting scenarios inspected; floor and missing-record assertions retained; family drift already SS-010.
crates/syndic-storage/tests/draft_edit_history_retention/common.rs	fefd05532cb90d7cd5c184f3c143058530b4af48	813	28	test	audited	full_bodies	DH-008	Examined 1-28. Complete successful commit-edit helper inspected; candidate for behavior-owned sharing with explicit caret/selection inputs.
crates/syndic-storage/tests/draft_edit_history_retention/lineage.rs	6d4f7efd8ebf6978a464679c25f2996625a08a50	5305	142	test	audited	full_bodies	DH-008	Examined 1-142. Both complete sibling-threshold and binary witness scenarios inspected; overlap in budget setup only, selected lineage and exact slots retained.
crates/syndic-storage/tests/draft_edit_history_retention/recovery.rs	652350be7414c536c88fbbc4c2cd992878d085be	8974	238	test	audited	full_bodies	DH-008	Examined 1-238. Both full eviction and capacity crash-cut matrices inspected; same-home recovery, exact old/new and no-successor-root assertions retained.
crates/syndic-storage/tests/draft_edit_history_retention/saturation.rs	649f806c08c725fced43a16ec167a3001c186c5b	11046	299	test	audited	full_bodies	DH-008	Examined 1-299. All saturation/variable-charge-straddle/nonempty-fork scenarios inspected; no physical deletion, retained budgets and reopened session authority retained.
crates/syndic-storage/tests/draft_label_protection.rs	61c1bb3449b4e50c781fa7f2b14cd62ddbe0d238	5798	192	test	audited	full_bodies	DT-006	All 192 lines read including test-faults gate; creation, reopen and physical-corruption assertions retained. Duplicate fixture setup candidate only. 2026-09-07: shared fixture compatibility checked; local execution identities retained.
crates/syndic-storage/tests/draft_marker_admission_close.rs	8c5e278795c0442c7311d48ef4e9fe8926708de8	17352	485	test	audited	full_bodies		Full bodies: transient/dispatch cancellation, malformed compact receipts/charges, lifecycle cleanup/reopen/ack retirement and final settlement transfer; retain distinct fault timelines.
crates/syndic-storage/tests/draft_marker_admission_close/support.rs	119558da2c09790644db4513d75d6b5e92b7787f	8053	241	test_support	audited	full_bodies		Full bodies: exact compact closure, inert cleanup assertions and submission helpers; existing behavior-specific factoring sufficient.
crates/syndic-storage/tests/draft_marker_admission_index_updates.rs	3eb687d2035ef1213798ca5ca3cbbd1f5c3a5254	14180	386	test	audited	full_bodies	SA-007	Full bodies: insert/reclaim, split propagation, equivalent target, detached/corrupt paths and exact limits; only duplicate proven-page setup candidate.
crates/syndic-storage/tests/draft_marker_admission_page_progression.rs	d254c7e46e6235d720789872ea88cea49dbcb4c0	16239	530	test	audited	full_bodies	SA-007	Full bodies: quanta/reopen/reclaim, current/older/differing closure, duplicate/resource/revision refusal and EOF; shared setup only.
crates/syndic-storage/tests/draft_marker_admission_publication.rs	4dd18a72473f90115ffc4e0b2aa548bf96ecb440	19862	533	test	audited	full_bodies	SA-007	Full bodies: atomic publication/reopen, successor exact charge, two owners, authority/footprint/missing receipt/overflow; shared setup only.
crates/syndic-storage/tests/draft_marker_admission_schema.rs	7f3e3bc038b5aa21ba404bc0d075b22b9cc4297e	35834	1018	test	audited	full_bodies		Full bodies: canonical vectors/digest damage, exact charges, bounded registration 64/65, malformed/orphan/predecessor/cleanup/assignment invariants; independent fixtures/oracles retained.
crates/syndic-storage/tests/draft_marker_admission_submission.rs	0d5ea789be9b3ab087f13d124d6ed20cb33b1958	23256	706	test	audited	full_bodies	SA-007	Full bodies: bounded drop custody, pairing, EOF, later failure, generation retirement, lost-ack/retry and collisions; shared duplicate setup only.
crates/syndic-storage/tests/draft_marker_admission_trees.rs	876af32e99f5f3e17baf31b5d01c00fb052bd1b9	9965	283	test	audited	full_bodies		Full bodies: closed tree grammar, comparator/cardinality/fanout/envelope/digest/size/owner checks; all distinct boundary assertions retained.
crates/syndic-storage/tests/draft_marker_historical_adoption.rs	cd8e1e73026334ee476fdb3b97d0c445156d0e3e	16376	487	test	audited	full_bodies		Full bodies: marker-bearing undo/redo, protection boundary/advance, substituted closure and commit cuts; distinct historical authority scenarios retained.
crates/syndic-storage/tests/draft_marker_historical_adoption/support.rs	eec2b344abf46412212953fb96e38eefacacb907	145	5	test_support	audited	declarations_only		All imports/include reviewed; delegates to writer-admission support whose complete bodies were reviewed; declaration-only include wrapper.
crates/syndic-storage/tests/draft_marker_label_assignment.rs	54ec222afadee2e898ea17d18c20a30c5ba85487	22242	584	test	audited	full_bodies	SA-007	Full bodies: source-order allocation/reuse, repeated asset labels, disjoint reservations/exhaustion/limits/authority bytes/conflicts and retirement; ordinary helper reuse only.
crates/syndic-storage/tests/draft_marker_readiness_accepted_proof.rs	547c70d859bb59d21e5d2e1e71e3fd8fe8617163	14955	420	test	audited	full_bodies	SA-011	Full bodies: local/inherited vectors, occurrence limits, shape/witness/stale cross-domain and substitution; duplicate support module namespace blocks validation.
crates/syndic-storage/tests/draft_marker_readiness_accepted_proof/support.rs	281ba3af996d6a76cf0734a96267cb9170e70913	13090	409	test_support	audited	full_bodies	SA-011	Full bodies: asset-set sealing, origin/lineage fixtures and independent manual accepted bytes/correlation; preserve common-support references when renaming fixture module.
crates/syndic-storage/tests/draft_marker_readiness_source_proof.rs	69a26e62b0d67b091f2f0cab104b9c0b2b25b673	18580	512	test	audited	full_bodies		Full bodies: canonical candidate/cut raw limits, committed removal, missing marker, sorted proof and receipt/reopen pairing; independent byte oracle retained.
crates/syndic-storage/tests/draft_marker_readiness_source_proof/support.rs	e424398433d1202f593ebabd6b1ea063b8095853	9154	262	test_support	audited	full_bodies	SA-007	Full bodies: manual root/candidate/cut/correlation bytes plus repeated marker fixture setup; share setup only, retain independent canonical encoders.
crates/syndic-storage/tests/draft_marker_seal.rs	b9e0eeb3d84714554ba04f260875ec96669ea13b	18192	527	test	audited	full_bodies		Full bodies: empty/ordered incremental seal, cancellation/failure/supersede, identity collision/corruption and reopen; distinct lifecycle/order vectors retained.
crates/syndic-storage/tests/draft_marker_writer_admission.rs	d3baa30b4d19f01fb76b9d59ea7cbb6117699de3	47797	1325	test	audited	full_bodies		Full bodies: target consumption/replay, history refusal, empty-ready/removal, reversed effects, proof substitution, staging/direct gates and all cancellation/recovery cuts; retain timelines.
crates/syndic-storage/tests/draft_marker_writer_admission/support.rs	46d3a5547537e3d2932850d50dfed0208775af90	17303	491	test_support	audited	full_bodies	SA-007	Full bodies: empty/nonempty readiness, admitted setup, one/multi-proposal staging/finish/transfer/window; shared setup candidate preserves production entry paths.
crates/syndic-storage/tests/draft_mutation_staging.rs	0948c55e6e011496a82858bd0e3c8ce55f9ffceb	84496	2426	test	audited	full_bodies	DP-007	All test/scenario and helper bodies, cfg branches and macros examined; only shared construction mechanics proposed; independent bytes, positions, fault timing and intermediate custody assertions retained.
crates/syndic-storage/tests/draft_publication_evidence.rs	4a82e1ee16ebb7fe74c414e130ddb7761cba7616	18051	552	test	audited	full_bodies	DP-007	All test/scenario and helper bodies, cfg branches and macros examined; only shared construction mechanics proposed; independent bytes, positions, fault timing and intermediate custody assertions retained.
crates/syndic-storage/tests/draft_root_marker_summary.rs	1caf70c4c325d58e39e5ed664dc2c737e2652abb	15877	445	test	audited	full_bodies	DT-003;DT-006	All 445 lines read including include directive; asset-sensitive commitments, text-only root reuse, replay, restart and corruption assertions retained. Included durable_builder support is context outside this coverage row.
crates/syndic-storage/tests/durable_builder.rs	8adb824303b1d7c6af2ba1c3738a50eb6027ecbe	548	12	test	audited	full_bodies		All include macros and their twelve fully examined bodies/support files reconciled; no scenario-deletion proposal.
crates/syndic-storage/tests/durable_builder/continuation_faults.rs	5790625fa2d9e884e62881cdb3a7537f8d032827	17582	524	test	audited	full_bodies		All missing continuation, scan count/chain, independent published/hidden root and active identity corruptions examined, including reopen and exact fault timing.
crates/syndic-storage/tests/durable_builder/continued_ranges.rs	7b04e1e9f8657acb649d6957167d452341c9156a	4745	137	test	audited	full_bodies		All nonempty replacement continuation and helper bodies examined; source consumed once through marker effects, complete replay and reopened result retained.
crates/syndic-storage/tests/durable_builder/effects.rs	49582175a8a3cab45a3a4a7a0a6fe530c321fa2b	11520	333	test	audited	full_bodies		All insertion/order/identity/charge rejection, move, same-id replacement and removal flows examined; exact root/marker assertions retained.
crates/syndic-storage/tests/durable_builder/faults.rs	5b7d2698b3f6a65c25d31663191304cfbdaa30da	8628	230	test	audited	full_bodies		All actual writer cuts and subsequent advancement/replay examined; atomic published/hidden root triplet and source/target classifications retained.
crates/syndic-storage/tests/durable_builder/later_pages.rs	3659cc39cf0964b9b7585c03c48cec8a43287f55	15763	473	test	audited	full_bodies	DP-007	All test/scenario and helper bodies, cfg branches and macros examined; only shared construction mechanics proposed; independent bytes, positions, fault timing and intermediate custody assertions retained.
crates/syndic-storage/tests/durable_builder/lifecycle.rs	9e2fb81712a61e24868421eae692019ada408f27	4699	119	test	audited	full_bodies		Both cancellation timing branches fully examined, including active-effect versus between-effects reopen and unchanged candidate/history.
crates/syndic-storage/tests/durable_builder/many_effects.rs	1418625a1c4d3704268a4022e6a597e56f010b64	4463	124	test	audited	full_bodies		Full 257-effect generation, bounded advances, receipt closure and fixed continuation-size test examined; no operation-count cap reduction.
crates/syndic-storage/tests/durable_builder/marker_ranges.rs	44a5260a5be1a67abe4e67435259b5cfdaf0e90f	13482	353	test	audited	full_bodies		All markerless nonempty range rejection, same-anchor removal and repeated empty-range cases plus fixture bodies examined; explicit marker effects retained.
crates/syndic-storage/tests/durable_builder/ordered_runs.rs	39c191762311c8238bba6bb07725309490d1c7c5	13329	410	test	audited	full_bodies		All sparse and same-anchor ordering, bidirectional paging, three deletion stages and helper bodies examined; exact independent expected marker order retained.
crates/syndic-storage/tests/durable_builder/replay_faults.rs	ec71c0bdf83f9d3dfd2d27541fc65f77082f4260	10077	286	test	audited	full_bodies	DP-007	All test/scenario and helper bodies, cfg branches and macros examined; only shared construction mechanics proposed; independent bytes, positions, fault timing and intermediate custody assertions retained.
crates/syndic-storage/tests/durable_builder/successor_marker_boundaries.rs	2309c0a402f36e53e55999da6743c14b7a66ad25	12431	375	test	audited	full_bodies		All rightward move, same-id replacement, earlier inner anchor and beyond-frontier cases examined, including restart boundaries and exact text outputs.
crates/syndic-storage/tests/durable_builder/support.rs	128a009adae73807c45654aef58a58c589b771c9	16389	495	test_support	audited	full_bodies	DP-007	All test/scenario and helper bodies, cfg branches and macros examined; only shared construction mechanics proposed; independent bytes, positions, fault timing and intermediate custody assertions retained.
crates/syndic-storage/tests/editor_checkpoint.rs	5b67c5914b81dddf0f745a5904087ae3080945c3	601	23	test	audited	declarations_only	DH-012	Examined 1-23. All feature/path/module/allow declarations inspected; external fixture bodies are contextual dependencies, not counted as cohort coverage.
crates/syndic-storage/tests/editor_checkpoint/checkpoint.rs	5f2403b10d886e9e5ae5efffa7c1d0ef87e5a9b0	9284	237	test	audited	full_bodies	DH-012	Examined 1-237. All empty/nonzero opening, later edit/undo/redo, substituted fork/stale selector and missing-history scenarios inspected; already uses shared fixtures.
crates/syndic-storage/tests/editor_checkpoint/disposal.rs	6c704228bfe6f67f900aeb5f335a822f637621b1	8437	201	test	audited	full_bodies	DH-012	Examined 1-201. All normal/cut/private-pair/dirty disposal scenarios and assertion/request helpers inspected; normalized terminal pair, exact receipt replay and selector preservation retained.
crates/syndic-storage/tests/editor_checkpoint/publication.rs	3734a0d3c66f5791f4fe4e1e85451f32790fe904	2613	66	test	audited	full_bodies	DH-012	Examined 1-66. Complete older captured checkpoint scenario inspected; newer live candidate remains dirty after captured publication.
crates/syndic-storage/tests/editor_checkpoint/submission.rs	ab7db28055999283a4895f27c95089c99e150574	5986	192	test	audited	full_bodies	DH-012	Examined 1-192. All idle/queued nonzero reopened and saved-empty submission bodies inspected; existing parameterized fixture and exact disposal/replay assertions retained.
crates/syndic-storage/tests/family_matrix.rs	2c9fc19e164c3023b4e2b2651cf4a54eeee741b4	26144	665	test	audited	full_bodies		Read complete family fixture/deletion/reopen/scrub/recovery matrix, partition macro and every deletion case. Already data-driven; exact error and family partition evidence substantive, no test deletion estimate.
crates/syndic-storage/tests/family_matrix/cases_tail.rs	e10c50e63be150b99e520f75ae2b789bbecb1b5e	4271	111	test	audited	full_bodies		Read every remaining deletion fixture and expected semantic failure; no duplicated behavior suitable for removal.
crates/syndic-storage/tests/fault_reconciliation/delta_persistence.rs	1150ff0e0ddcb2135fe1af6cc06af3e558373835	5896	156	test	audited	full_bodies		Examined 1-156. Three delta durability cuts preserve source/item counters, canonical text, no duplicate retry and installed reconciliation close fence.
crates/syndic-storage/tests/from_tail.rs	28578e168d3f386841ca128a92d5d52af9b49c6d	13514	410	test	audited	full_bodies		1-410: Creation source activity witness, shared-revision retry and zero-entry stale projection behavior retained; command outcome assertions duplicate support opportunities.
crates/syndic-storage/tests/gate_routes.rs	87c219e9c2ea359edbd3243402f5392127d962ab	1056	37	test	audited	full_bodies		Examined 1-37. Coarse blocking-turn and stop-nonce accessors tested with exact variants; all bodies inspected.
crates/syndic-storage/tests/historical_root_adoption.rs	b2241ac29b9158ed3ab0fddf570d656f30b6b362	213	7	test	audited	declarations_only		Examined 1-7. Every default/fault/support module and feature gate inspected; default-feature historical coverage must survive support sharing.
crates/syndic-storage/tests/historical_root_adoption/default.rs	a6e815111bb96e342b488b320ad7790012a6b370	19310	578	test	audited	full_bodies	DH-008	Examined 1-578. All edit/adoption helpers and five complete undo/redo/branch/reopen/identity/terminal/deep-witness scenarios inspected; common success plumbing only.
crates/syndic-storage/tests/historical_root_adoption/faults.rs	d600ddd047b78b85d5c554aa7112caaf0ffe3136	24921	706	test	audited	full_bodies	DH-008	Examined 1-706. All enum/helper bodies and six complete fault/immutable-snapshot/outcome/floor scenarios inspected; preserve explicit fault matrices, canonical snapshots and no publication.
crates/syndic-storage/tests/historical_root_adoption/support.rs	c919f7ee8762dd81ddee2fd50ffa228753e4a54d	11189	358	test_support	audited	full_bodies	DH-008	Examined 1-358. All feature-gated and normal fixtures, edit build/settle, historical selection and command helpers inspected; shares ordinary mechanics with draft_edit_history support.
crates/syndic-storage/tests/item_projection_fault_reconciliation.rs	cc78ccb56eeebd5436c5cfccbe78657bfd8851d4	10027	299	test	audited	full_bodies		Examined 1-299. Final item publication verifies wholly old/new build/set/head and membership; fault-specific failed versus indeterminate health/custody preserved.
crates/syndic-storage/tests/large_draft_storage.rs	27f7e0e2c0aaccd6959f5810d34713a5fe05ed34	2026	36	test	audited	full_bodies		All 36 lines read including constants, imports, cfg and include/path declarations; descendant modules separately fully audited. No body-free claim for included target composition.
crates/syndic-storage/tests/large_draft_storage/large_text_history.rs	d46972f7f279c568eb1cdba9f551956e8f85804d	3847	119	test	audited	full_bodies	DT-003	All 119 lines read; 3 MiB staging, sparse reads, undo/redo, publication, materialization and reopen assertions retained. No smaller alternative that preserves evidence identified.
crates/syndic-storage/tests/large_draft_storage/marker_acquisition.rs	f28d80503c62eff027e5470a32e2d01ed3cd1d9d	15295	435	test	audited	full_bodies	DT-005;DT-006	All 435 lines read including test-faults branch; same-anchor bidirectional pages, edge proofs, seal/materialization and exact maximum acquisition accounting retained.
crates/syndic-storage/tests/large_draft_storage/support.rs	22b117ec26285f768e4a06a14ea2a52d81bb9534	9419	275	test_support	audited	full_bodies	DT-006	All 275 lines read; staging/build bounds, sparse text oracle, history/publication and composer helpers examined. Share duplicate publication helper; keep per-stage evidence assertions. 2026-09-07: shared durable_builder fixture/capture signatures and activation facts checked.
crates/syndic-storage/tests/lifecycle_and_ordering.rs	f19b1e9fbc4ccce2c2e5528b211fd2d170f7852b	3249	90	test	audited	full_bodies		Examined 1-90. Lifecycle distinctions, exact route target and typed one-based ordering checks already compact.
crates/syndic-storage/tests/limits.rs	8fee4c7d2074c345f2ce6e60967531eba780bf74	2296	79	test	audited	full_bodies		Full lines 1-79; All aggregate, overflow and allocator-authority rejection tests; retain logical-size versus operation-bound distinction.
crates/syndic-storage/tests/lineage_proofs.rs	694a4f18d95c95dfd3e7e734293c1a968a3704fd	5212	147	test	audited	full_bodies		Examined 1-147. Native/recovered mechanism, empty/nonempty prefix, generation and byte/count bounds inspected.
crates/syndic-storage/tests/live_history.rs	2a6b11cbd08f3d38ede47bf7a5e79bdff0e6df18	1075	38	test	audited	declarations_only		Examined 1-38. Declaration-only integration target mounts and imports, including test-faults cfg; each child reviewed separately.
crates/syndic-storage/tests/live_history/activity_bounds.rs	c8f35244ea87457b37ffac1d06ef58b54779f3a9	11291	365	test	audited	full_bodies		Examined 1-365. Row and exact stored-byte caps, retained newest-prefix/cutoff, paged running/completed order, source retirement without rewrite, old cursor/head rejection and reopen assertions remain distinct.
crates/syndic-storage/tests/live_history/activity_corruption.rs	dcb12e382145f4005c7b9b75b900a6b3189e1991	8827	302	test	audited	full_bodies		Examined 1-302. Corruption fixture and reopen/scrub rejection helpers plus four coherent-counter/source corruption cases; independent running completeness, maximal completed retention, activity-start and retired-frontier oracles retained.
crates/syndic-storage/tests/live_history/canonical.rs	fd0c7564de63dfb8737b4b76848e9f45ce744848	173	8	test	audited	declarations_only		Examined 1-8. Imports and three child module mounts only; each physical child independently reviewed.
crates/syndic-storage/tests/live_history/canonical/coalesced.rs	c2cefb670ea7313b142b50abcecf573674309512	11754	379	test	audited	full_bodies		Examined 1-379. Coalesced large UTF-8 assistant and operational lifecycle scenario with per-event activity frontiers, stale head, retention, source-event counts, canonical content, typed completion, projection and reopen oracles.
crates/syndic-storage/tests/live_history/canonical/missing_activity.rs	205c3408661e681a5a7c8f03feca2a2f9f12057d	3728	128	test	audited	full_bodies		Examined 1-128. Generated-media exclusion plus deliberately missing operational activity row; publication rejection leaves canonical count unchanged and reopen scrub diagnoses corrupted counters.
crates/syndic-storage/tests/live_history/canonical/replay.rs	b5b3eabfe58dddd6242e1754bf3d273e88d6b1d8	8643	299	test	audited	full_bodies		Examined 1-299. Duplicate/colliding/out-of-order/closed events and sequential finalization remain separate typed-error and durable-state assertions; duplicate terminal and reopen scrub checks.
crates/syndic-storage/tests/live_history/event_helpers.rs	76d4fce042c1915d1ac6a0e42a939994ff522bc8	5155	173	test	audited	full_bodies		Examined 1-173. Command execution/error helpers and typed agent/command/image frame fixture constructors; thin responsibility-specific variants preserve distinct frame vocabulary.
crates/syndic-storage/tests/live_history/mismatch.rs	7cb0bdeedb28c5cfe1bb8bfd59374754c1269ca8	11246	366	test	audited	full_bodies	SX-007	Examined 1-366. Mismatch after first 65536-byte comparison page and truncated completion: exact mismatch offset, live narrative/source retention, terminal audit fence, finalization, reopen and recovery-incomplete rejection.
crates/syndic-storage/tests/live_history/support.rs	0a1b42427f769512ae41722e76ebcdcdbca6b731	2651	92	test_support	audited	full_bodies	PRE-004	Examined 1-92. TestHome allocation/drop and content staging helper fully inspected. TestHome maps to PRE-004 global tempfile candidate, counted once there; clean-commit and bounded append assertions retained.
crates/syndic-storage/tests/live_history/terminal_outcomes.rs	e596d41b4f60819ded3171c47418da22d0fe23ea	3934	120	test	audited	full_bodies		Examined 1-120. Four proven terminal outcomes parameterized already; unknown terminal separately validates awaiting gate and absence of stop nonce.
crates/syndic-storage/tests/live_history/thread_isolation.rs	b25d2abc1373704dd01fb35a9aa4425ee48d7d7c	2706	96	test	audited	full_bodies		Examined 1-96. Cross-thread turn/gate mismatch rejection and exact unchanged turn plus both gate records; root-parent invariant and scrub retained.
crates/syndic-storage/tests/live_history/turn_helpers.rs	f6ba90c209ef23a9fe7bf6c9a0f9d11a6835f80b	11987	428	test	audited	full_bodies	SX-007	Examined 1-428. Pending-turn/event/provider preparation and staging helpers, bounded completion loop, exact content/frame readers, projection/frontier finalization all examined; broad shared helpers already exist, scenario-local assertions not collapsed.
crates/syndic-storage/tests/mutation_fault_reconciliation.rs	feb24a02743e07836cdfcf36e2bf1c387e49c69d	14671	469	test	audited	full_bodies	SX-007	Examined 1-469 including test-faults cfg and child mount. Exact active CAS turn/item collision scenario plus preparation/staging/completion and raw-byte decoding helpers; duplicated preparation/staging mechanics with live_history helpers are candidate SX-007, keep reconciliation installation and mismatch-frontier assertions.
crates/syndic-storage/tests/named_rejection_abandonment.rs	8df85337b2ac8bc3bd35c403c852db886a2d8332	19098	549	test	audited	full_bodies	SL-006	Examined 1-549. Named versus generic rejection provenance, sibling delivery and all three fault cuts inspected; repeated fault driver can preserve all outcome assertions.
crates/syndic-storage/tests/named_rejection_abandonment/generic_witness_corruption.rs	f98e85247c7149b5691b3f35939d4b9ebf156cdc	2718	80	test	audited	full_bodies		Examined 1-80. Generic loss witness with nonprior gate must fail scrub/reopen; full test inspected.
crates/syndic-storage/tests/native_projection.rs	5705af660b27004bad1ad33b606f963bf79a28d5	16962	489	test	audited	full_bodies		Examined 1-489. Native current/fresh/resume/fork/unavailable planning scenarios verify exact execution, profile, ancestor count, compatible path-neutral descendant, preserved revision and reopen behavior; root child mounts separately covered.
crates/syndic-storage/tests/native_projection/divergent_fork.rs	10aecee029c4ab4adea691b4826238ce14aef20e	2788	81	test	audited	full_bodies		Examined 1-81. Divergent nonempty native-prefix fixture and reopen select exact earlier inclusive ancestor/count while retaining later source binding identity.
crates/syndic-storage/tests/native_projection/fixtures.rs	c7a734e47684a549836115cfac6aed2cd86f83c6	31264	909	test	audited	full_bodies		Examined 1-909. Three fixture structs and all seven helpers, including root/append pending, accepted admission descendant, multi-revision binding history and divergent prefix closure; independent exact record construction remains valuable fixture authority.
crates/syndic-storage/tests/piece_tree.rs	f646724d8a34c3ef3a19e37f7543a085bd8eaae9	32367	1014	test	audited	full_bodies	DT-001;DT-002;DT-004;DT-006	All 1014 lines read including every cfg block and thread_local macro; durable resume, replay/collision, closure corruption, byte continuation, record diagnostic and reconciliation tests retained.
crates/syndic-storage/tests/pristine_thread.rs	75429539d762bfeffb2d415a5f157d1bfeabc641	20036	604	test	audited	full_bodies		Examined 1-604. Pristine creation/payload fixtures and all eligibility, restart, partial closure, dirty/marker/submitted/nonordinary/gate, stale writer, exact removal/replay, reused validation-only and advanced binding cases; already parameterized where oracles align.
crates/syndic-storage/tests/pristine_type_delete.rs	713a377405982cc87e9be50cc1fd56db2b7ebbee	4048	117	test	audited	full_bodies		Examined 1-117. Include mount and type/delete durable-candidate publication, catalog synchronization, exact pristine candidate assertion; included physical helper is outside cohort and not credited here.
crates/syndic-storage/tests/projection_boundaries.rs	84591d75e418246af0e3f5041abcdcf5a7f8625f	13709	397	test	audited	full_bodies	SX-R01	Examined 1-397. UTF-8 scalar chunking, zero-width markers, paragraph/code/table threshold boundaries, page clamping and resource range continuation/error tests plus malformed syntax and CRLF/unfinished fences; explicit byte/source independent oracles retained.
crates/syndic-storage/tests/projection_boundaries/fixture.rs	5ba56a83334f523211ddf20f862930fb3440ce7c	6412	198	test	audited	full_bodies		Examined 1-198. Owned-store/home drop order, composer/source-marker fixture, bounded build loop, projection reader and separate inline/resource assertions; shared mechanics already local.
crates/syndic-storage/tests/provider_codec.rs	f9ab3d82f6ec4682fb450b66b7d669880665fb75	13804	375	test	audited	full_bodies	SP-006	Full fixtures and cases reviewed: independent materialized/streaming parity, exact submitted references, depth and typed image rejection. Keep oracle assertions and malformed byte mutations.
crates/syndic-storage/tests/provider_codec/content_reference.rs	631dcfddd271b582153615af7962ea50cf6fbf93	4322	127	test	audited	full_bodies		Full fixtures and cases reviewed: independent materialized/streaming parity, exact submitted references, depth and typed image rejection. Keep oracle assertions and malformed byte mutations.
crates/syndic-storage/tests/provider_codec/validation.rs	1074ce00dd7e8d464d2e14a6c1947a91dd4efbed	6049	165	test	audited	full_bodies		Full fixtures and cases reviewed: independent materialized/streaming parity, exact submitted references, depth and typed image rejection. Keep oracle assertions and malformed byte mutations.
crates/syndic-storage/tests/provider_observation.rs	4152acab8125c4963c27a38c218293f6711c4b40	17162	502	test	audited	full_bodies	SP-005	Full durable schema/lifecycle/control matrix read including restart, duplicate/required/default/Other/privacy cases; share success-path fixture plumbing without deriving expected schemas from production tables.
crates/syndic-storage/tests/provider_observation/depth.rs	11b9cc68e1064bddc35230b35d09b8082a138184	8702	291	test	audited	full_bodies	SP-005	All worst-location 128/129 and resumed 259-frame-stack scenarios read; retain exact semantic depth and restart distinction; construction helpers may be shared.
crates/syndic-storage/tests/provider_observation/identity.rs	f447d3b90b6e1b1df05b0c86e8c52bf040209ef3	12394	400	test	audited	full_bodies	SP-005	All identity and generic-text exclusions read; retain 256-byte frontier, whitespace/control/UTF-8, per-field ownership and durable unchanged assertions; fixture control plumbing can be shared.
crates/syndic-storage/tests/provider_observation/identity_exclusions.rs	94ed22a854a59c5ad1e39b703c9f0c846d5ffd81	7024	269	test	audited	full_bodies	SP-005	All identity and generic-text exclusions read; retain 256-byte frontier, whitespace/control/UTF-8, per-field ownership and durable unchanged assertions; fixture control plumbing can be shared.
crates/syndic-storage/tests/provider_observation/lifecycle.rs	ef3797be53e2912d01c678d07e6f0e0b31cb55a8	9218	273	test	audited	full_bodies	SP-005	Full durable schema/lifecycle/control matrix read including restart, duplicate/required/default/Other/privacy cases; share success-path fixture plumbing without deriving expected schemas from production tables.
crates/syndic-storage/tests/provider_observation/matrix.rs	b431f9b7fc1f525e234d826b697142fa7f4b77c4	15934	444	test	audited	full_bodies	SP-005	Full durable schema/lifecycle/control matrix read including restart, duplicate/required/default/Other/privacy cases; share success-path fixture plumbing without deriving expected schemas from production tables.
crates/syndic-storage/tests/provider_observation/matrix_restart.rs	9aba1f25db7d562611af6108afb0916d7af2deca	3409	107	test	audited	full_bodies	SP-005	Full durable schema/lifecycle/control matrix read including restart, duplicate/required/default/Other/privacy cases; share success-path fixture plumbing without deriving expected schemas from production tables.
crates/syndic-storage/tests/provider_observation/nested.rs	9fb72b54e64a4f1ec6439f96aa6b3edb0e8f260a	11498	434	test	audited	full_bodies	SP-005	Full durable schema/lifecycle/control matrix read including restart, duplicate/required/default/Other/privacy cases; share success-path fixture plumbing without deriving expected schemas from production tables.
crates/syndic-storage/tests/provider_observation/reasoning_privacy.rs	0f2c255a2dce9eba2147e2f0349a9f5e0dbf4f29	5650	178	test	audited	full_bodies		Full durable schema/lifecycle/control matrix read including restart, duplicate/required/default/Other/privacy cases; share success-path fixture plumbing without deriving expected schemas from production tables.
crates/syndic-storage/tests/provider_observation/restart_validation.rs	2056a9a7c2c22679250b182b7761e044adab8f06	3507	106	test	audited	full_bodies		Full durable schema/lifecycle/control matrix read including restart, duplicate/required/default/Other/privacy cases; share success-path fixture plumbing without deriving expected schemas from production tables.
crates/syndic-storage/tests/provider_observation/schemas.rs	7f0d5fac3231de90909ad72ecdb22058b89ba2d1	15701	457	test	audited	full_bodies	SP-005	Full durable schema/lifecycle/control matrix read including restart, duplicate/required/default/Other/privacy cases; share success-path fixture plumbing without deriving expected schemas from production tables.
crates/syndic-storage/tests/provider_observation/validation.rs	ebb1d667beaee60d23366bb54f9e0261ee06772a	13206	468	test	audited	full_bodies	SP-005,SP-007	Full durable schema/lifecycle/control matrix read including restart, duplicate/required/default/Other/privacy cases; share success-path fixture plumbing without deriving expected schemas from production tables.
crates/syndic-storage/tests/provider_observation_compiler.rs	4a0141a8b5a71a1f58ab5a9e62d8a999aead4cbe	11407	379	test	audited	full_bodies	SP-005	Full compiler parity and multi-page fixtures read; preserve arbitrary field/discriminant order, nested values, exact encoded bytes and prepared/staged targets.
crates/syndic-storage/tests/provider_observation_compiler/large.rs	61503bc4ae0ba4dc28e644c4ecaa258d31f3e2c5	2301	71	test	audited	full_bodies		Full compiler parity and multi-page fixtures read; preserve arbitrary field/discriminant order, nested values, exact encoded bytes and prepared/staged targets.
crates/syndic-storage/tests/provider_observation_compiler/parity.rs	e9ceb5007b1d888bd06d5ccb32612348461d174f	4248	127	test	audited	full_bodies		Full compiler parity and multi-page fixtures read; preserve arbitrary field/discriminant order, nested values, exact encoded bytes and prepared/staged targets.
crates/syndic-storage/tests/provider_observation_compiler/structured.rs	1ad3aefa1144a4932a02c14963fc9142e8dd7588	9983	295	test	audited	full_bodies	SP-005	Full compiler parity and multi-page fixtures read; preserve arbitrary field/discriminant order, nested values, exact encoded bytes and prepared/staged targets.
crates/syndic-storage/tests/provider_observation_issue.rs	7355fd62fdf2853725351804e924061e147e7a0e	19442	641	test	audited	full_bodies	SP-005	Full issue publication/rejection/corruption/lifecycle tests read; retain canonical item nonreplacement, reason precedence, unchanged durable state and reopened evidence checks.
crates/syndic-storage/tests/provider_observation_issue/corruption.rs	04ecc1da7f15fde660da8fe0d817b2e1f616c038	7658	223	test	audited	full_bodies		Full issue publication/rejection/corruption/lifecycle tests read; retain canonical item nonreplacement, reason precedence, unchanged durable state and reopened evidence checks.
crates/syndic-storage/tests/provider_observation_issue/fold_corruption.rs	cddef4d7eb98d24ea6305a8c1caada660404d6c7	4249	134	test	audited	full_bodies		Full issue publication/rejection/corruption/lifecycle tests read; retain canonical item nonreplacement, reason precedence, unchanged durable state and reopened evidence checks.
crates/syndic-storage/tests/provider_observation_issue/lifecycle_matrix.rs	61dc491a13bb2ebe1a0960a05b202ad7239e57b8	15310	494	test	audited	full_bodies	SP-005	Full issue publication/rejection/corruption/lifecycle tests read; retain canonical item nonreplacement, reason precedence, unchanged durable state and reopened evidence checks.
crates/syndic-storage/tests/provider_observation_issue/mod.rs	b547df18208485114af0778c4e745e2889a3d785	90	6	test	audited	declarations_only		Declaration-only issue test module routing; no behavior to remove.
crates/syndic-storage/tests/provider_observation_issue/rejections.rs	1caa9db8e285b0e152cf74c5594164643daa92fa	3145	97	test	audited	full_bodies		Full issue publication/rejection/corruption/lifecycle tests read; retain canonical item nonreplacement, reason precedence, unchanged durable state and reopened evidence checks.
crates/syndic-storage/tests/provider_observation_seal_custody.rs	2d60d60e49829882091186aca0bd0f2b6274c5aa	6402	195	test	audited	full_bodies		Explicit lifetime probe tests distinguish install and drop custody; retain stager lifetime, failed close and reopen assertions. Reuse test-home and clean outcome fixtures only.
crates/syndic-storage/tests/provider_staging.rs	3ab8a2c53f998d11e36fbf150047f95f6c04a832	29354	853	test	audited	full_bodies		Full staging/restart/fault tests read; retain independent content-ahead and narrative-ahead cuts, exact retry bytes, completion equality and corrupted-frontier classification.
crates/syndic-storage/tests/provider_staging/faults.rs	970c691c5cc6c2964d282e94652fca4277241616	4665	120	test	audited	full_bodies		Full staging/restart/fault tests read; retain independent content-ahead and narrative-ahead cuts, exact retry bytes, completion equality and corrupted-frontier classification.
crates/syndic-storage/tests/provider_staging/restart.rs	f9810babe7026b717ee0468ca5eeb57d98f701cc	12180	348	test	audited	full_bodies		Full staging/restart/fault tests read; retain independent content-ahead and narrative-ahead cuts, exact retry bytes, completion equality and corrupted-frontier classification.
crates/syndic-storage/tests/provider_storage_codec.rs	ed83e799c8ecf796249ca3e7681c4f276fe32da1	16102	483	test	audited	full_bodies		Full exact family, corruption, narrative digest-domain vectors, sealed-frame and pending-completion cases read; retain independent expected preimages and immutable target checks.
crates/syndic-storage/tests/provider_streaming.rs	decaf0855c8c92e6707a49b9612db8ef77e84e7a	12382	380	test	audited	full_bodies	SP-006	Full capture/fragmented reader helpers and structural, arbitrary-size and reused-text frame tests; bounded read, exact span, lifecycle and reference assertions are independent required coverage.
crates/syndic-storage/tests/provider_streaming/corruption.rs	42b8f118abaa80c78e1404aa4b8df1b86f8d02a9	10835	305	test	audited	full_bodies	SP-006,SP-007	Full locator, truncation, trailing/digest, MCP image discriminator and maximum-depth corruption tests; independent bounded and streaming decoders retained.
crates/syndic-storage/tests/provider_streaming/lifecycle.rs	ab57a28ed4816d6d334a1b24e17e60a2b2c145d9	12019	339	test	audited	full_bodies	SP-006	Full lifecycle restart, corrupt state, completion-only, timestamp, and monotonic unsupported-history test bodies; independent materialized and structural paths retained.
crates/syndic-storage/tests/pure_values.rs	42c79ce9fdeb1daff7efb886275019fe40a70f27	3046	87	test	audited	full_bodies		Full lines 1-87; All context source fixture and four exact text/range/digest/parent tests; small meaningful boundary assertions retained.
crates/syndic-storage/tests/query_foundation.rs	417f411d02da51b6cbe9a73d1d21876f07e0d7b9	11775	361	test	audited	full_bodies		1-361: 300-level lineage and exact bytes/cursor fencing, inherited label authority, stale activity head retained; no reduced depth or budget assertions.
crates/syndic-storage/tests/recovery_item_budget_faults.rs	297fd480892eb78113bd79e6b8653f6a9a4572ff	4736	152	test	audited	full_bodies	PRE-004	Examined 1-152. Budget fixture and exact MAX versus MAX+1 tests retain separate typed outcome and read-attempt/residency oracles; no proportional frontier allocation. Home/store field order noted for PRE-004 cleanup integration.
crates/syndic-storage/tests/recovery_preflight.rs	aeebbb6ca5332cf162a599f59ab6f0bfe009a677	15838	507	test	audited	full_bodies	SX-007	Examined 1-507. Exact fixture records, leased replay, empty native path, current-versus-pending parent equivalence and cursor/source revision drift tests; same_home_path_records duplicates recovery_projection after explicit seed difference (SX-007).
crates/syndic-storage/tests/recovery_projection.rs	47c8dcf543a3e30a61a44010dd9a60f18a94be97	31459	923	test	audited	full_bodies	SX-007	Examined 1-923. Recovery fixture generation, exact path/sequence reconstruction, all cursor lease/UTF-8/chunk, fixed digest vector, absolute/model budgets, empty/media/operational/incomplete/stale errors and reopen oracles. Shared path fixture copy with recovery_preflight is SX-007; fixed byte vector remains independent.
crates/syndic-storage/tests/recovery_projection_faults.rs	f4b17ef8823ea2283910044f29ede6f8e0f81c99	2737	89	test	audited	full_bodies		Examined 1-89. Read-confirmation failure marks home failed; same-home candidate reacquisition/publication preserves exact thread and subsequent incomplete-history result.
crates/syndic-storage/tests/recovery_reads.rs	0d6f1f7f5801bba916356d20bf202accc6c8bb98	17606	511	test	audited	full_bodies	SQ-R01	1-511: Full cfg and physical corruption macro expansion reviewed: 63 families x 3 corruptions in 16 partitions; retain typed Access versus semantic rejection and dormant routine reopen.
crates/syndic-storage/tests/recovery_reads/ordered.rs	b9c93a7a6bb544709f22e3f4583bcaf14437aace	5601	154	test	audited	full_bodies		1-154: Ordered public family cursor continuation and recovery handle reacquisition are independent contracts; no one generic equality test replacement.
crates/syndic-storage/tests/reopen.rs	fca46d4625a9167e3581caaad8031042d57b1415	7899	225	test	audited	full_bodies	SQ-R01	1-225: 320-turn shared/unreachable history with bounded validation pages and zero routine-open scan retained; metrics lock required.
crates/syndic-storage/tests/replacement.rs	5a37577e254f1b80a9166ebc9616283415e3f588	17976	547	test	audited	full_bodies		Examined 1-547. Replacement fixture target construction and exact transcript/selected-path intent roundtrip, stale/off-path/empty/provider-operation rejection and current-entry validation; explicit durable source/index records retained.
crates/syndic-storage/tests/retired_worker_capacity_codec.rs	e5bf319b42898e5a8ba90e4e0e5eff2d0ea883c6	670	23	test	audited	full_bodies		Examined 1-23. Both retired tag codec rejection cases inspected.
crates/syndic-storage/tests/route_generations.rs	06442440ea71cf167fc08065b866d8594db7258e	16431	504	test	audited	full_bodies	SL-005	Examined 1-504. All large-route fixtures/pages, compact abandonment, overflow and monotonic route corruption cases inspected.
crates/syndic-storage/tests/route_generations/support.rs	fcf68bb1dea29bf2bd4eb17b6e2a04a3b97e0628	10689	291	test_support	audited	full_bodies	SL-005	Examined 1-291. Full mixed-abandonment fixture read; nearly identical to accepted_delivery/fixtures with ownership signature/constant visibility differences.
crates/syndic-storage/tests/schema_foundation.rs	123590cc31f74fbff987473270fcad9447f589cb	3684	110	test	audited	full_bodies		Full lines 1-110; All marker helper and label vectors, duplicate identity, asset proof and >1024-marker scenarios; retains independent product invariants.
crates/syndic-storage/tests/selected_path_side_effects.rs	6b62179945abbcba90ce1426190e5e7fe05dfe8d	789	29	test	audited	full_bodies		1-29: Feature-gated module wiring reviewed; four included test modules handled individually.
crates/syndic-storage/tests/selected_path_side_effects/fixture.rs	dcec6ec2b1e7e62f28eafd2c8c4501b721742877	8576	315	test	audited	full_bodies		1-315: Terminal/open-assistant and replacement-root fixture uses domain mutations and exact historical records; reuse setup only.
crates/syndic-storage/tests/selected_path_side_effects/helpers.rs	7b49fd5db31796bf30350c763f74a9730118a370	6312	228	test	audited	full_bodies		1-228: Projection and transcript convergence wrappers keep hard iteration failure bounds; forwarding admit/submit helpers can be inlined but no standalone finding.
crates/syndic-storage/tests/selected_path_side_effects/off_path.rs	6f569017a27fbd538c9a69f2cebeacf3d442255a	2436	65	test	audited	full_bodies		1-65: Historical finalization and replacement selected-head invariance are independently asserted before and after reopen.
crates/syndic-storage/tests/selected_path_side_effects/selected_path.rs	74b00cf39b1b9e55955392197dd6b5bc041d1467	2798	70	test	audited	full_bodies		1-70: Freeze/finalize stale-head and history timestamp progression retained across convergence/reopen.
crates/syndic-storage/tests/semantic_bindings.rs	3fd1b3548449688645a77b36bd3534376a3bece7	7703	241	test	audited	full_bodies		Examined 1-241. All transcript/history/binding/snapshot/CAS reservation corruption fixtures inspected.
crates/syndic-storage/tests/semantic_corruption.rs	82acbe4435516c4086d4087a712d4a975edce1bf	18196	536	test	audited	full_bodies		1-536: All topology/order/source/index corruption cases use semantic harness; explicit coherent mutations and unreachable records preserve independent rejection evidence.
crates/syndic-storage/tests/semantic_corruption/fixtures.rs	aec7c4c410bd083189d2bf66b52a5bab263d4312	3747	124	test	audited	full_bodies		1-124: Projection seed duplicates unreachable-turn record construction from parent file; a pure records helper can avoid ~25 lines, no broad fixture framework.
crates/syndic-storage/tests/stable_prefix.rs	351c26ca08c6c273a5142b8882b6dfd164488b1c	9079	327	test	audited	full_bodies		1-327: Fixture helpers preserve successive frame ordinals and one-row generation traversal; projection build helper can share bounded convergence with sibling test support.
crates/syndic-storage/tests/stable_prefix/cases.rs	163afc7e6af20d35b14518432c5f379ec9ad5626	6831	189	test	audited	full_bodies		1-189: Resume/supersession/EOF promotion and old-generation immutability are distinct required witnesses; retain all assertions.
crates/syndic-storage/tests/stale_binding.rs	c06b8d9bbd30da43f55d6f1d61dbb1ef1ff44209	3780	108	test	audited	full_bodies		Examined 1-108. Exact stale optional provenance and permanent reservation roundtrip inspected.
crates/syndic-storage/tests/stop_admission_read.rs	08eb3e0d4cc197182af68e8b823f7dc1e13c3a26	27279	816	test	audited	full_bodies	SQ-R02	1-816: Feature-dependent bodies included; all eligibility/lifecycle/constituent-budget/33rd-read and 8th-read races and missing authority cases retained. Raw-pass simplification needs race-hook adaptation, not deleting cases.
crates/syndic-storage/tests/stop_schema.rs	be4b865366c3802f0f22e94f2e1515329c2e9315	16586	474	test	audited	full_bodies	SL-R01	Examined 1-474. All stop target/admission/claim/cause ledger/disposition and cfg codec corruption variants inspected.
crates/syndic-storage/tests/stop_storage.rs	89b10676ad9f715d664de2b853a0f69e34098c2b	512	26	test	audited	declarations_only		Examined 1-26. All module and feature-gating declarations inspected.
crates/syndic-storage/tests/stop_storage/abandonment.rs	bb631898d4fab3bb0be04cb105d2a91a80b80969	6501	205	test	audited	full_bodies		Examined 1-205. Stop recovery/abandonment queued preservation and cause-race exact revision scenarios inspected.
crates/syndic-storage/tests/stop_storage/corruption.rs	2a786d2706c67d6f76a58c9de24fcc249e869e58	7430	238	test	audited	full_bodies		Examined 1-238. Every missing record half and orphan live stop corruption case inspected.
crates/syndic-storage/tests/stop_storage/faults.rs	eb15f54a2824d0473a32980d55f5e65fc5780392	12150	354	test	audited	full_bodies		Examined 1-354. All six operation fault matrices, current-command outcomes, recovery and reconciliation custody helpers inspected.
crates/syndic-storage/tests/stop_storage/lifecycle.rs	3e230d3552ebcf2c53f22a416be63b3a895af888	28134	908	test	audited	full_bodies		Examined 1-908. All admission/cause/claim ordering, chronology, safe reopen, terminal and race cases inspected.
crates/syndic-storage/tests/stop_storage/queued.rs	cc2cd1b0c0a20cec018b07d6b29084ee4d37071d	4076	122	test	audited	full_bodies		Examined 1-122. Before/after stop queued ordering, route/source retention and safe reopen counts inspected.
crates/syndic-storage/tests/stop_storage/recovery.rs	b12d67076239cead73c05cf75cff8b35a44c2550	7668	229	test	audited	full_bodies		Examined 1-229. Admitted/claimed/pending startup classification, nonreplayable attempts and reopened abandonment inspected.
crates/syndic-storage/tests/stop_storage/support.rs	d400063d3e7403067d02abbcb4c11a69035ff7ef	12247	368	test_support	audited	full_bodies	SL-005	Examined 1-368. All temp-home ownership, staging, current command and compaction-backed pending-turn setup inspected.
crates/syndic-storage/tests/stop_storage/support/active_stop.rs	591e3e74dd041fc0db7179192a9505a3343c0afa	8907	299	test	audited	full_bodies	SL-005	Examined 1-299. All active/pending/fault fixture constructors, reopener and common compaction-backed turn setup inspected.
crates/syndic-storage/tests/stop_storage/support/live_turn.rs	a5d959a7dd4bfa34a47e6d84f148ebb098e7449c	11070	350	test	audited	full_bodies		Examined 1-350. Exact CAS authority establishment, provider staging/reconciliation ownership and user-item correlation inspected.
crates/syndic-storage/tests/stop_storage/support/terminal_history.rs	95a62a86864b542229ed468ae23b8ad5b199e3f8	7257	235	test	audited	full_bodies		Examined 1-235. All bounded item/media/transcript convergence loops and terminal release helpers inspected.
crates/syndic-storage/tests/stop_storage/support/test_faults.rs	3589549e2dfaae5b13d54a2ab289bd458e16051e	12346	358	test	audited	full_bodies		Examined 1-358. All synthetic queued input gate variants, provider stop reason, draft/history replacements and source index effects inspected.
crates/syndic-storage/tests/submission_disposal.rs	a93d4ef22f4b32c4a1b46a0f359e8dded463bfd7	458	17	test	audited	declarations_only		All cfg and path-module declarations examined; shared history/edit/publication support and independent acceptance/fault modules retained.
crates/syndic-storage/tests/submission_disposal/acceptance.rs	3db6ad0d6f72badbc5bdc84c8bf75a0e671ac2ec	4493	130	test	audited	full_bodies		All idle/queued submission, current-selector clear, disposed session and ordinary immutable receipt replay assertions examined across reopen.
crates/syndic-storage/tests/submission_disposal/faults.rs	d7f42a0c0a99bdf33dbb19014f1bedd4d5190128	5354	145	test	audited	full_bodies		All idle/queued atomic cuts and occupied-disposal-receipt cases examined; acceptance/disposal publication stays atomic with exact old/new classification.
crates/syndic-storage/tests/submission_disposal/fixture.rs	55f9eaeb418b9f6896d394ebdb1980fc3611cb6a	7276	200	test	audited	full_bodies		All fixture build/opening/recovery/reopen/materialization bodies examined; actual byte/read/write/residency assertions and opening-session cases retained.
crates/syndic-storage/tests/support/activity_handoff.rs	f9da2c4a9539ab323eadf3d36e7a35d1f866779d	21	1	test_support	audited	declarations_only		Only crate-level allow(dead_code) attribute; no symbols or executable bodies. Empty support placeholder has no material line-saving value.
crates/syndic-storage/tests/support/exact_cas.rs	18c35c1e50abfac68522ef2698e4f0f050587d15	40538	1207	test_support	audited	full_bodies		All 1,207 exact-CAS helper lines: explicit submission closure, detached canonical draft backing, ancestry, exact binding publication, frame staging, terminal/media waits and bounded projection convergence. Preserve exact-CAS distinction; provider helper sharing overlaps SP-005 and adds no independent estimate.
crates/syndic-storage/tests/support/lifecycle.rs	137444c38f5d168d1df5992e298f5608019732ea	604	13	test_support	audited	full_bodies		All lifecycle-to-end-status mapping branches reviewed; uses existing turn_end_status helper and keeps incomplete reason semantics.
crates/syndic-storage/tests/support/mod.rs	309fcf2b34bd4bafb3db8e06494c8cf19ef024e4	20048	605	test_support	audited	full_bodies		All shared home/commit/seeding/content/thread/batch bodies reviewed. Preserve canonical draft backing and duplicate-content equality checks. Home allocation/cleanup belongs to PRE-004; no extra savings counted.
crates/syndic-storage/tests/support/populated.rs	337b4d957eeb467341bdf1c463c79893f57bdb0d	18363	526	test_support	audited	full_bodies	SC-009	Complete populated builder reviewed; provider construction is unconditionally discarded by final filter. SC-009 retains static output, independent family tests and staged seeding.
crates/syndic-storage/tests/support/populated/active.rs	d119d7c8b404a4b6ea8e16899bc96cc4e058d8ee	16897	467	test_support	audited	full_bodies	SC-009	Complete active builder reviewed; only two consumers filter either provider-owned records or active route facts. SC-009 removes only universally discarded item/activity construction and producer setup, retaining route and draft backing.
crates/syndic-storage/tests/support/populated/active/item_records.rs	f39fca7fb830b802d1cea0310eb10e9cc49fe352	12763	392	test_support	audited	full_bodies	SC-009	Complete 392-line ItemRecordFacts and records body reviewed. Every emitted record rejected by both active::records consumers; entire module/fact plumbing removable under SC-009.
crates/syndic-storage/tests/support/populated/active/provider_seed.rs	490fc9e46da661543ada09b0ecb2fa378c2d56ab	2185	69	test_support	audited	full_bodies		All active provider seed commands reviewed: retains durable event order, observed timestamps and receipt propagation. SC-009 leaves this separate seeding path intact.
crates/syndic-storage/tests/support/populated/active/route_records.rs	afecf5be5bd92c32f14e9d917b3c7995db431cbe	9140	270	test_support	audited	full_bodies		Complete route facts and constructor body reviewed: active accepted-input/image-label/route facts remain consumed by pre_event_records, bindings remain in static output; do not remove as provider-dead records.
crates/syndic-storage/tests/support/populated/bindings.rs	6e364e7f153c0fd64cdaf1676596bcdab39d3a28	3636	113	test_support	audited	full_bodies		All source binding/snapshot/CAS records reviewed. Some records filtered out, but savings for this helper are not estimated; preserve retained static binding states and real command seeding.
crates/syndic-storage/tests/support/populated/context.rs	67c21dc84ef0140c744fdd6f153ed71527ac2f11	5142	143	test_support	audited	full_bodies		All deferred context constructor bodies reviewed: branch lineage/context and draft-root backing are consumed before/after provider seeding; retain precise ordering and ownership.
crates/syndic-storage/tests/support/populated/provider.rs	4d0b66198f6cdb94ff5c244162f75ab555a71d04	15350	447	test_support	audited	full_bodies	SC-009	All frame generation/preparation/seed/convergence/outcome bodies reviewed. SC-009 can remove producer-only frames/canonical metadata after dead static consumers go, while preserving prepared frames and durable seed logic. Shared staging/convergence overlap SP-005 is not counted.
crates/syndic-storage/tests/support/populated/seed.rs	b6b288b8d98df8a94b2685644a540b4dedf2d018	21776	535	test_support	audited	full_bodies	SC-009	All ownership/deferred/static/event filters and durable seed commands reviewed. Exact consumers prove SC-009 dead constructors; preserve active_route_fact, canonical initial threads, pre-event scrubs and command order.
crates/syndic-storage/tests/support/populated/source.rs	ea181f25750edf20a7a262c82eb6a33bde2bcf61	2764	113	test_support	audited	full_bodies		All identity/projection/execution helper bodies reviewed; stable named identities and deterministic projection calculation remain used by independent fixtures/tests. No wholesale helper deletion.
crates/syndic-storage/tests/support/semantic.rs	9193fa54b9905c8c64a3aeeb83b8761a5bf0bfd3	5368	137	test_support	audited	full_bodies	SC-010	All semantic lifecycle/registration/scrub/recovery assertion bodies reviewed; SC-010 shares callback setup while retaining both fresh-home verification paths.
crates/syndic-storage/tests/support/syndic_command_fixture.rs	42e95b3413b444ab870efa60902a3cfdfe675569	2972	99	test_support	audited	full_bodies		All home/drop/command/binding/thread fixture bodies reviewed. Bounded Windows cleanup retry is meaningful; temporary home replacement belongs to PRE-004, no duplicate estimate.
crates/syndic-storage/tests/syndic_range_source.rs	2401f0f8d364abba916551e86b496a54365c3b02	21429	643	test	audited	full_bodies		1-643: Default and fault-gated bodies plus thread_local macro reviewed; root/current/candidate absence and stale/disposed semantics intentionally differ. Remove unused fixture args only with shared candidate support review.
crates/syndic-storage/tests/targeted_reconciliation.rs	2a8b88147ac1135e2358b41b0ca59546ff85f1e7	7340	234	test	audited	full_bodies		Examined 1-234. Descriptor-local old/new/mixed/neither outcomes plus provider observation build/chunk indeterminate stage; exact reconciliation custody and conflict sealing preserved.
crates/syndic-storage/tests/thread_properties.rs	6636cb09ea26403bef69f528d1ee35d442aa4a16	4040	116	test	audited	full_bodies	PRE-004	Examined 1-116 including both test-faults and production cfg bodies. Module mounts plus intrinsic ordinary creation test/execution binding; production manual temporary directory maps only to PRE-004 global cleanup finding.
crates/syndic-storage/tests/thread_properties/archive.rs	a5cb2f1559f5f63d373b38bb9178d21e52aaea2c	8409	241	test	audited	full_bodies		Examined 1-241. Branch job admission and parent-active fixture, atomic terminal job/archive command and success/precommit recovery cases; two-package atomicity and exact archive metadata checks retained.
crates/syndic-storage/tests/thread_properties/catalog_fences.rs	18a31b9382d7e9049496b036bcc9e5d5465d4049	2947	92	test	audited	full_bodies		Examined 1-92. Stale attributes witness and altered history payload fixture fails scrub after valid archive; mutation and independent catalog validation boundary remain distinct.
crates/syndic-storage/tests/thread_properties/core.rs	158dc45addae6c89f65f9a2a12b9f834913395d4	13695	432	test	audited	full_bodies		Examined 1-432. Intrinsic property creation/inheritance, missing/orphan sources, impossible revisions, future catalog witnesses, semantic history provenance and unowned generated title corruption checks; explicit independent records and diagnostics retained.
crates/syndic-storage/tests/thread_properties/title_usage.rs	94c4317c2d8da873a8a10b03520769ae12634948	13874	462	test	audited	full_bodies	PRE-004	Examined 1-462 including both feature configurations. TestHome and helpers plus generated-title historical source and usage binding/route/ordinal acceptance-rejection/reopen tests. Temporary-home implementation maps to PRE-004 only.
crates/syndic-storage/tests/threads_and_drafts.rs	6062de218b4b763099cad16700e6e7097c940a81	8828	288	test	audited	full_bodies	PRE-004	Examined 1-288. TestHome, receipt-aware clean/rejected helpers, atomic ordinary creation/reopen and cancelled/duplicate identity scenarios. Reconciliation installation retained; TestHome maps to PRE-004 only.
crates/syndic-storage/tests/transcript_construction.rs	de8e84583d16aeb9ca7d598d5c4acfdaa287349b	13094	454	test	audited	full_bodies	SX-007	Examined 1-454. All transcript fixture helpers and four module mounts; project/complete-turn setup duplicates transcript fault harness, eligible SX-007 with generation/timestamp policies explicit and scenario paging assertions retained.
crates/syndic-storage/tests/transcript_construction/multi_batch.rs	08a100385a967347e89df507cc310c32ea44bd8f	7083	219	test	audited	full_bodies		Examined 1-219. Root/middle/65-span-tail fixture; interrupt/reopen collecting and publishing checkpoints, unpublished heads, exact order and final history completion checks; each checkpoint is a distinct oracle.
crates/syndic-storage/tests/transcript_construction/operational_snapshot.rs	36c878e1b8ebbd787b1326db423d33aeaddb595b	4545	135	test	audited	full_bodies		Examined 1-135. Operational publication leaves current transcript head/entries identical while path snapshot mirrors advanced source state; identity fields independently retained.
crates/syndic-storage/tests/transcript_construction/pending_tail.rs	6aad959ae5b98083cba78093a69abb2758cef15d	12141	360	test	audited	full_bodies		Examined 1-360. Pending/started/completed/frozen user projection generations retain stable resource/projection identity; intermediate stale heads, premature-finalize rejection, final publication and reopen checks retained.
crates/syndic-storage/tests/transcript_construction/superseded_build.rs	b5bd61a77e6490f19dbfd179d63a578e31c33817	2690	83	test	audited	full_bodies		Examined 1-83. Released completed transcript build/entries persist when selected tail advances to new stale generation and remain complete after reopen.
crates/syndic-storage/tests/transcript_fault_reconciliation.rs	95ee1affeee93a2dac9166678a25f9e4091d05f1	12565	437	test	audited	full_bodies	SX-007	Examined 1-437. Command/setup, publication snapshot and independently constructed expected atomic final state plus exact/either classifier. Setup duplicates transcript_construction (SX-007); expected_published remains independent oracle.
crates/syndic-storage/tests/transcript_fault_reconciliation/cases.rs	e77c1901f22d2885ee2e0211b7307758624417a9	4915	127	test	audited	full_bodies		Examined 1-127. Three final-publication fault cuts with precise commit/health classification, complete old/new snapshot assertion, reopen/scrub and retained-reconciliation close/open fence; no fault scenario or custody assertion removed.
crates/syndic-storage/tests/unit/accepted_next_row_bound.rs	6ca65a4bb83fb7ff28495d98c31fd16abb9d4933	2163	55	test	audited	full_bodies		Examined 1-55. Maximal transition plus promotion leaf encoding row budget inspected against independent codec byte accounting.
